Timestamp,Action,Value
2025-07-12T08:51:49.860434Z,WRITE,101
2025-07-12T08:51:49.866871400Z,READ,101
2025-07-12T08:51:50.418822600Z,READ,101
2025-07-12T08:51:50.557818400Z,READ,101
2025-07-12T08:51:54.790151Z,WRITE,102
2025-07-12T08:51:54.790151Z,READ,102
2025-07-12T08:51:59.782711300Z,WRITE,103
2025-07-12T08:51:59.782711300Z,READ,103
2025-07-12T08:52:04.782660700Z,WRITE,104
2025-07-12T08:52:04.783671900Z,READ,104
2025-07-12T08:52:09.783416200Z,WRITE,105
2025-07-12T08:52:09.783656Z,READ,105
2025-07-12T08:52:14.783452100Z,WRITE,106
2025-07-12T08:52:14.783452100Z,READ,106
2025-07-12T08:52:19.784293600Z,WRITE,107
2025-07-12T08:52:19.784293600Z,READ,107
2025-07-12T08:52:24.781972Z,WRITE,108
2025-07-12T08:52:24.781972Z,READ,108
2025-07-12T08:52:29.782967900Z,WRITE,109
2025-07-12T08:52:29.782967900Z,READ,109
2025-07-12T08:52:34.783113500Z,READ,110
2025-07-12T08:52:34.783113500Z,WRITE,110
2025-07-12T08:52:39.782933300Z,READ,111
2025-07-12T08:52:39.782933300Z,WRITE,111
2025-07-12T08:52:44.783331200Z,WRITE,112
2025-07-12T08:52:44.784343600Z,READ,112
2025-07-12T08:52:49.781655700Z,WRITE,113
2025-07-12T08:52:49.781655700Z,READ,113
2025-07-12T08:52:50.559390300Z,READ,113
2025-07-12T08:52:50.590687200Z,READ,113
2025-07-12T08:52:51.054919900Z,READ,0
2025-07-12T08:52:52.008361900Z,READ,0
2025-07-12T08:52:53.002878400Z,READ,0
2025-07-12T08:52:54.006420700Z,READ,0
2025-07-12T08:52:54.788013600Z,WRITE,114
2025-07-12T08:52:54.788013600Z,READ,114
2025-07-12T08:52:55.005498300Z,READ,114
2025-07-12T08:52:56.011101600Z,READ,114
2025-07-12T08:52:57.003568800Z,READ,114
2025-07-12T08:52:58.005715600Z,READ,114
2025-07-12T08:52:59.002735Z,READ,114
2025-07-12T08:52:59.783403200Z,WRITE,115
2025-07-12T08:52:59.783403200Z,READ,115
2025-07-12T08:53:00.015777300Z,READ,115
2025-07-12T08:53:01.004546800Z,READ,115
2025-07-12T08:53:02.004969900Z,READ,115
2025-07-12T08:53:03.006520400Z,READ,115
2025-07-12T08:53:04.010701800Z,READ,115
2025-07-12T08:53:04.780124100Z,READ,116
2025-07-12T08:53:04.780124100Z,WRITE,116
2025-07-12T08:53:05.005240300Z,READ,116
2025-07-12T08:53:06.002442700Z,READ,116
2025-07-12T08:53:07.003350800Z,READ,116
2025-07-12T08:53:08.011231400Z,READ,116
2025-07-12T08:53:09.004379300Z,READ,116
2025-07-12T08:53:09.782488500Z,WRITE,117
2025-07-12T08:53:09.783295300Z,READ,117
2025-07-12T08:53:10.007315700Z,READ,117
2025-07-12T08:53:11.004790300Z,READ,117
2025-07-12T08:53:12.011108600Z,READ,117
2025-07-12T08:53:13.008025300Z,READ,117
2025-07-12T08:53:14.006228500Z,READ,117
2025-07-12T08:53:14.783291100Z,WRITE,118
2025-07-12T08:53:14.784298Z,READ,118
2025-07-12T08:53:15.006450300Z,READ,118
2025-07-12T08:53:16.010728800Z,READ,118
2025-07-12T08:53:17.006712700Z,READ,118
2025-07-12T08:53:18.005596100Z,READ,118
2025-07-12T08:53:19.004796200Z,READ,118
Timestamp,Action,Value
2025-07-12T09:33:28.438123400Z,WRITE,101
2025-07-12T09:33:28.461121600Z,READ,101
2025-07-12T09:33:28.709118Z,READ,101
2025-07-12T09:33:28.744116100Z,READ,101
2025-07-12T09:33:29.021137800Z,READ,118
2025-07-12T09:33:30.004971Z,READ,118
2025-07-12T09:33:31.005258400Z,READ,118
2025-07-12T09:33:32.029393900Z,READ,118
2025-07-12T09:33:33.006492800Z,READ,118
2025-07-12T09:33:33.428083400Z,READ,102
2025-07-12T09:33:33.428083400Z,WRITE,102
2025-07-12T09:33:34.005056700Z,READ,102
2025-07-12T09:33:35.005662900Z,READ,102
2025-07-12T09:33:36.013659900Z,READ,102
2025-07-12T09:33:37.006963Z,READ,102
2025-07-12T09:33:38.008420200Z,READ,102
2025-07-12T09:33:38.433011500Z,READ,103
2025-07-12T09:33:38.433011500Z,WRITE,103
2025-07-12T09:33:39.011627200Z,READ,103
2025-07-12T09:33:40.005893200Z,READ,103
2025-07-12T09:33:41.002891900Z,READ,103
2025-07-12T09:33:42.006274200Z,READ,103
2025-07-12T09:33:43.007500300Z,READ,103
2025-07-12T09:33:43.434982Z,WRITE,104
2025-07-12T09:33:43.436179700Z,READ,104
2025-07-12T09:33:44.010343Z,READ,104
2025-07-12T09:33:45.005080900Z,READ,104
2025-07-12T09:33:46.006089800Z,READ,104
2025-07-12T09:33:47.007079900Z,READ,104
Timestamp,Action,Value
2025-07-12T09:34:33.898789200Z,READ,101
2025-07-12T09:34:33.898789200Z,WRITE,101
2025-07-12T09:34:34.010689400Z,READ,101
2025-07-12T09:34:34.031687300Z,READ,101
2025-07-12T09:34:35.039811800Z,READ,104
2025-07-12T09:34:36.026199300Z,READ,104
2025-07-12T09:34:37.005918500Z,READ,104
2025-07-12T09:34:38.005278600Z,READ,104
2025-07-12T09:34:38.901347200Z,WRITE,102
2025-07-12T09:34:38.903713800Z,READ,102
2025-07-12T09:34:39.006544400Z,READ,102
2025-07-12T09:34:40.011832600Z,READ,102
2025-07-12T09:34:41.007770Z,READ,102
2025-07-12T09:34:42.005862200Z,READ,102
2025-07-12T09:34:43.007896200Z,READ,102
2025-07-12T09:34:43.901586400Z,READ,103
2025-07-12T09:34:43.901586400Z,WRITE,103
2025-07-12T09:34:44.013552800Z,READ,103
2025-07-12T09:34:45.006226300Z,READ,103
2025-07-12T09:34:46.006132Z,READ,103
2025-07-12T09:34:47.006395800Z,READ,103
2025-07-12T09:34:48.012651400Z,READ,103
Timestamp,Action,Value
2025-07-12T09:35:31.790131800Z,WRITE,101
2025-07-12T09:35:31.794195100Z,READ,101
2025-07-12T09:35:31.884166200Z,READ,101
2025-07-12T09:35:31.905149300Z,READ,101
2025-07-12T09:35:32.030520200Z,READ,103
2025-07-12T09:35:33.006389200Z,READ,103
2025-07-12T09:35:34.006036300Z,READ,103
2025-07-12T09:35:35.005573600Z,READ,103
2025-07-12T09:35:36.015287100Z,READ,103
2025-07-12T09:35:36.784704700Z,WRITE,102
2025-07-12T09:35:36.785599600Z,READ,102
2025-07-12T09:35:37.007850500Z,READ,102
2025-07-12T09:35:38.005967500Z,READ,102
2025-07-12T09:35:39.006610800Z,READ,102
2025-07-12T09:35:40.012444300Z,READ,102
2025-07-12T09:35:41.007705Z,READ,102
2025-07-12T09:35:41.783600500Z,READ,103
2025-07-12T09:35:41.783600500Z,WRITE,103
2025-07-12T09:35:42.022053700Z,READ,103
2025-07-12T09:35:43.005380800Z,READ,103
2025-07-12T09:35:44.012864900Z,READ,103
2025-07-12T09:35:45.009168600Z,READ,103
2025-07-12T09:35:46.006387700Z,READ,103
2025-07-12T09:35:46.785294700Z,WRITE,104
2025-07-12T09:35:46.785294700Z,READ,104
2025-07-12T09:35:47.006596600Z,READ,104
2025-07-12T09:35:48.007620800Z,READ,104
2025-07-12T09:35:49.005944600Z,READ,104
2025-07-12T09:35:50.006480400Z,READ,104
2025-07-12T09:35:51.006964200Z,READ,104
Timestamp,Action,Value
2025-07-14T07:06:53.605283600Z,WRITE,101
2025-07-14T07:06:53.609283Z,READ,101
2025-07-14T07:06:53.727285800Z,READ,101
2025-07-14T07:06:53.820284600Z,READ,101
2025-07-14T07:06:54.055287600Z,READ,0
2025-07-14T07:06:55.003285Z,READ,0
2025-07-14T07:06:56.026287200Z,READ,0
2025-07-14T07:06:57.005282700Z,READ,0
2025-07-14T07:06:58.004282600Z,READ,0
2025-07-14T07:06:58.620298900Z,READ,102
2025-07-14T07:06:58.621293600Z,WRITE,102
2025-07-14T07:06:59.002308900Z,READ,102
2025-07-14T07:07:00.012291800Z,READ,102
2025-07-14T07:07:01.006316100Z,READ,102
2025-07-14T07:07:02.002292300Z,READ,102
2025-07-14T07:07:03.006695300Z,READ,102
2025-07-14T07:07:03.602068300Z,WRITE,103
2025-07-14T07:07:03.603044400Z,READ,103
2025-07-14T07:07:04.014047200Z,READ,103
2025-07-14T07:07:05.097043200Z,READ,103
2025-07-14T07:07:06.005043500Z,READ,103
2025-07-14T07:07:07.003047300Z,READ,103
2025-07-14T07:07:08.006042700Z,READ,103
2025-07-14T07:07:08.601407400Z,READ,104
2025-07-14T07:07:08.601407400Z,WRITE,104
2025-07-14T07:07:09.012977100Z,READ,104
2025-07-14T07:07:10.403838700Z,READ,104
2025-07-14T07:07:11.002837100Z,READ,104
2025-07-14T07:07:12.005836700Z,READ,104
2025-07-14T07:07:13.007548600Z,READ,104
2025-07-14T07:07:13.607402700Z,READ,105
2025-07-14T07:07:13.609404800Z,WRITE,105
2025-07-14T07:07:14.003394900Z,READ,105
2025-07-14T07:07:15.003433300Z,READ,105
2025-07-14T07:07:16.027761800Z,READ,105
2025-07-14T07:07:17.001799700Z,READ,105
2025-07-14T07:07:18.005145200Z,READ,105
2025-07-14T07:07:18.601618400Z,WRITE,106
2025-07-14T07:07:18.601618400Z,READ,106
2025-07-14T07:07:19.015282Z,READ,106
2025-07-14T07:07:20.010090600Z,READ,106
2025-07-14T07:07:21.005895200Z,READ,106
2025-07-14T07:07:22.284710400Z,READ,106
2025-07-14T07:07:22.287712600Z,READ,106
2025-07-14T07:07:23.600652700Z,WRITE,107
2025-07-14T07:07:23.600652700Z,READ,107
2025-07-14T07:07:28.601612500Z,READ,108
2025-07-14T07:07:28.601612500Z,WRITE,108
2025-07-14T07:07:33.603502200Z,WRITE,109
2025-07-14T07:07:33.604489800Z,READ,109
Timestamp,Action,Value
2025-07-14T07:38:41.383289200Z,WRITE,101
2025-07-14T07:38:41.385287200Z,READ,101
2025-07-14T07:38:41.645288300Z,READ,101
2025-07-14T07:38:41.686293700Z,READ,101
2025-07-14T07:38:42.011988900Z,READ,0
2025-07-14T07:38:43.003003500Z,READ,0
2025-07-14T07:38:44.009942Z,READ,0
2025-07-14T07:38:45.003686500Z,READ,0
2025-07-14T07:38:46.004514Z,READ,0
2025-07-14T07:38:46.375651300Z,WRITE,102
2025-07-14T07:38:46.376703500Z,READ,102
2025-07-14T07:38:47.002873Z,READ,102
2025-07-14T07:38:48.004550400Z,READ,102
2025-07-14T07:38:49.004627400Z,READ,102
2025-07-14T07:38:50.003926100Z,READ,102
2025-07-14T07:38:51.002776300Z,READ,102
2025-07-14T07:38:51.371415600Z,WRITE,103
2025-07-14T07:38:51.371415600Z,READ,103
2025-07-14T07:38:52.004012100Z,READ,103
2025-07-14T07:38:53.005401200Z,READ,103
2025-07-14T07:38:54.111086800Z,READ,103
2025-07-14T07:38:55.370697700Z,READ,103
2025-07-14T07:38:55.379693500Z,READ,103
2025-07-14T07:38:56.370654400Z,WRITE,104
2025-07-14T07:38:56.371700900Z,READ,104
2025-07-14T07:39:01.393296900Z,WRITE,105
2025-07-14T07:39:01.393296900Z,READ,105
2025-07-14T07:39:06.612344200Z,WRITE,106
2025-07-14T07:39:06.612344200Z,READ,106
2025-07-14T07:39:11.369441Z,READ,107
2025-07-14T07:39:11.369441Z,WRITE,107
2025-07-14T07:39:16.371237500Z,WRITE,108
2025-07-14T07:39:16.371237500Z,READ,108
2025-07-14T07:39:21.370850500Z,READ,109
2025-07-14T07:39:21.370850500Z,WRITE,109
2025-07-14T07:39:26.388107500Z,WRITE,110
2025-07-14T07:39:26.391107900Z,READ,110
2025-07-14T07:39:31.372512600Z,WRITE,111
2025-07-14T07:39:31.372512600Z,READ,111
2025-07-14T07:39:36.370971800Z,WRITE,112
2025-07-14T07:39:36.370971800Z,READ,112
2025-07-14T07:39:41.377803600Z,WRITE,113
2025-07-14T07:39:41.377803600Z,READ,113
2025-07-14T07:39:46.373707400Z,WRITE,114
2025-07-14T07:39:46.373707400Z,READ,114
2025-07-14T07:39:51.370322900Z,WRITE,115
2025-07-14T07:39:51.371320700Z,READ,115
2025-07-14T07:39:55.378677900Z,READ,115
2025-07-14T07:39:55.381625900Z,READ,115
2025-07-14T07:39:56.022109800Z,READ,0
2025-07-14T07:39:56.374109500Z,READ,116
2025-07-14T07:39:56.374109500Z,WRITE,116
2025-07-14T07:39:57.002055400Z,READ,116
2025-07-14T07:39:58.002738300Z,READ,116
2025-07-14T07:39:59.008278100Z,READ,116
2025-07-14T07:40:00.007945500Z,READ,116
2025-07-14T07:40:01.003946700Z,READ,116
2025-07-14T07:40:01.392983300Z,READ,117
2025-07-14T07:40:01.393949400Z,WRITE,117
2025-07-14T07:40:02.016949700Z,READ,117
2025-07-14T07:40:03.005072700Z,READ,117
2025-07-14T07:40:04.004318100Z,READ,117
2025-07-14T07:40:05.005386800Z,READ,117
2025-07-14T07:40:06.002829Z,READ,117
2025-07-14T07:40:06.371833400Z,READ,118
2025-07-14T07:40:06.371833400Z,WRITE,118
2025-07-14T07:40:07.007628400Z,READ,118
2025-07-14T07:40:08.003792Z,READ,118
2025-07-14T07:40:09.002137400Z,READ,118
2025-07-14T07:40:10.002412700Z,READ,118
2025-07-14T07:40:11.003584900Z,READ,118
2025-07-14T07:40:11.371673700Z,READ,119
2025-07-14T07:40:11.371673700Z,WRITE,119
2025-07-14T07:40:12.015916600Z,READ,119
2025-07-14T07:40:13.002232200Z,READ,119
2025-07-14T07:40:14.001558600Z,READ,119
2025-07-14T07:40:15.006477200Z,READ,119
2025-07-14T07:40:16.004315600Z,READ,119
2025-07-14T07:40:16.369734300Z,WRITE,120
2025-07-14T07:40:16.369734300Z,READ,120
2025-07-14T07:40:17.003767500Z,READ,120
2025-07-14T07:40:18.003614400Z,READ,120
2025-07-14T07:40:19.003748500Z,READ,120
2025-07-14T07:40:20.003560900Z,READ,120
2025-07-14T07:40:21.004960800Z,READ,120
2025-07-14T07:40:21.371624500Z,READ,121
2025-07-14T07:40:21.371624500Z,WRITE,121
2025-07-14T07:40:22.015267400Z,READ,121
2025-07-14T07:40:23.001414Z,READ,121
2025-07-14T07:40:24.004678500Z,READ,121
2025-07-14T07:40:25.042407500Z,READ,121
2025-07-14T07:40:26.003649900Z,READ,121
2025-07-14T07:40:26.729915200Z,READ,122
2025-07-14T07:40:26.729915200Z,WRITE,122
2025-07-14T07:40:26.730916500Z,READ,122
2025-07-14T07:40:26.744917600Z,READ,122
Timestamp,Action,Value
2025-07-24T05:18:48.249269300Z,WRITE,101
2025-07-24T05:18:48.249522100Z,READ,101
2025-07-24T05:18:48.349268900Z,READ,101
2025-07-24T05:18:48.374265500Z,READ,101
2025-07-24T05:18:49.042367600Z,READ,0
2025-07-24T05:18:50.005688200Z,READ,0
2025-07-24T05:18:51.005589900Z,READ,0
2025-07-24T05:18:52.034954200Z,READ,0
2025-07-24T05:18:53.004020500Z,READ,0
2025-07-24T05:18:53.246588200Z,WRITE,102
2025-07-24T05:18:53.246588200Z,READ,102
2025-07-24T05:18:54.006154200Z,READ,102
2025-07-24T05:18:55.007296300Z,READ,102
2025-07-24T05:18:56.016610700Z,READ,102
2025-07-24T05:18:57.004984400Z,READ,102
2025-07-24T05:18:58.006009800Z,READ,102
2025-07-24T05:18:58.250611800Z,WRITE,103
2025-07-24T05:18:58.250611800Z,READ,103
2025-07-24T05:18:59.005823400Z,READ,103
2025-07-24T05:19:00.017310900Z,READ,103
2025-07-24T05:19:01.006764100Z,READ,103
2025-07-24T05:19:02.006152Z,READ,103
2025-07-24T05:19:03.007574800Z,READ,103
2025-07-24T05:19:03.253435500Z,READ,104
2025-07-24T05:19:03.253435500Z,WRITE,104
2025-07-24T05:19:04.012341200Z,READ,104
2025-07-24T05:19:05.005594100Z,READ,104
2025-07-24T05:19:06.006877700Z,READ,104
2025-07-24T05:19:07.007283100Z,READ,104
2025-07-24T05:19:08.010716100Z,READ,104
2025-07-24T05:19:08.252076300Z,READ,105
2025-07-24T05:19:08.253146Z,WRITE,105
2025-07-24T05:19:09.009662800Z,READ,105
2025-07-24T05:19:10.005653900Z,READ,105
2025-07-24T05:19:11.039650400Z,READ,105
2025-07-24T05:19:12.009652300Z,READ,105
2025-07-24T05:19:13.003653Z,READ,105
2025-07-24T05:19:13.247664500Z,READ,106
2025-07-24T05:19:13.247664500Z,WRITE,106
2025-07-24T05:19:14.006720100Z,READ,106
2025-07-24T05:19:15.033074600Z,READ,106
2025-07-24T05:19:16.011769900Z,READ,106
2025-07-24T05:19:17.005777900Z,READ,106
2025-07-24T05:19:18.007177900Z,READ,106
2025-07-24T05:19:18.251870600Z,WRITE,107
2025-07-24T05:19:18.251870600Z,READ,107
2025-07-24T05:19:19.005008100Z,READ,107
2025-07-24T05:19:20.011818Z,READ,107
2025-07-24T05:19:21.008187Z,READ,107
2025-07-24T05:19:22.005949Z,READ,107
2025-07-24T05:19:23.006280Z,READ,107
2025-07-24T05:19:23.253128400Z,WRITE,108
2025-07-24T05:19:23.253128400Z,READ,108
2025-07-24T05:19:24.011559300Z,READ,108
2025-07-24T05:19:25.004547100Z,READ,108
2025-07-24T05:19:26.005854800Z,READ,108
2025-07-24T05:19:27.006853100Z,READ,108
2025-07-24T05:19:28.011595600Z,READ,108
2025-07-24T05:19:28.250161500Z,READ,109
2025-07-24T05:19:28.250161500Z,WRITE,109
2025-07-24T05:19:29.005867900Z,READ,109
2025-07-24T05:19:30.006726300Z,READ,109
2025-07-24T05:19:31.006949200Z,READ,109
2025-07-24T05:19:32.011928200Z,READ,109
2025-07-24T05:19:33.007237600Z,READ,109
2025-07-24T05:19:33.251087400Z,WRITE,110
2025-07-24T05:19:33.251087400Z,READ,110
2025-07-24T05:19:34.004590700Z,READ,110
2025-07-24T05:19:35.005370100Z,READ,110
2025-07-24T05:19:36.012327700Z,READ,110
2025-07-24T05:19:37.007338500Z,READ,110
2025-07-24T05:19:38.006184800Z,READ,110
2025-07-24T05:19:38.251653400Z,READ,111
2025-07-24T05:19:38.251653400Z,WRITE,111
2025-07-24T05:19:39.006387600Z,READ,111
2025-07-24T05:19:40.008609900Z,READ,111
2025-07-24T05:19:41.008331800Z,READ,111
2025-07-24T05:19:42.006444900Z,READ,111
2025-07-24T05:19:43.007437400Z,READ,111
2025-07-24T05:19:43.247946Z,READ,112
2025-07-24T05:19:43.247946Z,WRITE,112
2025-07-24T05:19:44.013334900Z,READ,112
2025-07-24T05:19:45.004418400Z,READ,112
2025-07-24T05:19:46.006660200Z,READ,112
2025-07-24T05:19:47.006497900Z,READ,112
2025-07-24T05:19:48.011641600Z,READ,112
2025-07-24T05:19:48.250031400Z,WRITE,113
2025-07-24T05:19:48.252038800Z,READ,113
2025-07-24T05:19:49.005742600Z,READ,113
2025-07-24T05:19:50.006965700Z,READ,113
2025-07-24T05:19:51.009987100Z,READ,113
2025-07-24T05:19:52.011850800Z,READ,113
2025-07-24T05:19:53.007700900Z,READ,113
2025-07-24T05:19:53.252201600Z,WRITE,114
2025-07-24T05:19:53.252201600Z,READ,114
2025-07-24T05:19:54.003663Z,READ,114
2025-07-24T05:19:55.003891700Z,READ,114
2025-07-24T05:19:56.010386900Z,READ,114
2025-07-24T05:19:57.006549200Z,READ,114
2025-07-24T05:19:58.006517400Z,READ,114
2025-07-24T05:19:58.249914800Z,READ,115
2025-07-24T05:19:58.249914800Z,WRITE,115
2025-07-24T05:19:59.006304900Z,READ,115
2025-07-24T05:20:00.013305700Z,READ,115
2025-07-24T05:20:01.005062600Z,READ,115
2025-07-24T05:20:02.006917600Z,READ,115
2025-07-24T05:20:03.008048600Z,READ,115
2025-07-24T05:20:03.251060800Z,WRITE,116
2025-07-24T05:20:03.251060800Z,READ,116
2025-07-24T05:20:04.000773700Z,READ,116
2025-07-24T05:20:05.021330Z,READ,116
2025-07-24T05:20:06.006719600Z,READ,116
2025-07-24T05:20:07.006579300Z,READ,116
2025-07-24T05:20:08.013291500Z,READ,116
2025-07-24T05:20:08.250469Z,READ,117
2025-07-24T05:20:08.251439600Z,WRITE,117
2025-07-24T05:20:09.006050100Z,READ,117
2025-07-24T05:20:10.003996800Z,READ,117
2025-07-24T05:20:11.004394800Z,READ,117
2025-07-24T05:20:12.011558400Z,READ,117
2025-07-24T05:20:13.005814700Z,READ,117
2025-07-24T05:20:13.250914600Z,READ,118
2025-07-24T05:20:13.251918100Z,WRITE,118
2025-07-24T05:20:14.005522200Z,READ,118
2025-07-24T05:20:15.005917800Z,READ,118
2025-07-24T05:20:16.011737700Z,READ,118
2025-07-24T05:20:17.010191200Z,READ,118
2025-07-24T05:20:18.003093900Z,READ,118
2025-07-24T05:20:18.251678500Z,READ,119
2025-07-24T05:20:18.251678500Z,WRITE,119
2025-07-24T05:20:19.007087600Z,READ,119
2025-07-24T05:20:20.012004800Z,READ,119
2025-07-24T05:20:21.006634600Z,READ,119
2025-07-24T05:20:22.104723500Z,READ,119
2025-07-24T05:20:23.006721200Z,READ,119
2025-07-24T05:20:23.251292300Z,WRITE,120
2025-07-24T05:20:23.251642100Z,READ,120
2025-07-24T05:20:24.010273100Z,READ,120
2025-07-24T05:20:25.006257400Z,READ,120
2025-07-24T05:20:26.009197200Z,READ,120
2025-07-24T05:20:27.006422800Z,READ,120
2025-07-24T05:20:28.011755500Z,READ,120
2025-07-24T05:20:28.251194100Z,WRITE,121
2025-07-24T05:20:28.252315500Z,READ,121
2025-07-24T05:20:29.004869900Z,READ,121
2025-07-24T05:20:30.006860200Z,READ,121
2025-07-24T05:20:31.005229400Z,READ,121
2025-07-24T05:20:32.018058900Z,READ,121
2025-07-24T05:20:33.005449600Z,READ,121
2025-07-24T05:20:33.476211500Z,WRITE,122
2025-07-24T05:20:33.476211500Z,READ,122
2025-07-24T05:20:34.006088300Z,READ,122
2025-07-24T05:20:35.006683800Z,READ,122
2025-07-24T05:20:36.011793600Z,READ,122
2025-07-24T05:20:37.006313900Z,READ,122
2025-07-24T05:20:38.004595400Z,READ,122
2025-07-24T05:20:38.251229900Z,WRITE,123
2025-07-24T05:20:38.251229900Z,READ,123
2025-07-24T05:20:39.004239200Z,READ,123
2025-07-24T05:20:40.011908700Z,READ,123
2025-07-24T05:20:41.006309500Z,READ,123
2025-07-24T05:20:42.007460Z,READ,123
2025-07-24T05:20:43.007543700Z,READ,123
2025-07-24T05:20:43.250830600Z,WRITE,124
2025-07-24T05:20:43.251829300Z,READ,124
2025-07-24T05:20:44.005924100Z,READ,124
2025-07-24T05:20:45.007533700Z,READ,124
2025-07-24T05:20:46.005740100Z,READ,124
2025-07-24T05:20:47.007144200Z,READ,124
2025-07-24T05:20:48.012565800Z,READ,124
2025-07-24T05:20:48.251365600Z,WRITE,125
2025-07-24T05:20:48.251365600Z,READ,125
2025-07-24T05:20:49.005807400Z,READ,125
2025-07-24T05:20:50.006329Z,READ,125
2025-07-24T05:20:51.004757100Z,READ,125
2025-07-24T05:20:52.012025400Z,READ,125
2025-07-24T05:20:53.006703400Z,READ,125
2025-07-24T05:20:53.252051800Z,WRITE,126
2025-07-24T05:20:53.251049600Z,READ,126
2025-07-24T05:20:54.004709900Z,READ,126
2025-07-24T05:20:55.005971300Z,READ,126
2025-07-24T05:20:56.013350300Z,READ,126
2025-07-24T05:20:57.006767500Z,READ,126
2025-07-24T05:20:58.005336200Z,READ,126
2025-07-24T05:20:58.250879800Z,WRITE,127
2025-07-24T05:20:58.250879800Z,READ,127
2025-07-24T05:20:59.003824900Z,READ,127
2025-07-24T05:21:00.019073200Z,READ,127
2025-07-24T05:21:01.005673900Z,READ,127
2025-07-24T05:21:02.005940Z,READ,127
2025-07-24T05:21:03.006113400Z,READ,127
2025-07-24T05:21:03.251144100Z,READ,128
2025-07-24T05:21:03.251144100Z,WRITE,128
2025-07-24T05:21:04.009658600Z,READ,128
2025-07-24T05:21:05.006482Z,READ,128
2025-07-24T05:21:06.005479700Z,READ,128
2025-07-24T05:21:07.006603300Z,READ,128
2025-07-24T05:21:08.009790Z,READ,128
2025-07-24T05:21:08.249320600Z,READ,129
2025-07-24T05:21:08.250824900Z,WRITE,129
2025-07-24T05:21:09.005763200Z,READ,129
2025-07-24T05:21:10.006106200Z,READ,129
2025-07-24T05:21:11.005963Z,READ,129
2025-07-24T05:21:12.011120600Z,READ,129
2025-07-24T05:21:13.007741200Z,READ,129
2025-07-24T05:21:13.251226500Z,WRITE,130
2025-07-24T05:21:13.251226500Z,READ,130
2025-07-24T05:21:14.004481300Z,READ,130
2025-07-24T05:21:15.006348600Z,READ,130
2025-07-24T05:21:16.011817100Z,READ,130
2025-07-24T05:21:17.005083400Z,READ,130
2025-07-24T05:21:18.005181300Z,READ,130
2025-07-24T05:21:18.250974800Z,WRITE,131
2025-07-24T05:21:18.251436700Z,READ,131
2025-07-24T05:21:19.005229100Z,READ,131
2025-07-24T05:21:20.010710500Z,READ,131
2025-07-24T05:21:21.006292900Z,READ,131
2025-07-24T05:21:22.005610200Z,READ,131
2025-07-24T05:21:23.007814800Z,READ,131
2025-07-24T05:21:23.246565Z,READ,132
2025-07-24T05:21:23.246565Z,WRITE,132
2025-07-24T05:21:24.010005800Z,READ,132
2025-07-24T05:21:25.006490Z,READ,132
2025-07-24T05:21:26.005970500Z,READ,132
2025-07-24T05:21:27.006360900Z,READ,132
2025-07-24T05:21:28.009728900Z,READ,132
2025-07-24T05:21:28.250795100Z,WRITE,133
2025-07-24T05:21:28.250795100Z,READ,133
2025-07-24T05:21:29.003462800Z,READ,133
2025-07-24T05:21:30.005172200Z,READ,133
2025-07-24T05:21:31.004539900Z,READ,133
2025-07-24T05:21:32.010613800Z,READ,133
2025-07-24T05:21:33.005298600Z,READ,133
2025-07-24T05:21:33.251798300Z,WRITE,134
2025-07-24T05:21:33.251798300Z,READ,134
2025-07-24T05:21:34.003395700Z,READ,134
2025-07-24T05:21:35.005946200Z,READ,134
2025-07-24T05:21:36.012085500Z,READ,134
2025-07-24T05:21:37.005673400Z,READ,134
2025-07-24T05:21:38.006599600Z,READ,134
2025-07-24T05:21:38.251938Z,WRITE,135
2025-07-24T05:21:38.251938Z,READ,135
2025-07-24T05:21:39.006022800Z,READ,135
2025-07-24T05:21:40.010806800Z,READ,135
2025-07-24T05:21:41.005571800Z,READ,135
2025-07-24T05:21:42.006677200Z,READ,135
2025-07-24T05:21:43.005365100Z,READ,135
2025-07-24T05:21:43.252291Z,WRITE,136
2025-07-24T05:21:43.252787400Z,READ,136
2025-07-24T05:21:44.016440600Z,READ,136
2025-07-24T05:21:45.005652800Z,READ,136
2025-07-24T05:21:46.004761400Z,READ,136
2025-07-24T05:21:47.005871100Z,READ,136
2025-07-24T05:21:48.010247300Z,READ,136
2025-07-24T05:21:48.251107Z,WRITE,137
2025-07-24T05:21:48.252306700Z,READ,137
2025-07-24T05:21:49.006054Z,READ,137
2025-07-24T05:21:50.004846700Z,READ,137
2025-07-24T05:21:51.007653700Z,READ,137
2025-07-24T05:21:52.011933500Z,READ,137
2025-07-24T05:21:53.006280800Z,READ,137
2025-07-24T05:21:53.249952800Z,READ,138
2025-07-24T05:21:53.249952800Z,WRITE,138
2025-07-24T05:21:54.006449200Z,READ,138
2025-07-24T05:21:55.006207900Z,READ,138
2025-07-24T05:21:56.010553500Z,READ,138
2025-07-24T05:21:57.005629500Z,READ,138
2025-07-24T05:21:58.004962100Z,READ,138
2025-07-24T05:21:58.249977900Z,WRITE,139
2025-07-24T05:21:58.249977900Z,READ,139
2025-07-24T05:21:59.008779600Z,READ,139
2025-07-24T05:22:00.010974900Z,READ,139
2025-07-24T05:22:01.005508300Z,READ,139
2025-07-24T05:22:02.006374600Z,READ,139
2025-07-24T05:22:03.008032500Z,READ,139
2025-07-24T05:22:03.248243500Z,WRITE,140
2025-07-24T05:22:03.248243500Z,READ,140
2025-07-24T05:22:04.008626100Z,READ,140
2025-07-24T05:22:05.005499600Z,READ,140
2025-07-24T05:22:06.008236700Z,READ,140
2025-07-24T05:22:07.005226100Z,READ,140
2025-07-24T05:22:08.009769200Z,READ,140
2025-07-24T05:22:08.249109400Z,WRITE,141
2025-07-24T05:22:08.250107200Z,READ,141
2025-07-24T05:22:09.004527700Z,READ,141
2025-07-24T05:22:10.004848500Z,READ,141
2025-07-24T05:22:11.006287Z,READ,141
2025-07-24T05:22:12.010661300Z,READ,141
2025-07-24T05:22:13.005474100Z,READ,141
2025-07-24T05:22:13.249894Z,READ,142
2025-07-24T05:22:13.249894Z,WRITE,142
2025-07-24T05:22:14.004935700Z,READ,142
2025-07-24T05:22:15.007430700Z,READ,142
2025-07-24T05:22:16.013371700Z,READ,142
2025-07-24T05:22:17.005668100Z,READ,142
2025-07-24T05:22:18.006294200Z,READ,142
2025-07-24T05:22:18.250320600Z,READ,143
2025-07-24T05:22:18.250320600Z,WRITE,143
2025-07-24T05:22:19.006941200Z,READ,143
2025-07-24T05:22:20.010385200Z,READ,143
2025-07-24T05:22:21.006648200Z,READ,143
2025-07-24T05:22:22.008413500Z,READ,143
2025-07-24T05:22:23.005900100Z,READ,143
2025-07-24T05:22:23.252081900Z,WRITE,144
2025-07-24T05:22:23.252081900Z,READ,144
2025-07-24T05:22:24.009545900Z,READ,144
2025-07-24T05:22:25.007342Z,READ,144
2025-07-24T05:22:26.005720100Z,READ,144
2025-07-24T05:22:27.005227300Z,READ,144
2025-07-24T05:22:28.005398800Z,READ,144
2025-07-24T05:22:28.249102300Z,WRITE,145
2025-07-24T05:22:28.250648500Z,READ,145
2025-07-24T05:22:29.002393900Z,READ,145
2025-07-24T05:22:30.004997600Z,READ,145
2025-07-24T05:22:31.005944100Z,READ,145
2025-07-24T05:22:32.011809500Z,READ,145
2025-07-24T05:22:33.007252900Z,READ,145
2025-07-24T05:22:33.249896600Z,WRITE,146
2025-07-24T05:22:33.249896600Z,READ,146
2025-07-24T05:22:34.006087800Z,READ,146
2025-07-24T05:22:35.005428500Z,READ,146
2025-07-24T05:22:36.009548100Z,READ,146
2025-07-24T05:22:37.006048800Z,READ,146
2025-07-24T05:22:38.006267400Z,READ,146
2025-07-24T05:22:38.250005600Z,READ,147
2025-07-24T05:22:38.252089500Z,WRITE,147
2025-07-24T05:22:39.005372600Z,READ,147
2025-07-24T05:22:40.009603100Z,READ,147
2025-07-24T05:22:41.005680200Z,READ,147
2025-07-24T05:22:42.006894700Z,READ,147
2025-07-24T05:22:43.006252900Z,READ,147
2025-07-24T05:22:43.250746Z,WRITE,148
2025-07-24T05:22:43.250746Z,READ,148
2025-07-24T05:22:44.009450900Z,READ,148
2025-07-24T05:22:45.004643600Z,READ,148
2025-07-24T05:22:46.004997800Z,READ,148
2025-07-24T05:22:47.006860400Z,READ,148
2025-07-24T05:22:48.010787100Z,READ,148
2025-07-24T05:22:48.251510200Z,READ,149
2025-07-24T05:22:48.251510200Z,WRITE,149
2025-07-24T05:22:49.004967300Z,READ,149
2025-07-24T05:22:50.006319900Z,READ,149
2025-07-24T05:22:51.004707500Z,READ,149
2025-07-24T05:22:52.011165600Z,READ,149
2025-07-24T05:22:53.005548Z,READ,149
2025-07-24T05:22:53.250760700Z,WRITE,150
2025-07-24T05:22:53.250760700Z,READ,150
2025-07-24T05:22:54.005207Z,READ,150
2025-07-24T05:22:55.005616100Z,READ,150
2025-07-24T05:22:56.009813700Z,READ,150
2025-07-24T05:22:57.005400Z,READ,150
2025-07-24T05:22:58.005963900Z,READ,150
2025-07-24T05:22:58.249926600Z,WRITE,151
2025-07-24T05:22:58.249926600Z,READ,151
2025-07-24T05:22:59.005521500Z,READ,151
2025-07-24T05:23:00.012371Z,READ,151
2025-07-24T05:23:01.005721700Z,READ,151
2025-07-24T05:23:02.006438Z,READ,151
2025-07-24T05:23:03.006272700Z,READ,151
2025-07-24T05:23:03.249988400Z,READ,152
2025-07-24T05:23:03.251160400Z,WRITE,152
2025-07-24T05:23:04.004528200Z,READ,152
2025-07-24T05:23:05.004990800Z,READ,152
2025-07-24T05:23:06.006196900Z,READ,152
2025-07-24T05:23:07.004802200Z,READ,152
2025-07-24T05:23:08.010194300Z,READ,152
2025-07-24T05:23:08.249516100Z,WRITE,153
2025-07-24T05:23:08.251512500Z,READ,153
2025-07-24T05:23:09.005083700Z,READ,153
2025-07-24T05:23:10.005801400Z,READ,153
2025-07-24T05:23:11.005631300Z,READ,153
2025-07-24T05:23:12.010594Z,READ,153
2025-07-24T05:23:13.005953500Z,READ,153
2025-07-24T05:23:13.249772Z,READ,154
2025-07-24T05:23:13.249772Z,WRITE,154
2025-07-24T05:23:14.005165900Z,READ,154
2025-07-24T05:23:15.005611900Z,READ,154
2025-07-24T05:23:16.009905800Z,READ,154
2025-07-24T05:23:17.005848600Z,READ,154
2025-07-24T05:23:18.005170900Z,READ,154
2025-07-24T05:23:18.250058200Z,READ,155
2025-07-24T05:23:18.250058200Z,WRITE,155
2025-07-24T05:23:19.003734400Z,READ,155
2025-07-24T05:23:20.012281100Z,READ,155
2025-07-24T05:23:21.004754700Z,READ,155
2025-07-24T05:23:22.004249200Z,READ,155
2025-07-24T05:23:23.005869900Z,READ,155
2025-07-24T05:23:23.250998200Z,READ,156
2025-07-24T05:23:23.250998200Z,WRITE,156
2025-07-24T05:23:24.010101500Z,READ,156
2025-07-24T05:23:25.006691200Z,READ,156
2025-07-24T05:23:26.005021400Z,READ,156
2025-07-24T05:23:27.004941300Z,READ,156
2025-07-24T05:23:28.011547400Z,READ,156
2025-07-24T05:23:28.250463500Z,READ,157
2025-07-24T05:23:28.250463500Z,WRITE,157
2025-07-24T05:23:29.006166400Z,READ,157
2025-07-24T05:23:30.005286Z,READ,157
2025-07-24T05:23:31.005216Z,READ,157
2025-07-24T05:23:32.009501200Z,READ,157
2025-07-24T05:23:33.006665700Z,READ,157
2025-07-24T05:23:33.250454500Z,WRITE,158
2025-07-24T05:23:33.251392200Z,READ,158
2025-07-24T05:23:34.005709100Z,READ,158
2025-07-24T05:23:35.005523900Z,READ,158
2025-07-24T05:23:36.011216700Z,READ,158
2025-07-24T05:23:37.005704400Z,READ,158
2025-07-24T05:23:38.005849100Z,READ,158
2025-07-24T05:23:38.252824Z,READ,159
2025-07-24T05:23:38.252824Z,WRITE,159
2025-07-24T05:23:39.006631300Z,READ,159
2025-07-24T05:23:40.010654200Z,READ,159
2025-07-24T05:23:41.007139100Z,READ,159
2025-07-24T05:23:42.004297500Z,READ,159
2025-07-24T05:23:43.005659Z,READ,159
2025-07-24T05:23:43.249562900Z,WRITE,160
2025-07-24T05:23:43.249562900Z,READ,160
2025-07-24T05:23:44.009386900Z,READ,160
2025-07-24T05:23:45.004297800Z,READ,160
2025-07-24T05:23:46.004325100Z,READ,160
2025-07-24T05:23:47.006161800Z,READ,160
2025-07-24T05:23:48.011560500Z,READ,160
2025-07-24T05:23:48.249295500Z,WRITE,161
2025-07-24T05:23:48.251296200Z,READ,161
2025-07-24T05:23:49.004715100Z,READ,161
2025-07-24T05:23:50.005604600Z,READ,161
2025-07-24T05:23:51.006712100Z,READ,161
2025-07-24T05:23:52.011084100Z,READ,161
2025-07-24T05:23:53.005331300Z,READ,161
2025-07-24T05:23:53.248657400Z,WRITE,162
2025-07-24T05:23:53.249351400Z,READ,162
2025-07-24T05:23:54.004723700Z,READ,162
2025-07-24T05:23:55.005972700Z,READ,162
2025-07-24T05:23:56.008509400Z,READ,162
2025-07-24T05:23:57.006754700Z,READ,162
2025-07-24T05:23:58.004028100Z,READ,162
2025-07-24T05:23:58.250989200Z,WRITE,163
2025-07-24T05:23:58.250989200Z,READ,163
2025-07-24T05:23:59.003907300Z,READ,163
2025-07-24T05:24:00.010349600Z,READ,163
2025-07-24T05:24:01.004599Z,READ,163
2025-07-24T05:24:02.008092Z,READ,163
2025-07-24T05:24:03.004976Z,READ,163
2025-07-24T05:24:03.250887200Z,READ,164
2025-07-24T05:24:03.250887200Z,WRITE,164
2025-07-24T05:24:04.010214100Z,READ,164
2025-07-24T05:24:05.004952200Z,READ,164
2025-07-24T05:24:06.005594Z,READ,164
2025-07-24T05:24:07.006060200Z,READ,164
2025-07-24T05:24:08.010777100Z,READ,164
2025-07-24T05:24:08.249203100Z,READ,165
2025-07-24T05:24:08.250005200Z,WRITE,165
2025-07-24T05:24:09.006929900Z,READ,165
2025-07-24T05:24:10.005645700Z,READ,165
2025-07-24T05:24:11.004644800Z,READ,165
2025-07-24T05:24:12.008980200Z,READ,165
2025-07-24T05:24:13.005949200Z,READ,165
2025-07-24T05:24:13.250575300Z,READ,166
2025-07-24T05:24:13.251138600Z,WRITE,166
2025-07-24T05:24:14.006112700Z,READ,166
2025-07-24T05:24:15.005508500Z,READ,166
2025-07-24T05:24:16.010380700Z,READ,166
2025-07-24T05:24:17.005681500Z,READ,166
2025-07-24T05:24:18.004952600Z,READ,166
2025-07-24T05:24:18.249471600Z,WRITE,167
2025-07-24T05:24:18.250453300Z,READ,167
2025-07-24T05:24:19.005908900Z,READ,167
2025-07-24T05:24:20.009625300Z,READ,167
2025-07-24T05:24:21.006782100Z,READ,167
2025-07-24T05:24:22.007956300Z,READ,167
2025-07-24T05:24:23.007361400Z,READ,167
2025-07-24T05:24:23.249157700Z,WRITE,168
2025-07-24T05:24:23.250215Z,READ,168
2025-07-24T05:24:24.008643400Z,READ,168
2025-07-24T05:24:25.005998400Z,READ,168
2025-07-24T05:24:26.004476100Z,READ,168
2025-07-24T05:24:27.005088200Z,READ,168
2025-07-24T05:24:28.007427Z,READ,168
2025-07-24T05:24:28.249235Z,WRITE,169
2025-07-24T05:24:28.250164100Z,READ,169
2025-07-24T05:24:29.005132100Z,READ,169
2025-07-24T05:24:30.005600400Z,READ,169
2025-07-24T05:24:31.005795800Z,READ,169
2025-07-24T05:24:32.010200400Z,READ,169
2025-07-24T05:24:33.005292300Z,READ,169
2025-07-24T05:24:33.248881900Z,WRITE,170
2025-07-24T05:24:33.249885900Z,READ,170
2025-07-24T05:24:34.005843100Z,READ,170
2025-07-24T05:24:35.006178600Z,READ,170
2025-07-24T05:24:36.007707600Z,READ,170
2025-07-24T05:24:37.005064Z,READ,170
2025-07-24T05:24:38.005149800Z,READ,170
2025-07-24T05:24:38.249332600Z,WRITE,171
2025-07-24T05:24:38.250300100Z,READ,171
2025-07-24T05:24:39.005159200Z,READ,171
2025-07-24T05:24:40.008481Z,READ,171
2025-07-24T05:24:41.004888200Z,READ,171
2025-07-24T05:24:42.006943600Z,READ,171
2025-07-24T05:24:43.003053500Z,READ,171
2025-07-24T05:24:43.249272400Z,READ,172
2025-07-24T05:24:43.249272400Z,WRITE,172
2025-07-24T05:24:44.009167700Z,READ,172
2025-07-24T05:24:45.002713800Z,READ,172
2025-07-24T05:24:46.004741300Z,READ,172
2025-07-24T05:24:47.005442Z,READ,172
2025-07-24T05:24:48.009773400Z,READ,172
2025-07-24T05:24:48.250080900Z,READ,173
2025-07-24T05:24:48.250080900Z,WRITE,173
2025-07-24T05:24:49.005466900Z,READ,173
2025-07-24T05:24:50.004727800Z,READ,173
2025-07-24T05:24:51.008790800Z,READ,173
2025-07-24T05:24:52.010346500Z,READ,173
2025-07-24T05:24:53.004804400Z,READ,173
2025-07-24T05:24:53.250875300Z,WRITE,174
2025-07-24T05:24:53.251769700Z,READ,174
2025-07-24T05:24:54.005366Z,READ,174
2025-07-24T05:24:55.004534700Z,READ,174
2025-07-24T05:24:56.011030800Z,READ,174
2025-07-24T05:24:57.005132200Z,READ,174
2025-07-24T05:24:58.005929100Z,READ,174
2025-07-24T05:24:58.251925700Z,READ,175
2025-07-24T05:24:58.251925700Z,WRITE,175
2025-07-24T05:24:59.006047800Z,READ,175
2025-07-24T05:25:00.014031400Z,READ,175
2025-07-24T05:25:01.005045700Z,READ,175
2025-07-24T05:25:02.005416900Z,READ,175
2025-07-24T05:25:03.006202300Z,READ,175
2025-07-24T05:25:03.250499800Z,WRITE,176
2025-07-24T05:25:03.250499800Z,READ,176
2025-07-24T05:25:04.007892400Z,READ,176
2025-07-24T05:25:05.003451600Z,READ,176
2025-07-24T05:25:06.004912100Z,READ,176
2025-07-24T05:25:07.006139800Z,READ,176
2025-07-24T05:25:08.008416200Z,READ,176
2025-07-24T05:25:08.250600400Z,READ,177
2025-07-24T05:25:08.251544200Z,WRITE,177
2025-07-24T05:25:09.006221900Z,READ,177
2025-07-24T05:25:10.006459500Z,READ,177
2025-07-24T05:25:11.004497300Z,READ,177
2025-07-24T05:25:12.008772400Z,READ,177
2025-07-24T05:25:13.004828500Z,READ,177
2025-07-24T05:25:13.245820900Z,READ,178
2025-07-24T05:25:13.245820900Z,WRITE,178
2025-07-24T05:25:14.003565600Z,READ,178
2025-07-24T05:25:15.003327Z,READ,178
2025-07-24T05:25:16.009175200Z,READ,178
2025-07-24T05:25:17.006240Z,READ,178
2025-07-24T05:25:18.004517800Z,READ,178
2025-07-24T05:25:18.250897100Z,WRITE,179
2025-07-24T05:25:18.251951300Z,READ,179
2025-07-24T05:25:19.004356300Z,READ,179
2025-07-24T05:25:20.010017Z,READ,179
2025-07-24T05:25:21.005191400Z,READ,179
2025-07-24T05:25:22.003561600Z,READ,179
2025-07-24T05:25:23.005962800Z,READ,179
2025-07-24T05:25:23.251248Z,READ,180
2025-07-24T05:25:23.251248Z,WRITE,180
2025-07-24T05:25:24.008837800Z,READ,180
2025-07-24T05:25:25.005135600Z,READ,180
2025-07-24T05:25:26.004522300Z,READ,180
2025-07-24T05:25:27.006305700Z,READ,180
2025-07-24T05:25:28.009780100Z,READ,180
2025-07-24T05:25:28.249241900Z,WRITE,181
2025-07-24T05:25:28.249241900Z,READ,181
2025-07-24T05:25:29.004892300Z,READ,181
2025-07-24T05:25:30.005399500Z,READ,181
2025-07-24T05:25:31.005830Z,READ,181
2025-07-24T05:25:32.009248100Z,READ,181
2025-07-24T05:25:33.004532800Z,READ,181
2025-07-24T05:25:33.250140400Z,WRITE,182
2025-07-24T05:25:33.250140400Z,READ,182
2025-07-24T05:25:34.003344100Z,READ,182
2025-07-24T05:25:35.004372200Z,READ,182
2025-07-24T05:25:36.007654400Z,READ,182
2025-07-24T05:25:37.006532600Z,READ,182
2025-07-24T05:25:38.003930300Z,READ,182
2025-07-24T05:25:38.248084600Z,WRITE,183
2025-07-24T05:25:38.248084600Z,READ,183
2025-07-24T05:25:39.005335800Z,READ,183
2025-07-24T05:25:40.008823800Z,READ,183
2025-07-24T05:25:41.005289900Z,READ,183
2025-07-24T05:25:42.006112800Z,READ,183
2025-07-24T05:25:43.003982700Z,READ,183
2025-07-24T05:25:43.250639200Z,WRITE,184
2025-07-24T05:25:43.251639200Z,READ,184
2025-07-24T05:25:44.010381700Z,READ,184
2025-07-24T05:25:45.004735300Z,READ,184
2025-07-24T05:25:46.005175200Z,READ,184
2025-07-24T05:25:47.004933700Z,READ,184
2025-07-24T05:25:48.010271700Z,READ,184
2025-07-24T05:25:48.250414400Z,WRITE,185
2025-07-24T05:25:48.251515Z,READ,185
2025-07-24T05:25:49.004062100Z,READ,185
2025-07-24T05:25:50.005651Z,READ,185
2025-07-24T05:25:51.003524600Z,READ,185
2025-07-24T05:25:52.009575100Z,READ,185
2025-07-24T05:25:53.007818100Z,READ,185
2025-07-24T05:25:53.248439300Z,WRITE,186
2025-07-24T05:25:53.248439300Z,READ,186
2025-07-24T05:25:54.004217200Z,READ,186
2025-07-24T05:25:55.005191500Z,READ,186
2025-07-24T05:25:56.010247100Z,READ,186
2025-07-24T05:25:57.004423200Z,READ,186
2025-07-24T05:25:58.004850100Z,READ,186
2025-07-24T05:25:58.249245400Z,READ,187
2025-07-24T05:25:58.249245400Z,WRITE,187
2025-07-24T05:25:59.003827500Z,READ,187
2025-07-24T05:26:00.008536400Z,READ,187
2025-07-24T05:26:01.004724300Z,READ,187
2025-07-24T05:26:02.006001Z,READ,187
2025-07-24T05:26:03.004733500Z,READ,187
2025-07-24T05:26:03.251124900Z,WRITE,188
2025-07-24T05:26:03.251124900Z,READ,188
2025-07-24T05:26:04.009002800Z,READ,188
2025-07-24T05:26:05.005773300Z,READ,188
2025-07-24T05:26:06.007313300Z,READ,188
2025-07-24T05:26:07.005289100Z,READ,188
2025-07-24T05:26:08.012355100Z,READ,188
2025-07-24T05:26:08.250288Z,READ,189
2025-07-24T05:26:08.250288Z,WRITE,189
2025-07-24T05:26:09.004222300Z,READ,189
2025-07-24T05:26:10.006160400Z,READ,189
2025-07-24T05:26:11.004507200Z,READ,189
2025-07-24T05:26:12.007545800Z,READ,189
2025-07-24T05:26:13.007227Z,READ,189
2025-07-24T05:26:13.248877400Z,READ,190
2025-07-24T05:26:13.249851300Z,WRITE,190
2025-07-24T05:26:14.004069600Z,READ,190
2025-07-24T05:26:15.005736800Z,READ,190
2025-07-24T05:26:16.009132700Z,READ,190
2025-07-24T05:26:17.004410300Z,READ,190
2025-07-24T05:26:18.003934900Z,READ,190
2025-07-24T05:26:18.250304300Z,READ,191
2025-07-24T05:26:18.250304300Z,WRITE,191
2025-07-24T05:26:19.005343700Z,READ,191
2025-07-24T05:26:20.009988600Z,READ,191
2025-07-24T05:26:21.005762200Z,READ,191
2025-07-24T05:26:22.005273100Z,READ,191
2025-07-24T05:26:23.005764400Z,READ,191
2025-07-24T05:26:23.248750700Z,WRITE,192
2025-07-24T05:26:23.249756600Z,READ,192
2025-07-24T05:26:24.008806300Z,READ,192
2025-07-24T05:26:25.005412700Z,READ,192
2025-07-24T05:26:26.004928600Z,READ,192
2025-07-24T05:26:27.005549500Z,READ,192
2025-07-24T05:26:28.010805500Z,READ,192
2025-07-24T05:26:28.249963300Z,READ,193
2025-07-24T05:26:28.250840100Z,WRITE,193
2025-07-24T05:26:29.004923700Z,READ,193
2025-07-24T05:26:30.004165800Z,READ,193
2025-07-24T05:26:31.003657900Z,READ,193
2025-07-24T05:26:32.009054900Z,READ,193
2025-07-24T05:26:33.004645700Z,READ,193
2025-07-24T05:26:33.249270700Z,READ,194
2025-07-24T05:26:33.249270700Z,WRITE,194
2025-07-24T05:26:34.004763100Z,READ,194
2025-07-24T05:26:35.003377700Z,READ,194
2025-07-24T05:26:36.008510600Z,READ,194
2025-07-24T05:26:37.005231400Z,READ,194
2025-07-24T05:26:38.005841Z,READ,194
2025-07-24T05:26:38.249573200Z,WRITE,195
2025-07-24T05:26:38.250569600Z,READ,195
2025-07-24T05:26:39.004351300Z,READ,195
2025-07-24T05:26:40.009125200Z,READ,195
2025-07-24T05:26:41.003749200Z,READ,195
2025-07-24T05:26:42.006403600Z,READ,195
2025-07-24T05:26:43.005056500Z,READ,195
2025-07-24T05:26:43.249967900Z,READ,196
2025-07-24T05:26:43.249967900Z,WRITE,196
2025-07-24T05:26:44.009032800Z,READ,196
2025-07-24T05:26:45.004509900Z,READ,196
2025-07-24T05:26:46.003543200Z,READ,196
2025-07-24T05:26:47.005908300Z,READ,196
2025-07-24T05:26:48.009336700Z,READ,196
2025-07-24T05:26:48.250196300Z,WRITE,197
2025-07-24T05:26:48.250196300Z,READ,197
2025-07-24T05:26:49.005427600Z,READ,197
2025-07-24T05:26:50.006022200Z,READ,197
2025-07-24T05:26:51.004756900Z,READ,197
2025-07-24T05:26:52.009653100Z,READ,197
2025-07-24T05:26:53.006549200Z,READ,197
2025-07-24T05:26:53.251084Z,WRITE,198
2025-07-24T05:26:53.252076900Z,READ,198
2025-07-24T05:26:54.004550Z,READ,198
2025-07-24T05:26:55.004705600Z,READ,198
2025-07-24T05:26:56.008072Z,READ,198
2025-07-24T05:26:57.005122600Z,READ,198
2025-07-24T05:26:58.003589100Z,READ,198
2025-07-24T05:26:58.248691400Z,WRITE,199
2025-07-24T05:26:58.248691400Z,READ,199
2025-07-24T05:26:59.005265700Z,READ,199
2025-07-24T05:27:00.008447900Z,READ,199
2025-07-24T05:27:01.005841700Z,READ,199
2025-07-24T05:27:02.004985100Z,READ,199
2025-07-24T05:27:03.004970700Z,READ,199
2025-07-24T05:27:03.250382Z,WRITE,200
2025-07-24T05:27:03.250382Z,READ,200
2025-07-24T05:27:04.008238500Z,READ,200
2025-07-24T05:27:05.003655100Z,READ,200
2025-07-24T05:27:06.006123200Z,READ,200
2025-07-24T05:27:07.005299900Z,READ,200
2025-07-24T05:27:08.008285800Z,READ,200
2025-07-24T05:27:08.248938500Z,READ,201
2025-07-24T05:27:08.249925200Z,WRITE,201
2025-07-24T05:27:09.005400500Z,READ,201
2025-07-24T05:27:10.004602400Z,READ,201
2025-07-24T05:27:11.005743200Z,READ,201
2025-07-24T05:27:12.008919300Z,READ,201
2025-07-24T05:27:13.004848800Z,READ,201
2025-07-24T05:27:13.250221700Z,READ,202
2025-07-24T05:27:13.250221700Z,WRITE,202
2025-07-24T05:27:14.005692500Z,READ,202
2025-07-24T05:27:15.004361500Z,READ,202
2025-07-24T05:27:16.010502500Z,READ,202
2025-07-24T05:27:17.006866800Z,READ,202
2025-07-24T05:27:18.006019500Z,READ,202
2025-07-24T05:27:18.249408400Z,READ,203
2025-07-24T05:27:18.250411200Z,WRITE,203
2025-07-24T05:27:19.005249200Z,READ,203
2025-07-24T05:27:20.009223Z,READ,203
2025-07-24T05:27:21.006203300Z,READ,203
2025-07-24T05:27:22.003565600Z,READ,203
2025-07-24T05:27:23.005026600Z,READ,203
2025-07-24T05:27:23.249771800Z,WRITE,204
2025-07-24T05:27:23.249771800Z,READ,204
2025-07-24T05:27:24.007800300Z,READ,204
2025-07-24T05:27:25.006326800Z,READ,204
2025-07-24T05:27:26.004629600Z,READ,204
2025-07-24T05:27:27.003804100Z,READ,204
2025-07-24T05:27:28.007584100Z,READ,204
2025-07-24T05:27:28.249608900Z,READ,205
2025-07-24T05:27:28.249608900Z,WRITE,205
2025-07-24T05:27:29.004005Z,READ,205
2025-07-24T05:27:30.005283800Z,READ,205
2025-07-24T05:27:31.004565900Z,READ,205
2025-07-24T05:27:32.009383700Z,READ,205
2025-07-24T05:27:33.004951600Z,READ,205
2025-07-24T05:27:33.250808600Z,WRITE,206
2025-07-24T05:27:33.250808600Z,READ,206
2025-07-24T05:27:34.004978600Z,READ,206
2025-07-24T05:27:35.005301300Z,READ,206
2025-07-24T05:27:36.009659800Z,READ,206
2025-07-24T05:27:37.005116100Z,READ,206
2025-07-24T05:27:38.005327600Z,READ,206
2025-07-24T05:27:38.250327900Z,READ,207
2025-07-24T05:27:38.250327900Z,WRITE,207
2025-07-24T05:27:39.005419500Z,READ,207
2025-07-24T05:27:40.010262400Z,READ,207
2025-07-24T05:27:41.004686900Z,READ,207
2025-07-24T05:27:42.006275400Z,READ,207
2025-07-24T05:27:43.004271800Z,READ,207
2025-07-24T05:27:43.251194600Z,READ,208
2025-07-24T05:27:43.252190500Z,WRITE,208
2025-07-24T05:27:44.009361900Z,READ,208
2025-07-24T05:27:45.004833100Z,READ,208
2025-07-24T05:27:46.005443Z,READ,208
2025-07-24T05:27:47.003964700Z,READ,208
2025-07-24T05:27:48.007502500Z,READ,208
2025-07-24T05:27:48.249554300Z,WRITE,209
2025-07-24T05:27:48.250545500Z,READ,209
2025-07-24T05:27:49.004701200Z,READ,209
2025-07-24T05:27:50.006929500Z,READ,209
2025-07-24T05:27:51.003853300Z,READ,209
2025-07-24T05:27:52.009102100Z,READ,209
2025-07-24T05:27:53.005352200Z,READ,209
2025-07-24T05:27:53.248612800Z,WRITE,210
2025-07-24T05:27:53.248612800Z,READ,210
2025-07-24T05:27:54.010142600Z,READ,210
2025-07-24T05:27:55.006196700Z,READ,210
2025-07-24T05:27:56.010968100Z,READ,210
2025-07-24T05:27:57.004687900Z,READ,210
2025-07-24T05:27:58.006421700Z,READ,210
2025-07-24T05:27:58.249028200Z,WRITE,211
2025-07-24T05:27:58.250352500Z,READ,211
2025-07-24T05:27:59.004318500Z,READ,211
2025-07-24T05:28:00.007770600Z,READ,211
2025-07-24T05:28:01.005423200Z,READ,211
2025-07-24T05:28:02.004728Z,READ,211
2025-07-24T05:28:03.005338Z,READ,211
2025-07-24T05:28:03.250118300Z,WRITE,212
2025-07-24T05:28:03.250118300Z,READ,212
2025-07-24T05:28:04.008034700Z,READ,212
2025-07-24T05:28:05.002006800Z,READ,212
2025-07-24T05:28:06.003762100Z,READ,212
2025-07-24T05:28:07.006121400Z,READ,212
2025-07-24T05:28:08.008180700Z,READ,212
2025-07-24T05:28:08.248693100Z,WRITE,213
2025-07-24T05:28:08.249699500Z,READ,213
2025-07-24T05:28:09.005238600Z,READ,213
2025-07-24T05:28:10.005212800Z,READ,213
2025-07-24T05:28:11.004335300Z,READ,213
2025-07-24T05:28:12.009408Z,READ,213
2025-07-24T05:28:13.005148Z,READ,213
2025-07-24T05:28:13.249257100Z,WRITE,214
2025-07-24T05:28:13.250252200Z,READ,214
2025-07-24T05:28:14.003996700Z,READ,214
2025-07-24T05:28:15.006700200Z,READ,214
2025-07-24T05:28:16.009351800Z,READ,214
2025-07-24T05:28:17.003975400Z,READ,214
2025-07-24T05:28:18.004396800Z,READ,214
2025-07-24T05:28:18.248230Z,READ,215
2025-07-24T05:28:18.248230Z,WRITE,215
2025-07-24T05:28:19.004494Z,READ,215
2025-07-24T05:28:20.008880700Z,READ,215
2025-07-24T05:28:21.004310600Z,READ,215
2025-07-24T05:28:22.005410200Z,READ,215
2025-07-24T05:28:23.004976Z,READ,215
2025-07-24T05:28:23.249743Z,WRITE,216
2025-07-24T05:28:23.251232800Z,READ,216
2025-07-24T05:28:24.008662800Z,READ,216
2025-07-24T05:28:25.005317200Z,READ,216
2025-07-24T05:28:26.004650600Z,READ,216
2025-07-24T05:28:27.005462600Z,READ,216
2025-07-24T05:28:28.008195400Z,READ,216
2025-07-24T05:28:28.249702Z,WRITE,217
2025-07-24T05:28:28.250517500Z,READ,217
2025-07-24T05:28:29.002322700Z,READ,217
2025-07-24T05:28:30.004972400Z,READ,217
2025-07-24T05:28:31.005350200Z,READ,217
2025-07-24T05:28:32.009239800Z,READ,217
2025-07-24T05:28:33.004520300Z,READ,217
2025-07-24T05:28:33.249729900Z,READ,218
2025-07-24T05:28:33.249729900Z,WRITE,218
2025-07-24T05:28:34.005500400Z,READ,218
2025-07-24T05:28:35.004851Z,READ,218
2025-07-24T05:28:36.007738200Z,READ,218
2025-07-24T05:28:37.006946900Z,READ,218
2025-07-24T05:28:38.005266400Z,READ,218
2025-07-24T05:28:38.249202100Z,WRITE,219
2025-07-24T05:28:38.250114100Z,READ,219
2025-07-24T05:28:39.004097900Z,READ,219
2025-07-24T05:28:40.008805300Z,READ,219
2025-07-24T05:28:41.004335Z,READ,219
2025-07-24T05:28:42.007305700Z,READ,219
2025-07-24T05:28:43.003906500Z,READ,219
2025-07-24T05:28:43.250910200Z,WRITE,220
2025-07-24T05:28:43.251902800Z,READ,220
2025-07-24T05:28:44.007297400Z,READ,220
2025-07-24T05:28:45.004638700Z,READ,220
2025-07-24T05:28:46.005478700Z,READ,220
2025-07-24T05:28:47.003806200Z,READ,220
2025-07-24T05:28:48.009113Z,READ,220
2025-07-24T05:28:48.249061100Z,WRITE,221
2025-07-24T05:28:48.249061100Z,READ,221
2025-07-24T05:28:49.004734Z,READ,221
2025-07-24T05:28:50.005153400Z,READ,221
2025-07-24T05:28:51.005721300Z,READ,221
2025-07-24T05:28:52.008764Z,READ,221
2025-07-24T05:28:53.005286800Z,READ,221
2025-07-24T05:28:53.248821900Z,WRITE,222
2025-07-24T05:28:53.248821900Z,READ,222
2025-07-24T05:28:54.003597900Z,READ,222
2025-07-24T05:28:55.004027100Z,READ,222
2025-07-24T05:28:56.008433600Z,READ,222
2025-07-24T05:28:57.006538600Z,READ,222
2025-07-24T05:28:58.005185700Z,READ,222
2025-07-24T05:28:58.250759300Z,WRITE,223
2025-07-24T05:28:58.250759300Z,READ,223
2025-07-24T05:28:59.004762300Z,READ,223
2025-07-24T05:29:00.009149500Z,READ,223
2025-07-24T05:29:01.004021700Z,READ,223
2025-07-24T05:29:02.004295800Z,READ,223
2025-07-24T05:29:03.006675600Z,READ,223
2025-07-24T05:29:03.248782300Z,WRITE,224
2025-07-24T05:29:03.249969300Z,READ,224
2025-07-24T05:29:04.006922600Z,READ,224
2025-07-24T05:29:05.004547700Z,READ,224
2025-07-24T05:29:06.005429600Z,READ,224
2025-07-24T05:29:07.005380600Z,READ,224
2025-07-24T05:29:08.009708Z,READ,224
2025-07-24T05:29:08.249570500Z,WRITE,225
2025-07-24T05:29:08.250579Z,READ,225
2025-07-24T05:29:09.003588600Z,READ,225
2025-07-24T05:29:10.005038600Z,READ,225
2025-07-24T05:29:11.004206200Z,READ,225
2025-07-24T05:29:12.009364600Z,READ,225
2025-07-24T05:29:13.004221Z,READ,225
2025-07-24T05:29:13.249856400Z,WRITE,226
2025-07-24T05:29:13.249856400Z,READ,226
2025-07-24T05:29:14.004941700Z,READ,226
2025-07-24T05:29:15.005536600Z,READ,226
2025-07-24T05:29:16.009608100Z,READ,226
2025-07-24T05:29:17.006040900Z,READ,226
2025-07-24T05:29:18.004320400Z,READ,226
2025-07-24T05:29:18.249668500Z,WRITE,227
2025-07-24T05:29:18.250666800Z,READ,227
2025-07-24T05:29:19.004549400Z,READ,227
2025-07-24T05:29:20.008286600Z,READ,227
2025-07-24T05:29:21.004622400Z,READ,227
2025-07-24T05:29:22.005960300Z,READ,227
2025-07-24T05:29:23.005192800Z,READ,227
2025-07-24T05:29:23.250191500Z,WRITE,228
2025-07-24T05:29:23.250191500Z,READ,228
2025-07-24T05:29:24.007897400Z,READ,228
2025-07-24T05:29:25.004129400Z,READ,228
2025-07-24T05:29:26.005391100Z,READ,228
2025-07-24T05:29:27.005055500Z,READ,228
2025-07-24T05:29:28.010075500Z,READ,228
2025-07-24T05:29:28.249782800Z,WRITE,229
2025-07-24T05:29:28.249782800Z,READ,229
2025-07-24T05:29:29.005231Z,READ,229
2025-07-24T05:29:30.008001600Z,READ,229
2025-07-24T05:29:31.005286700Z,READ,229
2025-07-24T05:29:32.008223200Z,READ,229
2025-07-24T05:29:33.004714400Z,READ,229
2025-07-24T05:29:33.251176700Z,WRITE,230
2025-07-24T05:29:33.252165300Z,READ,230
2025-07-24T05:29:34.004690900Z,READ,230
2025-07-24T05:29:35.003458300Z,READ,230
2025-07-24T05:29:36.023400300Z,READ,230
2025-07-24T05:29:37.003434600Z,READ,230
2025-07-24T05:29:38.004283Z,READ,230
2025-07-24T05:29:38.249467500Z,WRITE,231
2025-07-24T05:29:38.249467500Z,READ,231
2025-07-24T05:29:39.005470800Z,READ,231
2025-07-24T05:29:40.009323600Z,READ,231
2025-07-24T05:29:41.005773800Z,READ,231
2025-07-24T05:29:42.005155400Z,READ,231
2025-07-24T05:29:43.005557700Z,READ,231
2025-07-24T05:29:43.249589100Z,WRITE,232
2025-07-24T05:29:43.249589100Z,READ,232
2025-07-24T05:29:44.008931Z,READ,232
2025-07-24T05:29:45.002860800Z,READ,232
2025-07-24T05:29:46.005231300Z,READ,232
2025-07-24T05:29:47.004492800Z,READ,232
2025-07-24T05:29:48.008881800Z,READ,232
2025-07-24T05:29:48.249880Z,WRITE,233
2025-07-24T05:29:48.250877800Z,READ,233
2025-07-24T05:29:49.004158700Z,READ,233
2025-07-24T05:29:50.006109700Z,READ,233
2025-07-24T05:29:51.006454100Z,READ,233
2025-07-24T05:29:52.013629Z,READ,233
2025-07-24T05:29:53.002136900Z,READ,233
2025-07-24T05:29:53.248847500Z,WRITE,234
2025-07-24T05:29:53.248847500Z,READ,234
2025-07-24T05:29:54.003379800Z,READ,234
2025-07-24T05:29:55.004320800Z,READ,234
2025-07-24T05:29:56.009738200Z,READ,234
2025-07-24T05:29:57.005975600Z,READ,234
2025-07-24T05:29:58.004941Z,READ,234
2025-07-24T05:29:58.249069100Z,WRITE,235
2025-07-24T05:29:58.250066200Z,READ,235
2025-07-24T05:29:59.005367100Z,READ,235
2025-07-24T05:30:00.010633800Z,READ,235
2025-07-24T05:30:01.004758800Z,READ,235
2025-07-24T05:30:02.006973900Z,READ,235
2025-07-24T05:30:03.005236Z,READ,235
2025-07-24T05:30:03.249565Z,WRITE,236
2025-07-24T05:30:03.249565Z,READ,236
2025-07-24T05:30:04.008511900Z,READ,236
2025-07-24T05:30:05.006556300Z,READ,236
2025-07-24T05:30:06.005173600Z,READ,236
2025-07-24T05:30:07.005941600Z,READ,236
2025-07-24T05:30:08.008291800Z,READ,236
2025-07-24T05:30:08.250182200Z,WRITE,237
2025-07-24T05:30:08.250182200Z,READ,237
2025-07-24T05:30:09.005203200Z,READ,237
2025-07-24T05:30:10.006321400Z,READ,237
2025-07-24T05:30:11.006349300Z,READ,237
2025-07-24T05:30:12.006006300Z,READ,237
2025-07-24T05:30:13.004545100Z,READ,237
2025-07-24T05:30:13.249582500Z,WRITE,238
2025-07-24T05:30:13.249582500Z,READ,238
2025-07-24T05:30:14.004362Z,READ,238
2025-07-24T05:30:15.005802Z,READ,238
2025-07-24T05:30:16.004871900Z,READ,238
2025-07-24T05:30:17.004281500Z,READ,238
2025-07-24T05:30:18.006946100Z,READ,238
2025-07-24T05:30:18.249188400Z,READ,239
2025-07-24T05:30:18.249188400Z,WRITE,239
2025-07-24T05:30:19.005158800Z,READ,239
2025-07-24T05:30:20.009004300Z,READ,239
2025-07-24T05:30:21.006670600Z,READ,239
2025-07-24T05:30:22.004830600Z,READ,239
2025-07-24T05:30:23.007028Z,READ,239
2025-07-24T05:30:23.250228800Z,READ,240
2025-07-24T05:30:23.250228800Z,WRITE,240
2025-07-24T05:30:24.008361900Z,READ,240
2025-07-24T05:30:25.003815Z,READ,240
2025-07-24T05:30:26.004945500Z,READ,240
2025-07-24T05:30:27.003984700Z,READ,240
2025-07-24T05:30:28.010058100Z,READ,240
2025-07-24T05:30:28.248540800Z,WRITE,241
2025-07-24T05:30:28.249554500Z,READ,241
2025-07-24T05:30:29.003670900Z,READ,241
2025-07-24T05:30:30.006723400Z,READ,241
2025-07-24T05:30:31.004763100Z,READ,241
2025-07-24T05:30:32.008022800Z,READ,241
2025-07-24T05:30:33.004362300Z,READ,241
2025-07-24T05:30:33.248256100Z,WRITE,242
2025-07-24T05:30:33.249574100Z,READ,242
2025-07-24T05:30:34.005010Z,READ,242
2025-07-24T05:30:35.005300600Z,READ,242
2025-07-24T05:30:36.008007100Z,READ,242
2025-07-24T05:30:37.004370200Z,READ,242
2025-07-24T05:30:38.005235800Z,READ,242
2025-07-24T05:30:38.250022500Z,WRITE,243
2025-07-24T05:30:38.251019100Z,READ,243
2025-07-24T05:30:39.003581600Z,READ,243
2025-07-24T05:30:40.005472100Z,READ,243
2025-07-24T05:30:41.009475200Z,READ,243
2025-07-24T05:30:42.005473400Z,READ,243
2025-07-24T05:30:43.003851800Z,READ,243
2025-07-24T05:30:43.245876100Z,READ,244
2025-07-24T05:30:43.245876100Z,WRITE,244
2025-07-24T05:30:44.003878800Z,READ,244
2025-07-24T05:30:45.006265800Z,READ,244
2025-07-24T05:30:46.006154Z,READ,244
2025-07-24T05:30:47.004106500Z,READ,244
2025-07-24T05:30:48.007521500Z,READ,244
2025-07-24T05:30:48.249096700Z,WRITE,245
2025-07-24T05:30:48.249096700Z,READ,245
2025-07-24T05:30:49.004599Z,READ,245
2025-07-24T05:30:50.005017300Z,READ,245
2025-07-24T05:30:51.004412800Z,READ,245
2025-07-24T05:30:52.008812800Z,READ,245
2025-07-24T05:30:53.003394100Z,READ,245
2025-07-24T05:30:53.249944200Z,WRITE,246
2025-07-24T05:30:53.250290700Z,READ,246
2025-07-24T05:30:54.004702500Z,READ,246
2025-07-24T05:30:55.006881700Z,READ,246
2025-07-24T05:30:56.010559600Z,READ,246
2025-07-24T05:30:57.004857100Z,READ,246
2025-07-24T05:30:58.006340500Z,READ,246
2025-07-24T05:30:58.249936800Z,READ,247
2025-07-24T05:30:58.249936800Z,WRITE,247
2025-07-24T05:30:59.005414800Z,READ,247
2025-07-24T05:31:00.012973200Z,READ,247
2025-07-24T05:31:01.005052800Z,READ,247
2025-07-24T05:31:02.022824900Z,READ,247
2025-07-24T05:31:03.006929500Z,READ,247
2025-07-24T05:31:03.250707800Z,WRITE,248
2025-07-24T05:31:03.251714900Z,READ,248
2025-07-24T05:31:04.008667700Z,READ,248
2025-07-24T05:31:05.003772200Z,READ,248
2025-07-24T05:31:06.006182400Z,READ,248
2025-07-24T05:31:07.005493500Z,READ,248
2025-07-24T05:31:08.008909900Z,READ,248
2025-07-24T05:31:08.248953600Z,READ,249
2025-07-24T05:31:08.250171300Z,WRITE,249
2025-07-24T05:31:09.003732600Z,READ,249
2025-07-24T05:31:10.005979400Z,READ,249
2025-07-24T05:31:11.006303500Z,READ,249
2025-07-24T05:31:12.011549700Z,READ,249
2025-07-24T05:31:13.006080900Z,READ,249
2025-07-24T05:31:13.248856600Z,WRITE,250
2025-07-24T05:31:13.248856600Z,READ,250
2025-07-24T05:31:14.004677900Z,READ,250
2025-07-24T05:31:15.006765600Z,READ,250
2025-07-24T05:31:16.007503300Z,READ,250
2025-07-24T05:31:17.006118500Z,READ,250
2025-07-24T05:31:18.005254200Z,READ,250
2025-07-24T05:31:18.250003100Z,WRITE,251
2025-07-24T05:31:18.250432800Z,READ,251
2025-07-24T05:31:19.003609700Z,READ,251
2025-07-24T05:31:20.009060400Z,READ,251
2025-07-24T05:31:21.005583800Z,READ,251
2025-07-24T05:31:22.004761700Z,READ,251
2025-07-24T05:31:23.005759600Z,READ,251
2025-07-24T05:31:23.249209Z,WRITE,252
2025-07-24T05:31:23.249209Z,READ,252
2025-07-24T05:31:24.007284400Z,READ,252
2025-07-24T05:31:25.004460Z,READ,252
2025-07-24T05:31:26.004922200Z,READ,252
2025-07-24T05:31:27.005322300Z,READ,252
2025-07-24T05:31:28.008714700Z,READ,252
2025-07-24T05:31:28.248490100Z,WRITE,253
2025-07-24T05:31:28.249517400Z,READ,253
2025-07-24T05:31:29.005297100Z,READ,253
2025-07-24T05:31:30.005996900Z,READ,253
2025-07-24T05:31:31.005643700Z,READ,253
2025-07-24T05:31:32.009550600Z,READ,253
2025-07-24T05:31:33.005142100Z,READ,253
2025-07-24T05:31:33.249354600Z,WRITE,254
2025-07-24T05:31:33.249354600Z,READ,254
2025-07-24T05:31:34.002081700Z,READ,254
2025-07-24T05:31:35.005408600Z,READ,254
2025-07-24T05:31:36.010718500Z,READ,254
2025-07-24T05:31:37.005825400Z,READ,254
2025-07-24T05:31:38.005345700Z,READ,254
2025-07-24T05:31:38.248832900Z,WRITE,255
2025-07-24T05:31:38.248832900Z,READ,255
2025-07-24T05:31:39.004638900Z,READ,255
2025-07-24T05:31:40.009374600Z,READ,255
2025-07-24T05:31:41.005327300Z,READ,255
2025-07-24T05:31:42.006969500Z,READ,255
2025-07-24T05:31:43.003383700Z,READ,255
2025-07-24T05:31:43.249629500Z,WRITE,256
2025-07-24T05:31:43.249629500Z,READ,256
2025-07-24T05:31:44.007317700Z,READ,256
2025-07-24T05:31:45.005817300Z,READ,256
2025-07-24T05:31:46.006260400Z,READ,256
2025-07-24T05:31:47.004916500Z,READ,256
2025-07-24T05:31:48.010372Z,READ,256
2025-07-24T05:31:48.249834100Z,WRITE,257
2025-07-24T05:31:48.250835200Z,READ,257
2025-07-24T05:31:49.003874700Z,READ,257
2025-07-24T05:31:50.005523600Z,READ,257
2025-07-24T05:31:51.004893Z,READ,257
2025-07-24T05:31:52.007951700Z,READ,257
2025-07-24T05:31:53.005239100Z,READ,257
2025-07-24T05:31:53.248974600Z,WRITE,258
2025-07-24T05:31:53.248974600Z,READ,258
2025-07-24T05:31:54.004518900Z,READ,258
2025-07-24T05:31:55.006111800Z,READ,258
2025-07-24T05:31:56.007471700Z,READ,258
2025-07-24T05:31:57.006937200Z,READ,258
2025-07-24T05:31:58.037924400Z,READ,258
2025-07-24T05:31:58.246527100Z,WRITE,259
2025-07-24T05:31:58.247097Z,READ,259
2025-07-24T05:31:59.004496800Z,READ,259
2025-07-24T05:32:00.009206700Z,READ,259
2025-07-24T05:32:01.003853800Z,READ,259
2025-07-24T05:32:02.005096200Z,READ,259
2025-07-24T05:32:03.005183Z,READ,259
2025-07-24T05:32:03.248861100Z,WRITE,260
2025-07-24T05:32:03.248861100Z,READ,260
2025-07-24T05:32:04.009874500Z,READ,260
2025-07-24T05:32:05.005447800Z,READ,260
2025-07-24T05:32:06.004714300Z,READ,260
2025-07-24T05:32:07.006061700Z,READ,260
2025-07-24T05:32:08.009514600Z,READ,260
2025-07-24T05:32:08.249913900Z,READ,261
2025-07-24T05:32:08.249913900Z,WRITE,261
2025-07-24T05:32:09.005031200Z,READ,261
2025-07-24T05:32:10.004859600Z,READ,261
2025-07-24T05:32:11.004178200Z,READ,261
2025-07-24T05:32:12.009234800Z,READ,261
2025-07-24T05:32:13.004457Z,READ,261
2025-07-24T05:32:13.250137800Z,WRITE,262
2025-07-24T05:32:13.250137800Z,READ,262
2025-07-24T05:32:14.003523200Z,READ,262
2025-07-24T05:32:15.005979500Z,READ,262
2025-07-24T05:32:16.009309100Z,READ,262
2025-07-24T05:32:17.004916600Z,READ,262
2025-07-24T05:32:18.006325200Z,READ,262
2025-07-24T05:32:18.247938900Z,WRITE,263
2025-07-24T05:32:18.247938900Z,READ,263
2025-07-24T05:32:19.005429800Z,READ,263
2025-07-24T05:32:20.008494900Z,READ,263
2025-07-24T05:32:21.004799400Z,READ,263
2025-07-24T05:32:22.005135900Z,READ,263
2025-07-24T05:32:23.004761500Z,READ,263
2025-07-24T05:32:23.249257800Z,WRITE,264
2025-07-24T05:32:23.250266900Z,READ,264
2025-07-24T05:32:24.009236300Z,READ,264
2025-07-24T05:32:25.005833500Z,READ,264
2025-07-24T05:32:26.005537900Z,READ,264
2025-07-24T05:32:27.004504200Z,READ,264
2025-07-24T05:32:28.008172800Z,READ,264
2025-07-24T05:32:28.250410800Z,WRITE,265
2025-07-24T05:32:28.251405600Z,READ,265
2025-07-24T05:32:29.004051900Z,READ,265
2025-07-24T05:32:30.004837100Z,READ,265
2025-07-24T05:32:31.010388900Z,READ,265
2025-07-24T05:32:32.010753100Z,READ,265
2025-07-24T05:32:33.006523700Z,READ,265
2025-07-24T05:32:33.249324800Z,WRITE,266
2025-07-24T05:32:33.249324800Z,READ,266
2025-07-24T05:32:34.005276500Z,READ,266
2025-07-24T05:32:35.003664100Z,READ,266
2025-07-24T05:32:36.007472400Z,READ,266
2025-07-24T05:32:37.005410600Z,READ,266
2025-07-24T05:32:38.005657300Z,READ,266
2025-07-24T05:32:38.251213500Z,WRITE,267
2025-07-24T05:32:38.251213500Z,READ,267
2025-07-24T05:32:39.004267Z,READ,267
2025-07-24T05:32:40.008310200Z,READ,267
2025-07-24T05:32:41.005950800Z,READ,267
2025-07-24T05:32:42.005418900Z,READ,267
2025-07-24T05:32:43.004144100Z,READ,267
2025-07-24T05:32:43.249823800Z,READ,268
2025-07-24T05:32:43.249823800Z,WRITE,268
2025-07-24T05:32:44.007975600Z,READ,268
2025-07-24T05:32:45.005380400Z,READ,268
2025-07-24T05:32:46.005997700Z,READ,268
2025-07-24T05:32:47.003834700Z,READ,268
2025-07-24T05:32:48.009212200Z,READ,268
2025-07-24T05:32:48.249424800Z,WRITE,269
2025-07-24T05:32:48.249424800Z,READ,269
2025-07-24T05:32:49.004218100Z,READ,269
2025-07-24T05:32:50.004670900Z,READ,269
2025-07-24T05:32:51.005758600Z,READ,269
2025-07-24T05:32:52.008096200Z,READ,269
2025-07-24T05:32:53.004478900Z,READ,269
2025-07-24T05:32:53.249181800Z,WRITE,270
2025-07-24T05:32:53.249181800Z,READ,270
2025-07-24T05:32:54.004759100Z,READ,270
2025-07-24T05:32:55.003674100Z,READ,270
2025-07-24T05:32:56.009482600Z,READ,270
2025-07-24T05:32:57.005861900Z,READ,270
2025-07-24T05:32:58.005315500Z,READ,270
2025-07-24T05:32:58.250152500Z,WRITE,271
2025-07-24T05:32:58.250152500Z,READ,271
2025-07-24T05:32:59.005090700Z,READ,271
2025-07-24T05:33:00.008293600Z,READ,271
2025-07-24T05:33:01.005157200Z,READ,271
2025-07-24T05:33:02.003404200Z,READ,271
2025-07-24T05:33:03.005564900Z,READ,271
2025-07-24T05:33:03.248671500Z,WRITE,272
2025-07-24T05:33:03.249670200Z,READ,272
2025-07-24T05:33:04.008136Z,READ,272
2025-07-24T05:33:05.005531700Z,READ,272
2025-07-24T05:33:06.002620600Z,READ,272
2025-07-24T05:33:07.004717500Z,READ,272
2025-07-24T05:33:08.009267800Z,READ,272
2025-07-24T05:33:08.249175600Z,WRITE,273
2025-07-24T05:33:08.250193400Z,READ,273
2025-07-24T05:33:09.005043200Z,READ,273
2025-07-24T05:33:10.003028300Z,READ,273
2025-07-24T05:33:11.003230700Z,READ,273
2025-07-24T05:33:12.008903900Z,READ,273
2025-07-24T05:33:13.005086800Z,READ,273
2025-07-24T05:33:13.248981300Z,READ,274
2025-07-24T05:33:13.248981300Z,WRITE,274
2025-07-24T05:33:14.004198400Z,READ,274
2025-07-24T05:33:15.005658600Z,READ,274
2025-07-24T05:33:16.010114300Z,READ,274
2025-07-24T05:33:17.004853600Z,READ,274
2025-07-24T05:33:18.004561100Z,READ,274
2025-07-24T05:33:18.251079500Z,WRITE,275
2025-07-24T05:33:18.251079500Z,READ,275
2025-07-24T05:33:19.004069800Z,READ,275
2025-07-24T05:33:20.010406Z,READ,275
2025-07-24T05:33:21.004241900Z,READ,275
2025-07-24T05:33:22.002146800Z,READ,275
2025-07-24T05:33:23.025248900Z,READ,275
2025-07-24T05:33:23.249891400Z,READ,276
2025-07-24T05:33:23.249891400Z,WRITE,276
2025-07-24T05:33:24.008841900Z,READ,276
2025-07-24T05:33:25.004511800Z,READ,276
2025-07-24T05:33:26.005980800Z,READ,276
2025-07-24T05:33:27.003738800Z,READ,276
2025-07-24T05:33:28.008260800Z,READ,276
2025-07-24T05:33:28.249213300Z,WRITE,277
2025-07-24T05:33:28.249213300Z,READ,277
2025-07-24T05:33:29.003518800Z,READ,277
2025-07-24T05:33:30.003590Z,READ,277
2025-07-24T05:33:31.004363600Z,READ,277
2025-07-24T05:33:32.009430100Z,READ,277
2025-07-24T05:33:33.003696Z,READ,277
2025-07-24T05:33:33.248542800Z,WRITE,278
2025-07-24T05:33:33.248542800Z,READ,278
2025-07-24T05:33:34.002131200Z,READ,278
2025-07-24T05:33:35.005280100Z,READ,278
2025-07-24T05:33:36.008671400Z,READ,278
2025-07-24T05:33:37.010629Z,READ,278
2025-07-24T05:33:38.005837300Z,READ,278
2025-07-24T05:33:38.251704800Z,WRITE,279
2025-07-24T05:33:38.258743400Z,READ,279
2025-07-24T05:33:39.007606800Z,READ,279
2025-07-24T05:33:40.009332400Z,READ,279
2025-07-24T05:33:41.005955700Z,READ,279
2025-07-24T05:33:42.002939400Z,READ,279
2025-07-24T05:33:43.002282800Z,READ,279
2025-07-24T05:33:43.250282Z,WRITE,280
2025-07-24T05:33:43.250282Z,READ,280
2025-07-24T05:33:44.018067Z,READ,280
2025-07-24T05:33:45.003054100Z,READ,280
2025-07-24T05:33:46.005999100Z,READ,280
2025-07-24T05:33:47.005180500Z,READ,280
2025-07-24T05:33:48.006369600Z,READ,280
2025-07-24T05:33:48.249362Z,WRITE,281
2025-07-24T05:33:48.249362Z,READ,281
2025-07-24T05:33:49.004043700Z,READ,281
2025-07-24T05:33:50.006161Z,READ,281
2025-07-24T05:33:51.002275800Z,READ,281
2025-07-24T05:33:52.014155600Z,READ,281
2025-07-24T05:33:53.002143Z,READ,281
2025-07-24T05:33:53.247002700Z,WRITE,282
2025-07-24T05:33:53.248003500Z,READ,282
2025-07-24T05:33:54.003003400Z,READ,282
2025-07-24T05:33:55.004278700Z,READ,282
2025-07-24T05:33:56.013011500Z,READ,282
2025-07-24T05:33:57.002007900Z,READ,282
2025-07-24T05:33:58.005000100Z,READ,282
2025-07-24T05:33:58.246999100Z,READ,283
2025-07-24T05:33:58.246999100Z,WRITE,283
2025-07-24T05:33:59.001998600Z,READ,283
2025-07-24T05:34:00.081003800Z,READ,283
2025-07-24T05:34:01.006014200Z,READ,283
2025-07-24T05:34:02.003893100Z,READ,283
2025-07-24T05:34:03.008904Z,READ,283
2025-07-24T05:34:03.250036500Z,WRITE,284
2025-07-24T05:34:03.250954600Z,READ,284
2025-07-24T05:34:04.006972300Z,READ,284
2025-07-24T05:34:05.004927100Z,READ,284
2025-07-24T05:34:06.004688300Z,READ,284
2025-07-24T05:34:07.131627300Z,READ,284
2025-07-24T05:34:08.008169Z,READ,284
2025-07-24T05:34:08.249701100Z,READ,285
2025-07-24T05:34:08.249701100Z,WRITE,285
2025-07-24T05:34:09.005158500Z,READ,285
2025-07-24T05:34:10.006343100Z,READ,285
2025-07-24T05:34:11.004443400Z,READ,285
2025-07-24T05:34:12.009499500Z,READ,285
2025-07-24T05:34:13.004815600Z,READ,285
2025-07-24T05:34:13.249076200Z,READ,286
2025-07-24T05:34:13.249076200Z,WRITE,286
2025-07-24T05:34:14.003217400Z,READ,286
2025-07-24T05:34:15.007560200Z,READ,286
2025-07-24T05:34:16.317142400Z,READ,286
2025-07-24T05:34:17.004696200Z,READ,286
2025-07-24T05:34:18.005146800Z,READ,286
2025-07-24T05:34:18.249479600Z,WRITE,287
2025-07-24T05:34:18.250301100Z,READ,287
2025-07-24T05:34:19.021290400Z,READ,287
2025-07-24T05:34:20.007670700Z,READ,287
2025-07-24T05:34:21.006077100Z,READ,287
2025-07-24T05:34:22.004821Z,READ,287
2025-07-24T05:34:23.013044Z,READ,287
2025-07-24T05:34:23.249887900Z,WRITE,288
2025-07-24T05:34:23.250780900Z,READ,288
2025-07-24T05:34:24.007531900Z,READ,288
2025-07-24T05:34:25.004596300Z,READ,288
2025-07-24T05:34:26.003628300Z,READ,288
2025-07-24T05:34:27.003597300Z,READ,288
2025-07-24T05:34:28.011490400Z,READ,288
2025-07-24T05:34:28.246359Z,WRITE,289
2025-07-24T05:34:28.247359200Z,READ,289
2025-07-24T05:34:29.003347400Z,READ,289
2025-07-24T05:34:30.004684200Z,READ,289
2025-07-24T05:34:31.005330800Z,READ,289
2025-07-24T05:34:32.005431300Z,READ,289
2025-07-24T05:34:33.003325900Z,READ,289
2025-07-24T05:34:33.250337700Z,READ,290
2025-07-24T05:34:33.252336600Z,WRITE,290
2025-07-24T05:34:34.005331100Z,READ,290
2025-07-24T05:34:35.003323500Z,READ,290
2025-07-24T05:34:36.009394600Z,READ,290
2025-07-24T05:34:37.004706700Z,READ,290
2025-07-24T05:34:38.004042300Z,READ,290
2025-07-24T05:34:38.249139800Z,WRITE,291
2025-07-24T05:34:38.249139800Z,READ,291
2025-07-24T05:34:39.002129900Z,READ,291
2025-07-24T05:34:40.006130600Z,READ,291
2025-07-24T05:34:41.153141300Z,READ,291
2025-07-24T05:34:42.002127Z,READ,291
2025-07-24T05:34:43.004139100Z,READ,291
2025-07-24T05:34:43.247303500Z,READ,292
2025-07-24T05:34:43.247303500Z,WRITE,292
2025-07-24T05:34:44.008339100Z,READ,292
2025-07-24T05:34:45.001717900Z,READ,292
2025-07-24T05:34:46.003515600Z,READ,292
2025-07-24T05:34:47.004340500Z,READ,292
2025-07-24T05:34:48.006333900Z,READ,292
2025-07-24T05:34:48.245243300Z,WRITE,293
2025-07-24T05:34:48.245243300Z,READ,293
2025-07-24T05:34:49.006165100Z,READ,293
2025-07-24T05:34:50.004209800Z,READ,293
2025-07-24T05:34:51.005289200Z,READ,293
2025-07-24T05:34:52.009299600Z,READ,293
2025-07-24T05:34:53.005504100Z,READ,293
2025-07-24T05:34:53.250356700Z,WRITE,294
2025-07-24T05:34:53.253359200Z,READ,294
2025-07-24T05:34:54.004216400Z,READ,294
2025-07-24T05:34:55.007047500Z,READ,294
2025-07-24T05:34:56.011034200Z,READ,294
2025-07-24T05:34:57.005256900Z,READ,294
2025-07-24T05:34:58.004531500Z,READ,294
2025-07-24T05:34:58.257430100Z,WRITE,295
2025-07-24T05:34:58.257430100Z,READ,295
2025-07-24T05:34:59.005653700Z,READ,295
2025-07-24T05:35:00.621294200Z,READ,295
2025-07-24T05:35:01.003591800Z,READ,295
2025-07-24T05:35:02.003856400Z,READ,295
2025-07-24T05:35:03.003322400Z,READ,295
2025-07-24T05:35:03.249378200Z,WRITE,296
2025-07-24T05:35:03.250004400Z,READ,296
2025-07-24T05:35:04.006750300Z,READ,296
2025-07-24T05:35:05.004936800Z,READ,296
2025-07-24T05:35:06.005991200Z,READ,296
2025-07-24T05:35:07.005580500Z,READ,296
2025-07-24T05:35:08.048629Z,READ,296
2025-07-24T05:35:08.245619Z,WRITE,297
2025-07-24T05:35:08.245619Z,READ,297
2025-07-24T05:35:09.004233200Z,READ,297
2025-07-24T05:35:10.005453400Z,READ,297
2025-07-24T05:35:11.003041300Z,READ,297
2025-07-24T05:35:12.009837Z,READ,297
2025-07-24T05:35:13.044021700Z,READ,297
2025-07-24T05:35:13.269831200Z,READ,298
2025-07-24T05:35:13.269831200Z,WRITE,298
2025-07-24T05:35:14.002634300Z,READ,298
2025-07-24T05:35:15.005388400Z,READ,298
2025-07-24T05:35:16.010096Z,READ,298
2025-07-24T05:35:17.003758500Z,READ,298
2025-07-24T05:35:18.003569200Z,READ,298
2025-07-24T05:35:18.249282200Z,WRITE,299
2025-07-24T05:35:18.249282200Z,READ,299
2025-07-24T05:35:19.003583700Z,READ,299
2025-07-24T05:35:20.009266700Z,READ,299
2025-07-24T05:35:21.004075700Z,READ,299
2025-07-24T05:35:22.005217300Z,READ,299
2025-07-24T05:35:23.004942900Z,READ,299
2025-07-24T05:35:23.251797Z,READ,300
2025-07-24T05:35:23.251797Z,WRITE,300
2025-07-24T05:35:24.008203400Z,READ,300
2025-07-24T05:35:25.006190600Z,READ,300
2025-07-24T05:35:26.004923500Z,READ,300
2025-07-24T05:35:27.037838300Z,READ,300
2025-07-24T05:35:28.009985800Z,READ,300
2025-07-24T05:35:28.249063600Z,WRITE,301
2025-07-24T05:35:28.249063600Z,READ,301
2025-07-24T05:35:29.005328800Z,READ,301
2025-07-24T05:35:30.005968900Z,READ,301
2025-07-24T05:35:31.005061400Z,READ,301
2025-07-24T05:35:32.010980100Z,READ,301
2025-07-24T05:35:33.005638900Z,READ,301
2025-07-24T05:35:33.248725500Z,WRITE,302
2025-07-24T05:35:33.248725500Z,READ,302
2025-07-24T05:35:34.004822200Z,READ,302
2025-07-24T05:35:35.006118100Z,READ,302
2025-07-24T05:35:36.005731700Z,READ,302
2025-07-24T05:35:37.004542200Z,READ,302
2025-07-24T05:35:38.006691600Z,READ,302
2025-07-24T05:35:38.262133Z,READ,303
2025-07-24T05:35:38.262133Z,WRITE,303
2025-07-24T05:35:39.011844500Z,READ,303
2025-07-24T05:35:40.008169100Z,READ,303
2025-07-24T05:35:41.005794800Z,READ,303
2025-07-24T05:35:42.005222100Z,READ,303
2025-07-24T05:35:43.005218100Z,READ,303
2025-07-24T05:35:43.250580800Z,WRITE,304
2025-07-24T05:35:43.250580800Z,READ,304
2025-07-24T05:35:44.007652300Z,READ,304
2025-07-24T05:35:45.003496100Z,READ,304
2025-07-24T05:35:46.004914800Z,READ,304
2025-07-24T05:35:47.003836300Z,READ,304
2025-07-24T05:35:48.716619800Z,READ,304
2025-07-24T05:35:48.728624700Z,READ,305
2025-07-24T05:35:48.736626100Z,WRITE,305
2025-07-24T05:35:49.004624300Z,READ,305
2025-07-24T05:35:51.368619800Z,READ,305
2025-07-24T05:35:51.368619800Z,READ,305
2025-07-24T05:35:52.003615800Z,READ,305
2025-07-24T05:35:53.003620900Z,READ,305
2025-07-24T05:35:53.245408300Z,WRITE,306
2025-07-24T05:35:53.245408300Z,READ,306
2025-07-24T05:35:54.004392400Z,READ,306
2025-07-24T05:35:55.004042900Z,READ,306
2025-07-24T05:35:56.008241900Z,READ,306
2025-07-24T05:35:57.004102900Z,READ,306
2025-07-24T05:35:58.005809200Z,READ,306
2025-07-24T05:35:58.250621200Z,READ,307
2025-07-24T05:35:58.251627400Z,WRITE,307
2025-07-24T05:35:59.002615500Z,READ,307
2025-07-24T05:36:00.003613700Z,READ,307
2025-07-24T05:36:01.005627400Z,READ,307
2025-07-24T05:36:02.006633800Z,READ,307
2025-07-24T05:36:03.003619700Z,READ,307
2025-07-24T05:36:03.250277700Z,READ,308
2025-07-24T05:36:03.250277700Z,WRITE,308
2025-07-24T05:36:04.005618700Z,READ,308
2025-07-24T05:36:05.003261700Z,READ,308
2025-07-24T05:36:06.004315Z,READ,308
2025-07-24T05:36:07.005428800Z,READ,308
2025-07-24T05:36:08.004590900Z,READ,308
2025-07-24T05:36:08.245202300Z,READ,309
2025-07-24T05:36:08.246212100Z,WRITE,309
2025-07-24T05:36:09.004215900Z,READ,309
2025-07-24T05:36:10.069203300Z,READ,309
2025-07-24T05:36:11.004515700Z,READ,309
2025-07-24T05:36:12.006458600Z,READ,309
2025-07-24T05:36:13.003205800Z,READ,309
2025-07-24T05:36:13.246320100Z,WRITE,310
2025-07-24T05:36:13.247320Z,READ,310
2025-07-24T05:36:14.003343300Z,READ,310
2025-07-24T05:36:15.003319100Z,READ,310
2025-07-24T05:36:16.007325300Z,READ,310
2025-07-24T05:36:17.002318100Z,READ,310
2025-07-24T05:36:18.004813200Z,READ,310
2025-07-24T05:36:18.248681500Z,WRITE,311
2025-07-24T05:36:18.248681500Z,READ,311
2025-07-24T05:36:19.004105200Z,READ,311
2025-07-24T05:36:20.006290100Z,READ,311
2025-07-24T05:36:21.005816500Z,READ,311
2025-07-24T05:36:22.005728900Z,READ,311
2025-07-24T05:36:23.006005100Z,READ,311
2025-07-24T05:36:23.250407900Z,READ,312
2025-07-24T05:36:23.250407900Z,WRITE,312
2025-07-24T05:36:24.007372200Z,READ,312
2025-07-24T05:36:25.004989500Z,READ,312
2025-07-24T05:36:26.006019400Z,READ,312
2025-07-24T05:36:28.720223100Z,READ,312
2025-07-24T05:36:28.733565400Z,READ,312
2025-07-24T05:36:28.733565400Z,READ,313
2025-07-24T05:36:28.734565100Z,WRITE,313
2025-07-24T05:36:29.002560700Z,READ,313
2025-07-24T05:36:30.004587100Z,READ,313
2025-07-24T05:36:31.005038800Z,READ,313
2025-07-24T05:36:32.009368500Z,READ,313
2025-07-24T05:36:33.003378300Z,READ,313
2025-07-24T05:36:33.247387700Z,READ,314
2025-07-24T05:36:33.247387700Z,WRITE,314
2025-07-24T05:36:34.002689800Z,READ,314
2025-07-24T05:36:35.004845600Z,READ,314
2025-07-24T05:36:36.009657300Z,READ,314
2025-07-24T05:36:37.003502400Z,READ,314
2025-07-24T05:36:38.003443800Z,READ,314
2025-07-24T05:36:38.249560300Z,WRITE,315
2025-07-24T05:36:38.250574400Z,READ,315
2025-07-24T05:36:39.004738300Z,READ,315
2025-07-24T05:36:40.007741Z,READ,315
2025-07-24T05:36:41.004729700Z,READ,315
2025-07-24T05:36:42.003728700Z,READ,315
2025-07-24T05:36:43.002880500Z,READ,315
2025-07-24T05:36:43.246086200Z,WRITE,316
2025-07-24T05:36:43.246086200Z,READ,316
2025-07-24T05:36:44.004858200Z,READ,316
2025-07-24T05:36:45.003857100Z,READ,316
2025-07-24T05:36:46.002939600Z,READ,316
2025-07-24T05:36:47.002858700Z,READ,316
2025-07-24T05:36:48.004858200Z,READ,316
2025-07-24T05:36:48.246813900Z,READ,317
2025-07-24T05:36:48.246813900Z,WRITE,317
2025-07-24T05:36:49.002810600Z,READ,317
2025-07-24T05:36:50.001814600Z,READ,317
2025-07-24T05:36:51.004819200Z,READ,317
2025-07-24T05:36:52.007813200Z,READ,317
2025-07-24T05:36:53.003580500Z,READ,317
2025-07-24T05:36:53.247646900Z,WRITE,318
2025-07-24T05:36:53.247646900Z,READ,318
2025-07-24T05:36:54.002643100Z,READ,318
2025-07-24T05:36:55.002646500Z,READ,318
2025-07-24T05:36:56.002641200Z,READ,318
2025-07-24T05:36:57.003648700Z,READ,318
2025-07-24T05:36:58.003939800Z,READ,318
2025-07-24T05:36:58.247420800Z,WRITE,319
2025-07-24T05:36:58.247420800Z,READ,319
2025-07-24T05:36:59.002417900Z,READ,319
2025-07-24T05:37:00.003415Z,READ,319
2025-07-24T05:37:01.003763800Z,READ,319
2025-07-24T05:37:02.003756600Z,READ,319
2025-07-24T05:37:03.003239400Z,READ,319
2025-07-24T05:37:03.245942600Z,READ,320
2025-07-24T05:37:03.245942600Z,WRITE,320
2025-07-24T05:37:04.003952700Z,READ,320
2025-07-24T05:37:05.002945600Z,READ,320
2025-07-24T05:37:06.002952400Z,READ,320
2025-07-24T05:37:07.003402500Z,READ,320
2025-07-24T05:37:08.005530600Z,READ,320
2025-07-24T05:37:08.246529800Z,WRITE,321
2025-07-24T05:37:08.247932400Z,READ,321
2025-07-24T05:37:09.002679200Z,READ,321
2025-07-24T05:37:10.002152600Z,READ,321
2025-07-24T05:37:11.004214100Z,READ,321
2025-07-24T05:37:12.008412100Z,READ,321
2025-07-24T05:37:13.003918500Z,READ,321
2025-07-24T05:37:13.248421100Z,WRITE,322
2025-07-24T05:37:13.248421100Z,READ,322
2025-07-24T05:37:14.003559600Z,READ,322
2025-07-24T05:37:15.005692700Z,READ,322
2025-07-24T05:37:16.008816Z,READ,322
2025-07-24T05:37:17.005286100Z,READ,322
2025-07-24T05:37:18.002813600Z,READ,322
2025-07-24T05:37:18.246311Z,READ,323
2025-07-24T05:37:18.246940400Z,WRITE,323
2025-07-24T05:37:19.004531800Z,READ,323
2025-07-24T05:37:20.008684700Z,READ,323
2025-07-24T05:37:21.002465Z,READ,323
2025-07-24T05:37:22.005473400Z,READ,323
2025-07-24T05:37:23.004470400Z,READ,323
2025-07-24T05:37:23.248352400Z,WRITE,324
2025-07-24T05:37:23.248352400Z,READ,324
2025-07-24T05:37:24.006356400Z,READ,324
2025-07-24T05:37:25.005355600Z,READ,324
2025-07-24T05:37:26.005351900Z,READ,324
2025-07-24T05:37:27.003356200Z,READ,324
2025-07-24T05:37:28.007551200Z,READ,324
2025-07-24T05:37:28.246259100Z,WRITE,325
2025-07-24T05:37:28.246259100Z,READ,325
2025-07-24T05:37:29.004261Z,READ,325
2025-07-24T05:37:30.004277800Z,READ,325
2025-07-24T05:37:31.003263500Z,READ,325
2025-07-24T05:37:32.005262700Z,READ,325
2025-07-24T05:37:33.002263500Z,READ,325
2025-07-24T05:37:33.248051500Z,WRITE,326
2025-07-24T05:37:33.248981600Z,READ,326
2025-07-24T05:37:34.004438500Z,READ,326
2025-07-24T05:37:35.005721500Z,READ,326
2025-07-24T05:37:36.002839200Z,READ,326
2025-07-24T05:37:37.005712600Z,READ,326
2025-07-24T05:37:38.005340900Z,READ,326
2025-07-24T05:37:38.249622800Z,WRITE,327
2025-07-24T05:37:38.249622800Z,READ,327
2025-07-24T05:37:39.004373300Z,READ,327
2025-07-24T05:37:40.006934100Z,READ,327
2025-07-24T05:37:41.002930900Z,READ,327
2025-07-24T05:37:42.002933200Z,READ,327
2025-07-24T05:37:43.004325400Z,READ,327
2025-07-24T05:37:43.246141600Z,WRITE,328
2025-07-24T05:37:43.246141600Z,READ,328
2025-07-24T05:37:44.006144500Z,READ,328
2025-07-24T05:37:45.003395700Z,READ,328
2025-07-24T05:37:46.003952600Z,READ,328
2025-07-24T05:37:47.002961900Z,READ,328
2025-07-24T05:37:48.003847600Z,READ,328
2025-07-24T05:37:48.249450400Z,WRITE,329
2025-07-24T05:37:48.250449700Z,READ,329
2025-07-24T05:37:49.011130Z,READ,329
2025-07-24T05:37:50.003374400Z,READ,329
2025-07-24T05:37:51.004586Z,READ,329
2025-07-24T05:37:52.009655900Z,READ,329
2025-07-24T05:37:53.004925Z,READ,329
2025-07-24T05:37:53.249125900Z,WRITE,330
2025-07-24T05:37:53.249125900Z,READ,330
2025-07-24T05:37:54.004767700Z,READ,330
2025-07-24T05:37:55.007440700Z,READ,330
2025-07-24T05:37:56.008476700Z,READ,330
2025-07-24T05:37:57.003426500Z,READ,330
2025-07-24T05:37:58.005437800Z,READ,330
2025-07-24T05:37:58.248344900Z,READ,331
2025-07-24T05:37:58.248344900Z,WRITE,331
2025-07-24T05:37:59.002333900Z,READ,331
2025-07-24T05:38:00.003337200Z,READ,331
2025-07-24T05:38:01.002576Z,READ,331
2025-07-24T05:38:02.005540300Z,READ,331
2025-07-24T05:38:03.003337900Z,READ,331
2025-07-24T05:38:03.246871500Z,READ,332
2025-07-24T05:38:03.246871500Z,WRITE,332
2025-07-24T05:38:04.006973100Z,READ,332
2025-07-24T05:38:05.002859200Z,READ,332
2025-07-24T05:38:06.001859800Z,READ,332
2025-07-24T05:38:07.001859200Z,READ,332
2025-07-24T05:38:08.006834900Z,READ,332
2025-07-24T05:38:08.248968800Z,WRITE,333
2025-07-24T05:38:08.248968800Z,READ,333
2025-07-24T05:38:09.005805300Z,READ,333
2025-07-24T05:38:10.004562600Z,READ,333
2025-07-24T05:38:11.005778600Z,READ,333
2025-07-24T05:38:12.008189100Z,READ,333
2025-07-24T05:38:13.004780500Z,READ,333
2025-07-24T05:38:13.251151600Z,WRITE,334
2025-07-24T05:38:13.252170300Z,READ,334
2025-07-24T05:38:14.002333600Z,READ,334
2025-07-24T05:38:15.002345Z,READ,334
2025-07-24T05:38:16.003342600Z,READ,334
2025-07-24T05:38:17.005388700Z,READ,334
2025-07-24T05:38:18.004041Z,READ,334
2025-07-24T05:38:18.249448400Z,WRITE,335
2025-07-24T05:38:18.249448400Z,READ,335
2025-07-24T05:38:19.003302700Z,READ,335
2025-07-24T05:38:20.008785100Z,READ,335
2025-07-24T05:38:21.004030Z,READ,335
2025-07-24T05:38:22.005394300Z,READ,335
2025-07-24T05:38:23.004731500Z,READ,335
2025-07-24T05:38:23.249197400Z,WRITE,336
2025-07-24T05:38:23.250190500Z,READ,336
2025-07-24T05:38:24.007903500Z,READ,336
2025-07-24T05:38:25.003304500Z,READ,336
2025-07-24T05:38:26.002970900Z,READ,336
2025-07-24T05:38:27.004437400Z,READ,336
2025-07-24T05:38:28.008407100Z,READ,336
2025-07-24T05:38:28.245618500Z,READ,337
2025-07-24T05:38:28.245618500Z,WRITE,337
2025-07-24T05:38:29.002020800Z,READ,337
2025-07-24T05:38:30.003024700Z,READ,337
2025-07-24T05:38:31.002174700Z,READ,337
2025-07-24T05:38:32.007178200Z,READ,337
2025-07-24T05:38:33.005177500Z,READ,337
2025-07-24T05:38:33.246177400Z,READ,338
2025-07-24T05:38:33.246177400Z,WRITE,338
2025-07-24T05:38:34.002166500Z,READ,338
2025-07-24T05:38:35.002167500Z,READ,338
2025-07-24T05:38:36.005180100Z,READ,338
2025-07-24T05:38:37.003172100Z,READ,338
2025-07-24T05:38:38.003285800Z,READ,338
2025-07-24T05:38:38.245762400Z,READ,339
2025-07-24T05:38:38.246563400Z,WRITE,339
2025-07-24T05:38:39.002560Z,READ,339
2025-07-24T05:38:40.008564Z,READ,339
2025-07-24T05:38:41.004192200Z,READ,339
2025-07-24T05:38:42.003895600Z,READ,339
2025-07-24T05:38:43.002583400Z,READ,339
2025-07-24T05:38:43.246573100Z,READ,340
2025-07-24T05:38:43.246573100Z,WRITE,340
2025-07-24T05:38:44.008220900Z,READ,340
2025-07-24T05:38:45.005607Z,READ,340
2025-07-24T05:38:46.005350300Z,READ,340
2025-07-24T05:38:47.004330900Z,READ,340
2025-07-24T05:38:48.010950700Z,READ,340
2025-07-24T05:38:48.246577700Z,WRITE,341
2025-07-24T05:38:48.246577700Z,READ,341
2025-07-24T05:38:49.004331300Z,READ,341
2025-07-24T05:38:50.003465300Z,READ,341
2025-07-24T05:38:51.004867700Z,READ,341
2025-07-24T05:38:52.008667200Z,READ,341
2025-07-24T05:38:53.004888600Z,READ,341
2025-07-24T05:38:53.248902100Z,WRITE,342
2025-07-24T05:38:53.249834400Z,READ,342
2025-07-24T05:38:54.003969900Z,READ,342
2025-07-24T05:38:55.004562500Z,READ,342
2025-07-24T05:38:56.008789Z,READ,342
2025-07-24T05:38:57.005236500Z,READ,342
2025-07-24T05:38:58.004968200Z,READ,342
2025-07-24T05:38:58.249600100Z,WRITE,343
2025-07-24T05:38:58.249600100Z,READ,343
2025-07-24T05:38:59.005363200Z,READ,343
2025-07-24T05:39:00.011938100Z,READ,343
2025-07-24T05:39:01.006458Z,READ,343
2025-07-24T05:39:02.005001900Z,READ,343
2025-07-24T05:39:03.005050500Z,READ,343
2025-07-24T05:39:03.246041300Z,WRITE,344
2025-07-24T05:39:03.246041300Z,READ,344
2025-07-24T05:39:04.004050300Z,READ,344
2025-07-24T05:39:05.005042500Z,READ,344
2025-07-24T05:39:06.003046200Z,READ,344
2025-07-24T05:39:07.004434400Z,READ,344
2025-07-24T05:39:08.008040800Z,READ,344
2025-07-24T05:39:08.245081100Z,READ,345
2025-07-24T05:39:08.246040500Z,WRITE,345
2025-07-24T05:39:09.002039Z,READ,345
2025-07-24T05:39:10.003038800Z,READ,345
2025-07-24T05:39:11.002047500Z,READ,345
2025-07-24T05:39:12.006042900Z,READ,345
2025-07-24T05:39:13.003414200Z,READ,345
2025-07-24T05:39:13.248161700Z,READ,346
2025-07-24T05:39:13.248161700Z,WRITE,346
2025-07-24T05:39:14.001145700Z,READ,346
2025-07-24T05:39:15.004260100Z,READ,346
2025-07-24T05:39:16.002944Z,READ,346
2025-07-24T05:39:17.889621900Z,READ,346
2025-07-24T05:39:18.005632100Z,READ,346
2025-07-24T05:39:18.249709700Z,READ,347
2025-07-24T05:39:18.250706400Z,WRITE,347
2025-07-24T05:39:19.003026900Z,READ,347
2025-07-24T05:39:20.007604300Z,READ,347
2025-07-24T05:39:21.004741500Z,READ,347
2025-07-24T05:39:22.005046700Z,READ,347
2025-07-24T05:39:23.002940500Z,READ,347
2025-07-24T05:39:23.246756700Z,WRITE,348
2025-07-24T05:39:23.246756700Z,READ,348
2025-07-24T05:39:24.007150200Z,READ,348
2025-07-24T05:39:25.004497Z,READ,348
2025-07-24T05:39:26.004042700Z,READ,348
2025-07-24T05:39:27.004352200Z,READ,348
2025-07-24T05:39:28.007617200Z,READ,348
2025-07-24T05:39:28.248804Z,WRITE,349
2025-07-24T05:39:28.248804Z,READ,349
2025-07-24T05:39:29.005692900Z,READ,349
2025-07-24T05:39:30.004046100Z,READ,349
2025-07-24T05:39:31.005754800Z,READ,349
2025-07-24T05:39:32.008970300Z,READ,349
2025-07-24T05:39:33.005762300Z,READ,349
2025-07-24T05:39:33.249532800Z,READ,350
2025-07-24T05:39:33.250547700Z,WRITE,350
2025-07-24T05:39:34.003968800Z,READ,350
2025-07-24T05:39:35.004682400Z,READ,350
2025-07-24T05:39:36.008633100Z,READ,350
2025-07-24T05:39:37.005947200Z,READ,350
2025-07-24T05:39:38.006123800Z,READ,350
2025-07-24T05:39:38.249078700Z,WRITE,351
2025-07-24T05:39:38.250086600Z,READ,351
2025-07-24T05:39:39.002069700Z,READ,351
2025-07-24T05:39:40.007127100Z,READ,351
2025-07-24T05:39:41.004072600Z,READ,351
2025-07-24T05:39:42.003069900Z,READ,351
2025-07-24T05:39:43.003069100Z,READ,351
2025-07-24T05:39:43.246693300Z,WRITE,352
2025-07-24T05:39:43.246693300Z,READ,352
2025-07-24T05:39:44.004925200Z,READ,352
2025-07-24T05:39:45.001782300Z,READ,352
2025-07-24T05:39:46.001784800Z,READ,352
2025-07-24T05:39:47.002785200Z,READ,352
2025-07-24T05:39:48.005785800Z,READ,352
2025-07-24T05:39:48.246013700Z,WRITE,353
2025-07-24T05:39:48.247013500Z,READ,353
2025-07-24T05:39:49.003032800Z,READ,353
2025-07-24T05:39:50.002098900Z,READ,353
2025-07-24T05:39:51.002709300Z,READ,353
2025-07-24T05:39:52.003427800Z,READ,353
2025-07-24T05:39:53.005851200Z,READ,353
2025-07-24T05:39:53.248137600Z,READ,354
2025-07-24T05:39:53.248137600Z,WRITE,354
2025-07-24T05:39:54.005127200Z,READ,354
2025-07-24T05:39:55.005428800Z,READ,354
2025-07-24T05:39:56.008598400Z,READ,354
2025-07-24T05:39:57.006048300Z,READ,354
2025-07-24T05:39:58.006338800Z,READ,354
2025-07-24T05:39:58.249001500Z,WRITE,355
2025-07-24T05:39:58.249001500Z,READ,355
2025-07-24T05:39:59.004865800Z,READ,355
2025-07-24T05:40:00.008372600Z,READ,355
2025-07-24T05:40:01.003577700Z,READ,355
2025-07-24T05:40:02.004838Z,READ,355
2025-07-24T05:40:03.004363900Z,READ,355
2025-07-24T05:40:03.250629400Z,WRITE,356
2025-07-24T05:40:03.250629400Z,READ,356
2025-07-24T05:40:04.010225400Z,READ,356
2025-07-24T05:40:05.002360Z,READ,356
2025-07-24T05:40:06.004771400Z,READ,356
2025-07-24T05:40:07.006811900Z,READ,356
2025-07-24T05:40:08.004456200Z,READ,356
2025-07-24T05:40:08.246255300Z,READ,357
2025-07-24T05:40:08.247258300Z,WRITE,357
2025-07-24T05:40:09.003258600Z,READ,357
2025-07-24T05:40:10.002693500Z,READ,357
2025-07-24T05:40:11.004366300Z,READ,357
2025-07-24T05:40:12.010170800Z,READ,357
2025-07-24T05:40:13.002157500Z,READ,357
2025-07-24T05:40:13.245913400Z,WRITE,358
2025-07-24T05:40:13.245913400Z,READ,358
2025-07-24T05:40:14.001908Z,READ,358
2025-07-24T05:40:15.002024200Z,READ,358
2025-07-24T05:40:16.004129900Z,READ,358
2025-07-24T05:40:17.006154100Z,READ,358
2025-07-24T05:40:18.005261300Z,READ,358
2025-07-24T05:40:18.247910700Z,WRITE,359
2025-07-24T05:40:18.247910700Z,READ,359
2025-07-24T05:40:19.004916900Z,READ,359
2025-07-24T05:40:20.003963800Z,READ,359
2025-07-24T05:40:21.002912300Z,READ,359
2025-07-24T05:40:22.002911Z,READ,359
2025-07-24T05:40:23.001908600Z,READ,359
2025-07-24T05:40:23.249436200Z,WRITE,360
2025-07-24T05:40:23.249436200Z,READ,360
2025-07-24T05:40:24.003428400Z,READ,360
2025-07-24T05:40:25.006542100Z,READ,360
2025-07-24T05:40:26.005306900Z,READ,360
2025-07-24T05:40:27.005675200Z,READ,360
2025-07-24T05:40:28.007591200Z,READ,360
2025-07-24T05:40:28.248740800Z,WRITE,361
2025-07-24T05:40:28.249750500Z,READ,361
2025-07-24T05:40:29.005520600Z,READ,361
2025-07-24T05:40:30.004992400Z,READ,361
2025-07-24T05:40:31.005418Z,READ,361
2025-07-24T05:40:32.008488300Z,READ,361
2025-07-24T05:40:33.005554800Z,READ,361
2025-07-24T05:40:33.248633800Z,READ,362
2025-07-24T05:40:33.248633800Z,WRITE,362
2025-07-24T05:40:34.004752600Z,READ,362
2025-07-24T05:40:35.001862800Z,READ,362
2025-07-24T05:40:36.008393100Z,READ,362
2025-07-24T05:40:37.004543800Z,READ,362
2025-07-24T05:40:38.005901700Z,READ,362
2025-07-24T05:40:38.249576700Z,WRITE,363
2025-07-24T05:40:38.249576700Z,READ,363
2025-07-24T05:40:39.004125300Z,READ,363
2025-07-24T05:40:40.007897100Z,READ,363
2025-07-24T05:40:41.004336100Z,READ,363
2025-07-24T05:40:42.005829400Z,READ,363
2025-07-24T05:40:43.006476900Z,READ,363
2025-07-24T05:40:43.249186100Z,READ,364
2025-07-24T05:40:43.249186100Z,WRITE,364
2025-07-24T05:40:44.008246500Z,READ,364
2025-07-24T05:40:45.005155500Z,READ,364
2025-07-24T05:40:46.008179500Z,READ,364
2025-07-24T05:40:47.002156900Z,READ,364
2025-07-24T05:40:48.009177Z,READ,364
2025-07-24T05:40:48.247710600Z,WRITE,365
2025-07-24T05:40:48.247710600Z,READ,365
2025-07-24T05:40:49.003652400Z,READ,365
2025-07-24T05:40:50.002660600Z,READ,365
2025-07-24T05:40:51.003051800Z,READ,365
2025-07-24T05:40:52.006651500Z,READ,365
2025-07-24T05:40:53.003652900Z,READ,365
2025-07-24T05:40:53.246654400Z,WRITE,366
2025-07-24T05:40:53.247654700Z,READ,366
2025-07-24T05:40:54.001651100Z,READ,366
2025-07-24T05:40:55.002650600Z,READ,366
2025-07-24T05:40:56.002651600Z,READ,366
2025-07-24T05:40:57.001660300Z,READ,366
2025-07-24T05:40:58.001655Z,READ,366
2025-07-24T05:40:58.247464700Z,READ,367
2025-07-24T05:40:58.247464700Z,WRITE,367
2025-07-24T05:40:59.001687600Z,READ,367
2025-07-24T05:41:00.006210400Z,READ,367
2025-07-24T05:41:01.003200800Z,READ,367
2025-07-24T05:41:02.004640600Z,READ,367
2025-07-24T05:41:03.004795300Z,READ,367
2025-07-24T05:41:03.250790300Z,WRITE,368
2025-07-24T05:41:03.250790300Z,READ,368
2025-07-24T05:41:04.010789400Z,READ,368
2025-07-24T05:41:05.002922900Z,READ,368
2025-07-24T05:41:06.005862600Z,READ,368
2025-07-24T05:41:07.005192Z,READ,368
2025-07-24T05:41:08.009006600Z,READ,368
2025-07-24T05:41:08.247252600Z,WRITE,369
2025-07-24T05:41:08.248268800Z,READ,369
2025-07-24T05:41:09.004516300Z,READ,369
2025-07-24T05:41:10.005383300Z,READ,369
2025-07-24T05:41:11.005913400Z,READ,369
2025-07-24T05:41:12.010406700Z,READ,369
2025-07-24T05:41:13.005048Z,READ,369
2025-07-24T05:41:13.248224800Z,READ,370
2025-07-24T05:41:13.248224800Z,WRITE,370
2025-07-24T05:41:14.004790800Z,READ,370
2025-07-24T05:41:15.004094200Z,READ,370
2025-07-24T05:41:16.009671400Z,READ,370
2025-07-24T05:41:17.005137100Z,READ,370
2025-07-24T05:41:18.005009300Z,READ,370
2025-07-24T05:41:18.249393800Z,WRITE,371
2025-07-24T05:41:18.249393800Z,READ,371
2025-07-24T05:41:19.003357200Z,READ,371
2025-07-24T05:41:20.003216700Z,READ,371
2025-07-24T05:41:21.004865200Z,READ,371
2025-07-24T05:41:22.005470500Z,READ,371
2025-07-24T05:41:23.002868500Z,READ,371
2025-07-24T05:41:23.248468600Z,READ,372
2025-07-24T05:41:23.248468600Z,WRITE,372
2025-07-24T05:41:24.004700700Z,READ,372
2025-07-24T05:41:25.003462500Z,READ,372
2025-07-24T05:41:26.001837300Z,READ,372
2025-07-24T05:41:27.002882800Z,READ,372
2025-07-24T05:41:28.005833800Z,READ,372
2025-07-24T05:41:28.247154400Z,WRITE,373
2025-07-24T05:41:28.247154400Z,READ,373
2025-07-24T05:41:29.002380300Z,READ,373
2025-07-24T05:41:30.004149500Z,READ,373
2025-07-24T05:41:31.003150100Z,READ,373
2025-07-24T05:41:32.004149900Z,READ,373
2025-07-24T05:41:33.003211200Z,READ,373
2025-07-24T05:41:33.246461500Z,WRITE,374
2025-07-24T05:41:33.247463300Z,READ,374
2025-07-24T05:41:34.002459100Z,READ,374
2025-07-24T05:41:35.001461300Z,READ,374
2025-07-24T05:41:36.004087100Z,READ,374
2025-07-24T05:41:37.002686900Z,READ,374
2025-07-24T05:41:38.004396800Z,READ,374
2025-07-24T05:41:38.246339800Z,READ,375
2025-07-24T05:41:38.246339800Z,WRITE,375
2025-07-24T05:41:39.004411500Z,READ,375
2025-07-24T05:41:40.006677200Z,READ,375
2025-07-24T05:41:41.005496700Z,READ,375
2025-07-24T05:41:42.004965900Z,READ,375
2025-07-24T05:41:43.006269100Z,READ,375
2025-07-24T05:41:43.248992300Z,WRITE,376
2025-07-24T05:41:43.248992300Z,READ,376
2025-07-24T05:41:44.006811100Z,READ,376
2025-07-24T05:41:45.006854600Z,READ,376
2025-07-24T05:41:46.004454800Z,READ,376
2025-07-24T05:41:47.003730100Z,READ,376
2025-07-24T05:41:48.008910Z,READ,376
2025-07-24T05:41:48.248706800Z,WRITE,377
2025-07-24T05:41:48.250488600Z,READ,377
2025-07-24T05:41:49.002008900Z,READ,377
2025-07-24T05:41:50.002282500Z,READ,377
2025-07-24T05:41:51.002006500Z,READ,377
2025-07-24T05:41:52.007328500Z,READ,377
2025-07-24T05:41:53.006696800Z,READ,377
2025-07-24T05:41:53.246214100Z,READ,378
2025-07-24T05:41:53.246214100Z,WRITE,378
2025-07-24T05:41:54.003805800Z,READ,378
2025-07-24T05:41:55.004067900Z,READ,378
2025-07-24T05:41:56.008565700Z,READ,378
2025-07-24T05:41:57.005312500Z,READ,378
2025-07-24T05:41:58.004579Z,READ,378
2025-07-24T05:41:58.248923700Z,WRITE,379
2025-07-24T05:41:58.248923700Z,READ,379
2025-07-24T05:41:59.003979700Z,READ,379
2025-07-24T05:42:00.006981900Z,READ,379
2025-07-24T05:42:01.004019800Z,READ,379
2025-07-24T05:42:02.002978700Z,READ,379
2025-07-24T05:42:03.001971300Z,READ,379
2025-07-24T05:42:03.246126300Z,WRITE,380
2025-07-24T05:42:03.246126300Z,READ,380
2025-07-24T05:42:04.004121500Z,READ,380
2025-07-24T05:42:05.005133900Z,READ,380
2025-07-24T05:42:06.002117400Z,READ,380
2025-07-24T05:42:07.003121800Z,READ,380
2025-07-24T05:42:08.004121800Z,READ,380
2025-07-24T05:42:08.246163400Z,READ,381
2025-07-24T05:42:08.246163400Z,WRITE,381
2025-07-24T05:42:09.003156800Z,READ,381
2025-07-24T05:42:10.001156300Z,READ,381
2025-07-24T05:42:11.002330700Z,READ,381
2025-07-24T05:42:12.006224200Z,READ,381
2025-07-24T05:42:13.004437Z,READ,381
2025-07-24T05:42:13.248671100Z,READ,382
2025-07-24T05:42:13.249666600Z,WRITE,382
2025-07-24T05:42:14.004895100Z,READ,382
2025-07-24T05:42:15.005354200Z,READ,382
2025-07-24T05:42:16.009778Z,READ,382
2025-07-24T05:42:17.004911600Z,READ,382
2025-07-24T05:42:18.006841400Z,READ,382
2025-07-24T05:42:18.249109900Z,READ,383
2025-07-24T05:42:18.249109900Z,WRITE,383
2025-07-24T05:42:19.003273700Z,READ,383
2025-07-24T05:42:20.007039Z,READ,383
2025-07-24T05:42:21.005535Z,READ,383
2025-07-24T05:42:22.006047200Z,READ,383
2025-07-24T05:42:23.003683800Z,READ,383
2025-07-24T05:42:23.248736Z,WRITE,384
2025-07-24T05:42:23.249737700Z,READ,384
2025-07-24T05:42:24.007159900Z,READ,384
2025-07-24T05:42:25.005629300Z,READ,384
2025-07-24T05:42:26.004274100Z,READ,384
2025-07-24T05:42:27.006284300Z,READ,384
2025-07-24T05:42:28.008944600Z,READ,384
2025-07-24T05:42:28.248722600Z,WRITE,385
2025-07-24T05:42:28.249759Z,READ,385
2025-07-24T05:42:29.010741200Z,READ,385
2025-07-24T05:42:30.005260500Z,READ,385
2025-07-24T05:42:31.005435300Z,READ,385
2025-07-24T05:42:32.009662100Z,READ,385
2025-07-24T05:42:33.004432700Z,READ,385
2025-07-24T05:42:33.247231600Z,READ,386
2025-07-24T05:42:33.247231600Z,WRITE,386
2025-07-24T05:42:34.004124300Z,READ,386
2025-07-24T05:42:35.003119200Z,READ,386
2025-07-24T05:42:36.006120100Z,READ,386
2025-07-24T05:42:37.004114700Z,READ,386
2025-07-24T05:42:38.003172800Z,READ,386
2025-07-24T05:42:38.247638100Z,WRITE,387
2025-07-24T05:42:38.247638100Z,READ,387
2025-07-24T05:42:39.002649800Z,READ,387
2025-07-24T05:42:40.005193400Z,READ,387
2025-07-24T05:42:41.002636800Z,READ,387
2025-07-24T05:42:42.002649700Z,READ,387
2025-07-24T05:42:43.002632900Z,READ,387
2025-07-24T05:42:43.246635400Z,READ,388
2025-07-24T05:42:43.246635400Z,WRITE,388
2025-07-24T05:42:44.004638300Z,READ,388
2025-07-24T05:42:45.004902100Z,READ,388
2025-07-24T05:42:46.004092700Z,READ,388
2025-07-24T05:42:47.001861Z,READ,388
2025-07-24T05:42:48.007607700Z,READ,388
2025-07-24T05:42:48.248640900Z,READ,389
2025-07-24T05:42:48.248640900Z,WRITE,389
2025-07-24T05:42:49.003386800Z,READ,389
2025-07-24T05:42:50.004701600Z,READ,389
2025-07-24T05:42:51.006178600Z,READ,389
2025-07-24T05:42:52.007109400Z,READ,389
2025-07-24T05:42:53.005501300Z,READ,389
2025-07-24T05:42:53.248021200Z,READ,390
2025-07-24T05:42:53.248918800Z,WRITE,390
2025-07-24T05:42:54.003974Z,READ,390
2025-07-24T05:42:55.004319500Z,READ,390
2025-07-24T05:42:56.010015600Z,READ,390
2025-07-24T05:42:57.003698200Z,READ,390
2025-07-24T05:42:58.005263400Z,READ,390
2025-07-24T05:42:58.249988600Z,WRITE,391
2025-07-24T05:42:58.249988600Z,READ,391
2025-07-24T05:42:59.004354700Z,READ,391
2025-07-24T05:43:00.009267400Z,READ,391
2025-07-24T05:43:01.004368100Z,READ,391
2025-07-24T05:43:02.005870300Z,READ,391
2025-07-24T05:43:03.004265100Z,READ,391
2025-07-24T05:43:03.249422700Z,WRITE,392
2025-07-24T05:43:03.249422700Z,READ,392
2025-07-24T05:43:04.004068100Z,READ,392
2025-07-24T05:43:05.004904Z,READ,392
2025-07-24T05:43:06.001898400Z,READ,392
2025-07-24T05:43:07.003406800Z,READ,392
2025-07-24T05:43:08.009092800Z,READ,392
2025-07-24T05:43:08.247091200Z,WRITE,393
2025-07-24T05:43:08.247091200Z,READ,393
2025-07-24T05:43:09.003102300Z,READ,393
2025-07-24T05:43:10.002089600Z,READ,393
2025-07-24T05:43:11.003409100Z,READ,393
2025-07-24T05:43:12.006093800Z,READ,393
2025-07-24T05:43:13.002088200Z,READ,393
2025-07-24T05:43:13.246218500Z,READ,394
2025-07-24T05:43:13.246218500Z,WRITE,394
2025-07-24T05:43:14.002212800Z,READ,394
2025-07-24T05:43:15.001212500Z,READ,394
2025-07-24T05:43:16.005223600Z,READ,394
2025-07-24T05:43:17.003274800Z,READ,394
2025-07-24T05:43:18.003229200Z,READ,394
2025-07-24T05:43:18.247218400Z,WRITE,395
2025-07-24T05:43:18.247218400Z,READ,395
2025-07-24T05:43:19.002212800Z,READ,395
2025-07-24T05:43:20.004214900Z,READ,395
2025-07-24T05:43:21.003417700Z,READ,395
2025-07-24T05:43:22.003854500Z,READ,395
2025-07-24T05:43:23.003483100Z,READ,395
2025-07-24T05:43:23.248465700Z,READ,396
2025-07-24T05:43:23.248465700Z,WRITE,396
2025-07-24T05:43:24.007346800Z,READ,396
2025-07-24T05:43:25.003876700Z,READ,396
2025-07-24T05:43:26.006171200Z,READ,396
2025-07-24T05:43:27.005397600Z,READ,396
2025-07-24T05:43:28.009922500Z,READ,396
2025-07-24T05:43:28.248319Z,WRITE,397
2025-07-24T05:43:28.248319Z,READ,397
2025-07-24T05:43:29.004882200Z,READ,397
2025-07-24T05:43:30.006096500Z,READ,397
2025-07-24T05:43:31.004874400Z,READ,397
2025-07-24T05:43:32.009356700Z,READ,397
2025-07-24T05:43:33.002224800Z,READ,397
2025-07-24T05:43:33.248219400Z,WRITE,398
2025-07-24T05:43:33.249267900Z,READ,398
2025-07-24T05:43:34.003710600Z,READ,398
2025-07-24T05:43:35.003334900Z,READ,398
2025-07-24T05:43:36.009824800Z,READ,398
2025-07-24T05:43:37.001963700Z,READ,398
2025-07-24T05:43:38.005461200Z,READ,398
2025-07-24T05:43:38.248694500Z,READ,399
2025-07-24T05:43:38.248694500Z,WRITE,399
2025-07-24T05:43:39.005544100Z,READ,399
2025-07-24T05:43:40.007956100Z,READ,399
2025-07-24T05:43:41.004602Z,READ,399
2025-07-24T05:43:42.004514300Z,READ,399
2025-07-24T05:43:43.004413800Z,READ,399
2025-07-24T05:43:43.246662800Z,WRITE,400
2025-07-24T05:43:43.246662800Z,READ,400
2025-07-24T05:43:44.007493100Z,READ,400
2025-07-24T05:43:45.003435100Z,READ,400
2025-07-24T05:43:46.002762100Z,READ,400
2025-07-24T05:43:47.003438200Z,READ,400
2025-07-24T05:43:48.005435300Z,READ,400
2025-07-24T05:43:48.247436500Z,WRITE,401
2025-07-24T05:43:48.248437Z,READ,401
2025-07-24T05:43:49.003537200Z,READ,401
2025-07-24T05:43:50.005442Z,READ,401
2025-07-24T05:43:51.003433300Z,READ,401
2025-07-24T05:43:52.007433500Z,READ,401
2025-07-24T05:43:53.003439500Z,READ,401
2025-07-24T05:43:53.246143Z,READ,402
2025-07-24T05:43:53.246143Z,WRITE,402
2025-07-24T05:43:54.005149700Z,READ,402
2025-07-24T05:43:55.595144600Z,READ,402
2025-07-24T05:43:55.602142300Z,READ,402
2025-07-24T05:43:58.244364100Z,READ,403
2025-07-24T05:43:58.245363500Z,WRITE,403
2025-07-24T05:44:03.248374400Z,WRITE,404
2025-07-24T05:44:03.248795900Z,READ,404
2025-07-24T05:44:08.247458500Z,WRITE,405
2025-07-24T05:44:08.247458500Z,READ,405
2025-07-24T05:44:13.249325900Z,WRITE,406
2025-07-24T05:44:13.249325900Z,READ,406
2025-07-24T05:44:18.247802900Z,READ,407
2025-07-24T05:44:18.247802900Z,WRITE,407
2025-07-24T05:44:23.246355900Z,WRITE,408
2025-07-24T05:44:23.246355900Z,READ,408
2025-07-24T05:44:28.248360500Z,WRITE,409
2025-07-24T05:44:28.249373Z,READ,409
2025-07-24T05:44:33.048551Z,READ,409
Timestamp,Action,Value
2025-07-24T06:10:22.735029500Z,WRITE,101
2025-07-24T06:10:22.737031900Z,READ,101
2025-07-24T06:10:22.879035Z,READ,101
2025-07-24T06:10:22.905027700Z,READ,101
2025-07-24T06:10:23.017028Z,READ,0
2025-07-24T06:10:24.008559500Z,READ,0
2025-07-24T06:10:25.092563100Z,READ,0
2025-07-24T06:10:26.005856400Z,READ,0
2025-07-24T06:10:27.005466700Z,READ,0
2025-07-24T06:10:27.724824700Z,READ,102
2025-07-24T06:10:27.724824700Z,WRITE,102
2025-07-24T06:10:28.004826600Z,READ,102
2025-07-24T06:10:29.004818300Z,READ,102
2025-07-24T06:10:30.005981400Z,READ,102
2025-07-24T06:10:31.004982300Z,READ,102
2025-07-24T06:10:32.008538Z,READ,102
2025-07-24T06:10:32.729474900Z,WRITE,103
2025-07-24T06:10:32.729474900Z,READ,103
2025-07-24T06:10:33.003554Z,READ,103
2025-07-24T06:10:34.005117600Z,READ,103
2025-07-24T06:10:35.002215600Z,READ,103
2025-07-24T06:10:36.007863700Z,READ,103
2025-07-24T06:10:37.003046400Z,READ,103
2025-07-24T06:10:37.727629100Z,WRITE,104
2025-07-24T06:10:37.727629100Z,READ,104
2025-07-24T06:10:38.003491Z,READ,104
2025-07-24T06:10:39.005647100Z,READ,104
2025-07-24T06:10:40.004591500Z,READ,104
2025-07-24T06:10:41.007240500Z,READ,104
2025-07-24T06:10:42.004474900Z,READ,104
2025-07-24T06:10:42.729913800Z,WRITE,105
2025-07-24T06:10:42.729913800Z,READ,105
2025-07-24T06:10:43.003436200Z,READ,105
2025-07-24T06:10:44.008113800Z,READ,105
2025-07-24T06:10:45.006776400Z,READ,105
2025-07-24T06:10:46.006162400Z,READ,105
2025-07-24T06:10:47.004496500Z,READ,105
2025-07-24T06:10:47.728764900Z,WRITE,106
2025-07-24T06:10:47.729762700Z,READ,106
2025-07-24T06:10:48.010187400Z,READ,106
2025-07-24T06:10:49.004393500Z,READ,106
2025-07-24T06:10:50.005809Z,READ,106
2025-07-24T06:10:51.006133700Z,READ,106
2025-07-24T06:10:52.010184200Z,READ,106
2025-07-24T06:10:52.728430Z,WRITE,107
2025-07-24T06:10:52.728430Z,READ,107
2025-07-24T06:10:53.001982800Z,READ,107
2025-07-24T06:10:54.007657300Z,READ,107
2025-07-24T06:10:55.006901100Z,READ,107
2025-07-24T06:10:56.011314300Z,READ,107
2025-07-24T06:10:57.002419800Z,READ,107
2025-07-24T06:10:57.724105300Z,WRITE,108
2025-07-24T06:10:57.724105300Z,READ,108
2025-07-24T06:10:58.005536400Z,READ,108
2025-07-24T06:10:59.007623100Z,READ,108
2025-07-24T06:11:00.009995800Z,READ,108
2025-07-24T06:11:01.008069600Z,READ,108
2025-07-24T06:11:02.004456600Z,READ,108
2025-07-24T06:11:02.728073100Z,READ,109
2025-07-24T06:11:02.728073100Z,WRITE,109
2025-07-24T06:11:03.002538700Z,READ,109
2025-07-24T06:11:04.008638500Z,READ,109
2025-07-24T06:11:05.006152900Z,READ,109
2025-07-24T06:11:06.005646800Z,READ,109
2025-07-24T06:11:07.005975200Z,READ,109
2025-07-24T06:11:07.725317300Z,READ,110
2025-07-24T06:11:07.726319900Z,WRITE,110
2025-07-24T06:11:08.003319300Z,READ,110
2025-07-24T06:11:09.004734300Z,READ,110
2025-07-24T06:11:10.006837500Z,READ,110
2025-07-24T06:11:11.007257Z,READ,110
2025-07-24T06:11:12.002764500Z,READ,110
2025-07-24T06:11:12.724436Z,READ,111
2025-07-24T06:11:12.724436Z,WRITE,111
2025-07-24T06:11:13.005091200Z,READ,111
2025-07-24T06:11:14.006305200Z,READ,111
2025-07-24T06:11:15.002308200Z,READ,111
2025-07-24T06:11:16.003457Z,READ,111
2025-07-24T06:11:17.004018500Z,READ,111
2025-07-24T06:11:17.729609200Z,WRITE,112
2025-07-24T06:11:17.729609200Z,READ,112
2025-07-24T06:11:18.003127400Z,READ,112
2025-07-24T06:11:19.004925800Z,READ,112
2025-07-24T06:11:20.009213600Z,READ,112
2025-07-24T06:11:21.002242500Z,READ,112
2025-07-24T06:11:22.003797Z,READ,112
2025-07-24T06:11:22.725784500Z,READ,113
2025-07-24T06:11:22.725784500Z,WRITE,113
2025-07-24T06:11:23.002985200Z,READ,113
2025-07-24T06:11:24.007515800Z,READ,113
2025-07-24T06:11:25.005668100Z,READ,113
2025-07-24T06:11:26.004686500Z,READ,113
2025-07-24T06:11:27.006075200Z,READ,113
2025-07-24T06:11:27.728606600Z,READ,114
2025-07-24T06:11:27.728606600Z,WRITE,114
2025-07-24T06:11:28.003659200Z,READ,114
2025-07-24T06:11:29.008076800Z,READ,114
2025-07-24T06:11:30.005652800Z,READ,114
2025-07-24T06:11:31.147956200Z,READ,114
2025-07-24T06:11:32.007290800Z,READ,114
2025-07-24T06:11:32.727966700Z,WRITE,115
2025-07-24T06:11:32.728180200Z,READ,115
2025-07-24T06:11:33.005423900Z,READ,115
2025-07-24T06:11:34.005841600Z,READ,115
2025-07-24T06:11:35.007374Z,READ,115
2025-07-24T06:11:36.010810100Z,READ,115
2025-07-24T06:11:37.006241Z,READ,115
2025-07-24T06:11:37.727481400Z,WRITE,116
2025-07-24T06:11:37.728484300Z,READ,116
2025-07-24T06:11:38.003840100Z,READ,116
2025-07-24T06:11:39.005149200Z,READ,116
2025-07-24T06:11:40.007608100Z,READ,116
2025-07-24T06:11:41.002903700Z,READ,116
2025-07-24T06:11:42.006479500Z,READ,116
2025-07-24T06:11:42.728855800Z,READ,117
2025-07-24T06:11:42.728855800Z,WRITE,117
2025-07-24T06:11:43.004259500Z,READ,117
2025-07-24T06:11:44.009067500Z,READ,117
2025-07-24T06:11:45.006485400Z,READ,117
2025-07-24T06:11:46.055286100Z,READ,117
2025-07-24T06:11:47.003658600Z,READ,117
2025-07-24T06:11:47.728679Z,WRITE,118
2025-07-24T06:11:47.728679Z,READ,118
2025-07-24T06:11:48.004395100Z,READ,118
2025-07-24T06:11:49.004962800Z,READ,118
2025-07-24T06:11:50.006398900Z,READ,118
2025-07-24T06:11:51.005856200Z,READ,118
2025-07-24T06:11:52.009272500Z,READ,118
2025-07-24T06:11:52.727762200Z,WRITE,119
2025-07-24T06:11:52.727762200Z,READ,119
2025-07-24T06:11:53.003178800Z,READ,119
2025-07-24T06:11:54.002740600Z,READ,119
2025-07-24T06:11:55.006144600Z,READ,119
2025-07-24T06:11:56.010571600Z,READ,119
2025-07-24T06:11:57.005020500Z,READ,119
2025-07-24T06:11:57.727423400Z,WRITE,120
2025-07-24T06:11:57.728410300Z,READ,120
2025-07-24T06:11:58.005379300Z,READ,120
2025-07-24T06:11:59.004091300Z,READ,120
2025-07-24T06:12:00.003835900Z,READ,120
2025-07-24T06:12:01.071362900Z,READ,120
2025-07-24T06:12:02.004171400Z,READ,120
2025-07-24T06:12:02.726858400Z,READ,121
2025-07-24T06:12:02.726858400Z,WRITE,121
2025-07-24T06:12:03.003437100Z,READ,121
2025-07-24T06:12:04.008405400Z,READ,121
2025-07-24T06:12:05.004552300Z,READ,121
2025-07-24T06:12:06.006002900Z,READ,121
2025-07-24T06:12:07.004420100Z,READ,121
2025-07-24T06:12:07.728795Z,READ,122
2025-07-24T06:12:07.729809600Z,WRITE,122
2025-07-24T06:12:08.008658200Z,READ,122
2025-07-24T06:12:09.006053100Z,READ,122
2025-07-24T06:12:10.006469600Z,READ,122
2025-07-24T06:12:11.005925200Z,READ,122
2025-07-24T06:12:12.010387200Z,READ,122
2025-07-24T06:12:12.728211200Z,WRITE,123
2025-07-24T06:12:12.734197800Z,READ,123
2025-07-24T06:12:13.005290400Z,READ,123
2025-07-24T06:12:14.003896800Z,READ,123
2025-07-24T06:12:15.006155900Z,READ,123
2025-07-24T06:12:16.063099800Z,READ,123
2025-07-24T06:12:17.004489100Z,READ,123
2025-07-24T06:12:17.727524500Z,WRITE,124
2025-07-24T06:12:17.727524500Z,READ,124
2025-07-24T06:12:18.005347Z,READ,124
2025-07-24T06:12:19.005380100Z,READ,124
2025-07-24T06:12:20.009833900Z,READ,124
2025-07-24T06:12:21.006190800Z,READ,124
2025-07-24T06:12:22.005722200Z,READ,124
2025-07-24T06:12:22.729142100Z,WRITE,125
2025-07-24T06:12:22.730146200Z,READ,125
2025-07-24T06:12:23.002679400Z,READ,125
2025-07-24T06:12:24.006066800Z,READ,125
2025-07-24T06:12:25.006372200Z,READ,125
2025-07-24T06:12:26.004948Z,READ,125
2025-07-24T06:12:27.005584100Z,READ,125
2025-07-24T06:12:27.726963400Z,READ,126
2025-07-24T06:12:27.727980700Z,WRITE,126
2025-07-24T06:12:28.003233500Z,READ,126
2025-07-24T06:12:29.004282200Z,READ,126
2025-07-24T06:12:30.006506300Z,READ,126
2025-07-24T06:12:31.020025400Z,READ,126
2025-07-24T06:12:32.008383500Z,READ,126
2025-07-24T06:12:32.727001Z,READ,127
2025-07-24T06:12:32.727001Z,WRITE,127
2025-07-24T06:12:33.005429800Z,READ,127
2025-07-24T06:12:34.004855300Z,READ,127
2025-07-24T06:12:35.005607200Z,READ,127
2025-07-24T06:12:36.004977700Z,READ,127
2025-07-24T06:12:37.006655200Z,READ,127
2025-07-24T06:12:37.727436300Z,WRITE,128
2025-07-24T06:12:37.728411600Z,READ,128
2025-07-24T06:12:38.003997200Z,READ,128
2025-07-24T06:12:39.005817700Z,READ,128
2025-07-24T06:12:40.004760400Z,READ,128
2025-07-24T06:12:41.004629Z,READ,128
2025-07-24T06:12:42.002464200Z,READ,128
2025-07-24T06:12:42.724873Z,WRITE,129
2025-07-24T06:12:42.724873Z,READ,129
2025-07-24T06:12:43.003583600Z,READ,129
2025-07-24T06:12:44.006137900Z,READ,129
2025-07-24T06:12:45.004548Z,READ,129
2025-07-24T06:12:46.036135800Z,READ,129
2025-07-24T06:12:47.005549900Z,READ,129
2025-07-24T06:12:47.725184400Z,READ,130
2025-07-24T06:12:47.725184400Z,WRITE,130
2025-07-24T06:12:48.052613500Z,READ,130
2025-07-24T06:12:49.006041800Z,READ,130
2025-07-24T06:12:50.004277800Z,READ,130
2025-07-24T06:12:51.003594900Z,READ,130
2025-07-24T06:12:52.004482600Z,READ,130
2025-07-24T06:12:52.724062400Z,WRITE,131
2025-07-24T06:12:52.725059600Z,READ,131
2025-07-24T06:12:53.003433400Z,READ,131
2025-07-24T06:12:54.006902100Z,READ,131
2025-07-24T06:12:55.004772300Z,READ,131
2025-07-24T06:12:56.003029600Z,READ,131
2025-07-24T06:12:57.003299700Z,READ,131
2025-07-24T06:12:57.726871200Z,READ,132
2025-07-24T06:12:57.726871200Z,WRITE,132
2025-07-24T06:12:58.005268500Z,READ,132
2025-07-24T06:12:59.004119800Z,READ,132
2025-07-24T06:13:00.003687100Z,READ,132
2025-07-24T06:13:01.007502800Z,READ,132
2025-07-24T06:13:02.006929800Z,READ,132
2025-07-24T06:13:02.724940500Z,READ,133
2025-07-24T06:13:02.724940500Z,WRITE,133
2025-07-24T06:13:03.002841500Z,READ,133
2025-07-24T06:13:04.012254Z,READ,133
2025-07-24T06:13:05.005758500Z,READ,133
2025-07-24T06:13:06.005195900Z,READ,133
2025-07-24T06:13:07.004977100Z,READ,133
2025-07-24T06:13:07.729617200Z,READ,134
2025-07-24T06:13:07.729617200Z,WRITE,134
2025-07-24T06:13:08.000981300Z,READ,134
2025-07-24T06:13:09.010656400Z,READ,134
2025-07-24T06:13:10.010290100Z,READ,134
2025-07-24T06:13:11.010297600Z,READ,134
2025-07-24T06:13:12.010355100Z,READ,134
2025-07-24T06:13:12.735026100Z,WRITE,135
2025-07-24T06:13:12.735026100Z,READ,135
2025-07-24T06:13:13.005469100Z,READ,135
2025-07-24T06:13:14.005888400Z,READ,135
2025-07-24T06:13:15.004624500Z,READ,135
2025-07-24T06:13:16.008911500Z,READ,135
2025-07-24T06:13:17.006218Z,READ,135
2025-07-24T06:13:17.727417300Z,READ,136
2025-07-24T06:13:17.727417300Z,WRITE,136
2025-07-24T06:13:18.002483400Z,READ,136
2025-07-24T06:13:19.005591900Z,READ,136
2025-07-24T06:13:20.009992Z,READ,136
2025-07-24T06:13:21.003329200Z,READ,136
2025-07-24T06:13:22.003031500Z,READ,136
2025-07-24T06:13:22.724987900Z,READ,137
2025-07-24T06:13:22.724987900Z,WRITE,137
2025-07-24T06:13:23.003734200Z,READ,137
2025-07-24T06:13:24.008106100Z,READ,137
2025-07-24T06:13:25.005454600Z,READ,137
2025-07-24T06:13:26.003065600Z,READ,137
2025-07-24T06:13:27.004242800Z,READ,137
2025-07-24T06:13:27.729097900Z,WRITE,138
2025-07-24T06:13:27.729097900Z,READ,138
2025-07-24T06:13:28.003978700Z,READ,138
2025-07-24T06:13:29.005920500Z,READ,138
2025-07-24T06:13:30.006342500Z,READ,138
2025-07-24T06:13:31.005665700Z,READ,138
2025-07-24T06:13:32.008518Z,READ,138
2025-07-24T06:13:32.723722200Z,READ,139
2025-07-24T06:13:32.724731800Z,WRITE,139
2025-07-24T06:13:33.001204Z,READ,139
2025-07-24T06:13:34.005503Z,READ,139
2025-07-24T06:13:35.005448200Z,READ,139
2025-07-24T06:13:36.008347300Z,READ,139
2025-07-24T06:13:37.007237300Z,READ,139
2025-07-24T06:13:37.728277200Z,WRITE,140
2025-07-24T06:13:37.728277200Z,READ,140
2025-07-24T06:13:38.003406900Z,READ,140
2025-07-24T06:13:39.003929900Z,READ,140
2025-07-24T06:13:40.005721500Z,READ,140
2025-07-24T06:13:41.004778500Z,READ,140
2025-07-24T06:13:42.003874300Z,READ,140
2025-07-24T06:13:42.727453900Z,WRITE,141
2025-07-24T06:13:42.727453900Z,READ,141
2025-07-24T06:13:43.002695400Z,READ,141
2025-07-24T06:13:44.009146200Z,READ,141
2025-07-24T06:13:45.001310300Z,READ,141
2025-07-24T06:13:46.003903200Z,READ,141
2025-07-24T06:13:47.007409700Z,READ,141
2025-07-24T06:13:47.726407800Z,WRITE,142
2025-07-24T06:13:47.726407800Z,READ,142
2025-07-24T06:13:48.006723700Z,READ,142
2025-07-24T06:13:49.005395800Z,READ,142
2025-07-24T06:13:50.005399Z,READ,142
2025-07-24T06:13:51.005178100Z,READ,142
2025-07-24T06:13:52.010573800Z,READ,142
2025-07-24T06:13:52.728481800Z,WRITE,143
2025-07-24T06:13:52.728481800Z,READ,143
2025-07-24T06:13:53.004617800Z,READ,143
2025-07-24T06:13:54.005949900Z,READ,143
2025-07-24T06:13:55.007655700Z,READ,143
2025-07-24T06:13:56.004260800Z,READ,143
2025-07-24T06:13:57.003045200Z,READ,143
2025-07-24T06:13:57.727360200Z,WRITE,144
2025-07-24T06:13:57.728354700Z,READ,144
2025-07-24T06:13:58.005942200Z,READ,144
2025-07-24T06:13:59.003267100Z,READ,144
2025-07-24T06:14:00.009253200Z,READ,144
2025-07-24T06:14:01.002537700Z,READ,144
2025-07-24T06:14:02.005331600Z,READ,144
2025-07-24T06:14:02.727580500Z,WRITE,145
2025-07-24T06:14:02.727580500Z,READ,145
2025-07-24T06:14:03.003934300Z,READ,145
2025-07-24T06:14:04.005303700Z,READ,145
2025-07-24T06:14:05.005125200Z,READ,145
2025-07-24T06:14:06.002813700Z,READ,145
2025-07-24T06:14:07.006684300Z,READ,145
2025-07-24T06:14:07.727037600Z,WRITE,146
2025-07-24T06:14:07.728027800Z,READ,146
2025-07-24T06:14:08.005441200Z,READ,146
2025-07-24T06:14:09.006429700Z,READ,146
2025-07-24T06:14:10.005519500Z,READ,146
2025-07-24T06:14:11.005816900Z,READ,146
2025-07-24T06:14:12.009682100Z,READ,146
2025-07-24T06:14:12.723616Z,WRITE,147
2025-07-24T06:14:12.724615100Z,READ,147
2025-07-24T06:14:13.001989400Z,READ,147
2025-07-24T06:14:14.005126600Z,READ,147
2025-07-24T06:14:15.004343600Z,READ,147
2025-07-24T06:14:16.006549Z,READ,147
2025-07-24T06:14:17.002881400Z,READ,147
2025-07-24T06:14:17.723284900Z,READ,148
2025-07-24T06:14:17.723284900Z,WRITE,148
2025-07-24T06:14:18.003584600Z,READ,148
2025-07-24T06:14:19.004154Z,READ,148
2025-07-24T06:14:20.009497100Z,READ,148
2025-07-24T06:14:21.007588800Z,READ,148
2025-07-24T06:14:22.005205200Z,READ,148
2025-07-24T06:14:22.727637300Z,WRITE,149
2025-07-24T06:14:22.727637300Z,READ,149
2025-07-24T06:14:23.003757300Z,READ,149
2025-07-24T06:14:24.008157700Z,READ,149
2025-07-24T06:14:25.004542200Z,READ,149
2025-07-24T06:14:26.005625700Z,READ,149
2025-07-24T06:14:27.006848200Z,READ,149
2025-07-24T06:14:27.723743200Z,WRITE,150
2025-07-24T06:14:27.723743200Z,READ,150
2025-07-24T06:14:28.004100300Z,READ,150
2025-07-24T06:14:29.005527600Z,READ,150
2025-07-24T06:14:30.003872200Z,READ,150
2025-07-24T06:14:31.007931Z,READ,150
2025-07-24T06:14:32.009219Z,READ,150
2025-07-24T06:14:32.727935700Z,WRITE,151
2025-07-24T06:14:32.727935700Z,READ,151
2025-07-24T06:14:33.004017600Z,READ,151
2025-07-24T06:14:34.006920800Z,READ,151
2025-07-24T06:14:35.004299200Z,READ,151
2025-07-24T06:14:36.006729200Z,READ,151
2025-07-24T06:14:37.006533700Z,READ,151
2025-07-24T06:14:37.727839100Z,WRITE,152
2025-07-24T06:14:37.728835Z,READ,152
2025-07-24T06:14:38.005247400Z,READ,152
2025-07-24T06:14:39.005055100Z,READ,152
2025-07-24T06:14:40.008501Z,READ,152
2025-07-24T06:14:41.005800900Z,READ,152
2025-07-24T06:14:42.005280Z,READ,152
2025-07-24T06:14:42.728059800Z,WRITE,153
2025-07-24T06:14:42.728059800Z,READ,153
2025-07-24T06:14:43.003136900Z,READ,153
2025-07-24T06:14:44.003799200Z,READ,153
2025-07-24T06:14:45.002528800Z,READ,153
2025-07-24T06:14:46.003560800Z,READ,153
2025-07-24T06:14:47.005340800Z,READ,153
2025-07-24T06:14:47.727355700Z,READ,154
2025-07-24T06:14:47.727355700Z,WRITE,154
2025-07-24T06:14:48.003328400Z,READ,154
2025-07-24T06:14:49.005030600Z,READ,154
2025-07-24T06:14:50.004471200Z,READ,154
2025-07-24T06:14:51.004238400Z,READ,154
2025-07-24T06:14:52.654823700Z,READ,154
2025-07-24T06:14:52.668122500Z,READ,154
2025-07-24T06:14:52.723274600Z,WRITE,155
2025-07-24T06:14:52.723274600Z,READ,155
2025-07-24T06:14:57.722940300Z,WRITE,156
2025-07-24T06:14:57.722940300Z,READ,156
2025-07-24T06:15:02.724228900Z,READ,157
2025-07-24T06:15:02.724228900Z,WRITE,157
2025-07-24T06:15:07.723546800Z,WRITE,158
2025-07-24T06:15:07.723546800Z,READ,158
2025-07-24T06:15:12.727082900Z,WRITE,159
2025-07-24T06:15:12.727082900Z,READ,159
2025-07-24T06:15:17.725694900Z,WRITE,160
2025-07-24T06:15:17.725694900Z,READ,160
2025-07-24T06:15:22.725301300Z,WRITE,161
2025-07-24T06:15:22.726303800Z,READ,161
2025-07-24T06:15:27.722817900Z,WRITE,162
2025-07-24T06:15:27.723815800Z,READ,162
2025-07-24T06:15:32.726885700Z,WRITE,163
2025-07-24T06:15:32.726885700Z,READ,163
2025-07-24T06:15:37.727428900Z,WRITE,164
2025-07-24T06:15:37.727428900Z,READ,164
2025-07-24T06:15:42.725369800Z,WRITE,165
2025-07-24T06:15:42.725369800Z,READ,165
2025-07-24T06:15:47.723097Z,READ,166
2025-07-24T06:15:47.723097Z,WRITE,166
2025-07-24T06:15:52.670957600Z,READ,166
2025-07-24T06:15:52.684955100Z,READ,166
2025-07-24T06:15:52.722953300Z,WRITE,167
2025-07-24T06:15:52.722953300Z,READ,167
2025-07-24T06:15:57.724121200Z,READ,168
2025-07-24T06:15:57.724121200Z,WRITE,168
2025-07-24T06:16:02.722224700Z,WRITE,169
2025-07-24T06:16:02.722224700Z,READ,169
2025-07-24T06:16:07.723769800Z,WRITE,170
2025-07-24T06:16:07.723769800Z,READ,170
2025-07-24T06:16:12.722978300Z,WRITE,171
2025-07-24T06:16:12.722978300Z,READ,171
2025-07-24T06:16:17.724342900Z,WRITE,172
2025-07-24T06:16:17.724342900Z,READ,172
2025-07-24T06:16:22.722620600Z,WRITE,173
2025-07-24T06:16:22.722620600Z,READ,173
2025-07-24T06:16:27.723380500Z,WRITE,174
2025-07-24T06:16:27.723380500Z,READ,174
Timestamp,Action,Value
2025-07-24T06:26:01.647808Z,READ,101
2025-07-24T06:26:01.647808Z,WRITE,101
2025-07-24T06:26:01.948810900Z,READ,101
2025-07-24T06:26:01.983811800Z,READ,101
2025-07-24T06:26:02.027807900Z,READ,0
2025-07-24T06:26:03.003693Z,READ,0
2025-07-24T06:26:04.011039600Z,READ,0
2025-07-24T06:26:05.001666200Z,READ,0
2025-07-24T06:26:06.006607Z,READ,0
2025-07-24T06:26:06.635044200Z,WRITE,102
2025-07-24T06:26:06.635044200Z,READ,102
2025-07-24T06:26:07.004059Z,READ,102
2025-07-24T06:26:08.006492700Z,READ,102
2025-07-24T06:26:09.005989400Z,READ,102
2025-07-24T06:26:10.005908Z,READ,102
2025-07-24T06:26:11.004155300Z,READ,102
2025-07-24T06:26:11.633314300Z,WRITE,103
2025-07-24T06:26:11.633314300Z,READ,103
2025-07-24T06:26:12.004670500Z,READ,103
2025-07-24T06:26:13.006226200Z,READ,103
2025-07-24T06:26:14.005539700Z,READ,103
2025-07-24T06:26:15.395678300Z,READ,103
2025-07-24T06:26:15.405673500Z,READ,103
2025-07-24T06:26:16.634500900Z,WRITE,104
2025-07-24T06:26:16.634500900Z,READ,104
2025-07-24T06:26:21.634671700Z,WRITE,105
2025-07-24T06:26:21.634671700Z,READ,105
2025-07-24T06:26:26.632417900Z,READ,106
2025-07-24T06:26:26.632417900Z,WRITE,106
2025-07-24T06:26:31.636169400Z,READ,107
2025-07-24T06:26:31.636169400Z,WRITE,107
2025-07-24T06:26:36.631579Z,WRITE,108
2025-07-24T06:26:36.631579Z,READ,108
2025-07-24T06:26:41.630532500Z,WRITE,109
2025-07-24T06:26:41.636417800Z,READ,109
2025-07-24T06:26:46.640537700Z,WRITE,110
2025-07-24T06:26:46.640537700Z,READ,110
2025-07-24T06:26:51.634284800Z,WRITE,111
2025-07-24T06:26:51.634284800Z,READ,111
2025-07-24T06:26:56.635343800Z,WRITE,112
2025-07-24T06:26:56.635343800Z,READ,112
2025-07-24T06:27:01.630183Z,WRITE,113
2025-07-24T06:27:01.630183Z,READ,113
2025-07-24T06:27:06.635195100Z,WRITE,114
2025-07-24T06:27:06.636196800Z,READ,114
2025-07-24T06:27:11.630942900Z,WRITE,115
2025-07-24T06:27:11.630942900Z,READ,115
2025-07-24T06:27:15.404055Z,READ,115
2025-07-24T06:27:15.408058700Z,READ,115
2025-07-24T06:27:16.632518600Z,WRITE,116
2025-07-24T06:27:16.632518600Z,READ,116
2025-07-24T06:27:21.633826300Z,WRITE,117
2025-07-24T06:27:21.634842600Z,READ,117
2025-07-24T06:27:26.632242700Z,WRITE,118
2025-07-24T06:27:26.632242700Z,READ,118
2025-07-24T06:27:31.637083900Z,WRITE,119
2025-07-24T06:27:31.637083900Z,READ,119
2025-07-24T06:27:36.632063700Z,WRITE,120
2025-07-24T06:27:36.632063700Z,READ,120
2025-07-24T06:27:41.631794200Z,WRITE,121
2025-07-24T06:27:41.631794200Z,READ,121
2025-07-24T06:27:46.631595Z,WRITE,122
2025-07-24T06:27:46.631595Z,READ,122
2025-07-24T06:27:51.632392Z,WRITE,123
2025-07-24T06:27:51.632392Z,READ,123
2025-07-24T06:27:56.631796100Z,READ,124
2025-07-24T06:27:56.631796100Z,WRITE,124
2025-07-24T06:28:01.631534Z,WRITE,125
2025-07-24T06:28:01.631534Z,READ,125
2025-07-24T06:28:06.633062Z,WRITE,126
2025-07-24T06:28:06.633062Z,READ,126
2025-07-24T06:28:11.632636500Z,WRITE,127
2025-07-24T06:28:11.633638Z,READ,127
2025-07-24T06:28:15.408456800Z,READ,127
2025-07-24T06:28:15.412466300Z,READ,127
2025-07-24T06:28:16.630673600Z,WRITE,128
2025-07-24T06:28:16.630673600Z,READ,128
Timestamp,Action,Value
Timestamp,Action,Value
Timestamp,Action,Value
2025-07-24T06:43:41.488475900Z,WRITE,101
2025-07-24T06:43:41.488475900Z,READ,101
2025-07-24T06:43:41.611478700Z,READ,101
2025-07-24T06:43:41.632492500Z,READ,101
2025-07-24T06:43:46.461965300Z,WRITE,102
2025-07-24T06:43:46.461965300Z,READ,102
2025-07-24T06:43:51.466046400Z,WRITE,103
2025-07-24T06:43:51.468039300Z,READ,103
2025-07-24T06:43:56.465685900Z,WRITE,104
2025-07-24T06:43:56.468680900Z,READ,104
2025-07-24T06:44:01.468890600Z,WRITE,105
2025-07-24T06:44:01.469884700Z,READ,105
2025-07-24T06:44:06.466967900Z,WRITE,106
2025-07-24T06:44:06.467952100Z,READ,106
2025-07-24T06:44:11.466505400Z,WRITE,107
2025-07-24T06:44:11.468501900Z,READ,107
2025-07-24T06:44:16.462103800Z,WRITE,108
2025-07-24T06:44:16.463110500Z,READ,108
2025-07-24T06:44:21.464871100Z,WRITE,109
2025-07-24T06:44:21.466881100Z,READ,109
2025-07-24T06:44:26.466481300Z,WRITE,110
2025-07-24T06:44:26.468487600Z,READ,110
2025-07-24T06:44:31.466082400Z,WRITE,111
2025-07-24T06:44:31.468096400Z,READ,111
2025-07-24T06:44:36.462398500Z,WRITE,112
2025-07-24T06:44:36.462398500Z,READ,112
2025-07-24T06:44:41.465273300Z,WRITE,113
2025-07-24T06:44:41.466276Z,READ,113
2025-07-24T06:44:41.639749500Z,READ,113
2025-07-24T06:44:41.643735500Z,READ,113
2025-07-24T06:44:46.461409700Z,WRITE,114
2025-07-24T06:44:46.462416Z,READ,114
2025-07-24T06:44:51.465265300Z,WRITE,115
2025-07-24T06:44:51.466276300Z,READ,115
2025-07-24T06:44:56.467676600Z,WRITE,116
2025-07-24T06:44:56.469638600Z,READ,116
2025-07-24T06:45:01.463694700Z,WRITE,117
2025-07-24T06:45:01.463694700Z,READ,117
2025-07-24T06:45:06.461686Z,WRITE,118
2025-07-24T06:45:06.462692200Z,READ,118
2025-07-24T06:45:11.465264Z,WRITE,119
2025-07-24T06:45:11.465264Z,READ,119
2025-07-24T06:45:16.466882500Z,WRITE,120
2025-07-24T06:45:16.467872200Z,READ,120
2025-07-24T06:45:21.464270100Z,WRITE,121
2025-07-24T06:45:21.465257300Z,READ,121
2025-07-24T06:45:26.462620Z,WRITE,122
2025-07-24T06:45:26.462620Z,READ,122
2025-07-24T06:45:31.465632300Z,WRITE,123
2025-07-24T06:45:31.466639800Z,READ,123
2025-07-24T06:45:36.463332300Z,WRITE,124
2025-07-24T06:45:36.464336700Z,READ,124
2025-07-24T06:45:41.462857700Z,WRITE,125
2025-07-24T06:45:41.466467600Z,READ,125
2025-07-24T06:45:41.654048800Z,READ,125
2025-07-24T06:45:41.670023800Z,READ,125
2025-07-24T06:45:59.931665100Z,READ,125
2025-07-24T06:45:59.938717100Z,READ,125
2025-07-24T06:46:59.933662400Z,READ,125
2025-07-24T06:46:59.935378100Z,READ,125
Timestamp,Action,Value
2025-07-24T06:48:00.823236Z,WRITE,101
2025-07-24T06:48:00.841217800Z,READ,101
2025-07-24T06:48:01.068210200Z,READ,101
2025-07-24T06:48:01.101209900Z,READ,101
2025-07-24T06:48:05.806308700Z,WRITE,102
2025-07-24T06:48:05.806308700Z,READ,102
2025-07-24T06:48:10.810355400Z,WRITE,103
2025-07-24T06:48:10.810355400Z,READ,103
2025-07-24T06:48:15.808744700Z,WRITE,104
2025-07-24T06:48:15.809742500Z,READ,104
2025-07-24T06:48:20.810203200Z,WRITE,105
2025-07-24T06:48:20.812210700Z,READ,105
2025-07-24T06:48:25.809152600Z,WRITE,106
2025-07-24T06:48:25.810153900Z,READ,106
2025-07-24T06:48:30.806865800Z,WRITE,107
2025-07-24T06:48:30.806865800Z,READ,107
2025-07-24T06:48:35.808679Z,WRITE,108
2025-07-24T06:48:35.809682500Z,READ,108
2025-07-24T06:48:40.807521800Z,WRITE,109
2025-07-24T06:48:40.808562200Z,READ,109
2025-07-24T06:48:45.808425500Z,WRITE,110
2025-07-24T06:48:45.809426Z,READ,110
2025-07-24T06:48:46.291086700Z,READ,110
Timestamp,Action,Value
2025-07-24T06:48:54.688263400Z,WRITE,101
2025-07-24T06:48:54.689265Z,READ,101
2025-07-24T06:48:54.762273600Z,READ,101
2025-07-24T06:48:54.788263100Z,READ,101
2025-07-24T06:48:55.018261200Z,READ,0
2025-07-24T06:48:56.011515900Z,READ,0
2025-07-24T06:48:57.001679500Z,READ,0
2025-07-24T06:48:58.004184200Z,READ,0
2025-07-24T06:48:59.004104500Z,READ,0
2025-07-24T06:48:59.686146600Z,WRITE,102
2025-07-24T06:48:59.687146900Z,READ,102
2025-07-24T06:49:00.015914200Z,READ,102
2025-07-24T06:49:01.008973700Z,READ,102
2025-07-24T06:49:02.009048100Z,READ,102
2025-07-24T06:49:03.008506500Z,READ,102
2025-07-24T06:49:04.011063600Z,READ,102
2025-07-24T06:49:04.679343900Z,WRITE,103
2025-07-24T06:49:04.679343900Z,READ,103
2025-07-24T06:49:05.006552200Z,READ,103
2025-07-24T06:49:06.006677400Z,READ,103
2025-07-24T06:49:07.007246200Z,READ,103
2025-07-24T06:49:08.012717Z,READ,103
2025-07-24T06:49:09.004899600Z,READ,103
2025-07-24T06:49:09.680049600Z,WRITE,104
2025-07-24T06:49:09.686150600Z,READ,104
2025-07-24T06:49:10.012043300Z,READ,104
2025-07-24T06:49:11.007870800Z,READ,104
2025-07-24T06:49:12.008262400Z,READ,104
2025-07-24T06:49:13.006638400Z,READ,104
2025-07-24T06:49:14.007783Z,READ,104
2025-07-24T06:49:14.685113800Z,WRITE,105
2025-07-24T06:49:14.685113800Z,READ,105
2025-07-24T06:49:15.005582100Z,READ,105
2025-07-24T06:49:16.010261300Z,READ,105
2025-07-24T06:49:17.004165100Z,READ,105
2025-07-24T06:49:18.008464400Z,READ,105
2025-07-24T06:49:19.007103100Z,READ,105
2025-07-24T06:49:19.680722700Z,WRITE,106
2025-07-24T06:49:19.680722700Z,READ,106
2025-07-24T06:49:20.018347900Z,READ,106
2025-07-24T06:49:21.010677800Z,READ,106
2025-07-24T06:49:22.516205300Z,READ,106
2025-07-24T06:49:22.522203600Z,READ,106
2025-07-24T06:49:24.685310100Z,READ,107
2025-07-24T06:49:24.685310100Z,WRITE,107
2025-07-24T06:49:29.681159900Z,WRITE,108
2025-07-24T06:49:29.682141500Z,READ,108
2025-07-24T06:49:34.682775700Z,WRITE,109
2025-07-24T06:49:34.683766900Z,READ,109
2025-07-24T06:49:39.679742Z,WRITE,110
2025-07-24T06:49:39.680743900Z,READ,110
2025-07-24T06:49:44.678523900Z,WRITE,111
2025-07-24T06:49:44.679528700Z,READ,111
2025-07-24T06:49:49.678071800Z,WRITE,112
2025-07-24T06:49:49.678071800Z,READ,112
2025-07-24T06:49:54.679334100Z,WRITE,113
2025-07-24T06:49:54.680334700Z,READ,113
2025-07-24T06:49:59.678667400Z,WRITE,114
2025-07-24T06:49:59.678667400Z,READ,114
2025-07-24T06:50:04.678124700Z,WRITE,115
2025-07-24T06:50:04.679127900Z,READ,115
2025-07-24T06:50:09.677352300Z,WRITE,116
2025-07-24T06:50:09.678352600Z,READ,116
2025-07-24T06:50:14.681149700Z,WRITE,117
2025-07-24T06:50:14.681149700Z,READ,117
2025-07-24T06:50:19.681845100Z,WRITE,118
2025-07-24T06:50:19.682840500Z,READ,118
2025-07-24T06:50:22.522528700Z,READ,118
2025-07-24T06:50:22.524527600Z,READ,118
2025-07-24T06:50:24.680758700Z,WRITE,119
2025-07-24T06:50:24.680758700Z,READ,119
2025-07-24T06:50:29.681755300Z,WRITE,120
2025-07-24T06:50:29.683743300Z,READ,120
2025-07-24T06:50:34.680191700Z,WRITE,121
2025-07-24T06:50:34.680191700Z,READ,121
2025-07-24T06:50:39.679718800Z,WRITE,122
2025-07-24T06:50:39.680714Z,READ,122
2025-07-24T06:50:44.681713800Z,WRITE,123
2025-07-24T06:50:44.682707800Z,READ,123
2025-07-24T06:50:49.681769300Z,WRITE,124
2025-07-24T06:50:49.683763800Z,READ,124
2025-07-24T06:50:54.682404400Z,WRITE,125
2025-07-24T06:50:54.684405500Z,READ,125
2025-07-24T06:50:59.677333600Z,WRITE,126
2025-07-24T06:50:59.678339100Z,READ,126
2025-07-24T06:51:04.681634400Z,WRITE,127
2025-07-24T06:51:04.682658900Z,READ,127
2025-07-24T06:51:09.681305500Z,WRITE,128
2025-07-24T06:51:09.682313Z,READ,128
2025-07-24T06:51:14.679774800Z,WRITE,129
2025-07-24T06:51:14.679774800Z,READ,129
2025-07-24T06:51:19.681721Z,WRITE,130
2025-07-24T06:51:19.683720900Z,READ,130
2025-07-24T06:51:22.525344800Z,READ,130
2025-07-24T06:51:22.527341500Z,READ,130
2025-07-24T06:51:24.678529800Z,WRITE,131
2025-07-24T06:51:24.679530Z,READ,131
2025-07-24T06:51:29.679510Z,WRITE,132
2025-07-24T06:51:29.680508400Z,READ,132
2025-07-24T06:51:34.681313200Z,WRITE,133
2025-07-24T06:51:34.683312100Z,READ,133
2025-07-24T06:51:39.682714700Z,WRITE,134
2025-07-24T06:51:39.683717Z,READ,134
2025-07-24T06:51:44.679228400Z,WRITE,135
2025-07-24T06:51:44.680259300Z,READ,135
2025-07-24T06:51:49.679036700Z,WRITE,136
2025-07-24T06:51:49.679036700Z,READ,136
2025-07-24T06:51:54.677601Z,WRITE,137
2025-07-24T06:51:54.677601Z,READ,137
2025-07-24T06:51:59.677677700Z,WRITE,138
2025-07-24T06:51:59.677677700Z,READ,138
2025-07-24T06:52:04.681045Z,WRITE,139
2025-07-24T06:52:04.682045400Z,READ,139
2025-07-24T06:52:09.680286200Z,WRITE,140
2025-07-24T06:52:09.681288700Z,READ,140
2025-07-24T06:52:14.679057800Z,WRITE,141
2025-07-24T06:52:14.680060100Z,READ,141
2025-07-24T06:52:19.681266700Z,WRITE,142
2025-07-24T06:52:19.681266700Z,READ,142
2025-07-24T06:52:22.533351300Z,READ,142
2025-07-24T06:52:22.550342400Z,READ,142
2025-07-24T06:52:24.679975600Z,WRITE,143
2025-07-24T06:52:24.681895100Z,READ,143
2025-07-24T06:52:29.681903600Z,WRITE,144
2025-07-24T06:52:29.682902400Z,READ,144
2025-07-24T06:52:34.678300700Z,WRITE,145
2025-07-24T06:52:34.679306900Z,READ,145
2025-07-24T06:52:39.678177700Z,WRITE,146
2025-07-24T06:52:39.679191600Z,READ,146
2025-07-24T06:52:44.681323900Z,WRITE,147
2025-07-24T06:52:44.682323500Z,READ,147
2025-07-24T06:52:49.679879100Z,WRITE,148
2025-07-24T06:52:49.680889300Z,READ,148
2025-07-24T06:52:54.678544700Z,WRITE,149
2025-07-24T06:52:54.679545500Z,READ,149
Timestamp,Action,Value
2025-07-24T06:56:11.330011400Z,WRITE,101
2025-07-24T06:56:11.330499800Z,READ,101
2025-07-24T06:56:11.403505700Z,READ,101
2025-07-24T06:56:11.420505300Z,READ,101
2025-07-24T06:56:12.017453100Z,READ,0
2025-07-24T06:56:13.006986Z,READ,0
2025-07-24T06:56:14.005297100Z,READ,0
2025-07-24T06:56:15.008615600Z,READ,0
2025-07-24T06:56:16.010476900Z,READ,0
2025-07-24T06:56:16.321023700Z,WRITE,102
2025-07-24T06:56:16.321948Z,READ,102
2025-07-24T06:56:17.008990300Z,READ,102
2025-07-24T06:56:18.008422900Z,READ,102
2025-07-24T06:56:19.006741400Z,READ,102
2025-07-24T06:56:20.009153Z,READ,102
2025-07-24T06:56:21.003418300Z,READ,102
2025-07-24T06:56:21.317046800Z,WRITE,103
2025-07-24T06:56:21.319102100Z,READ,103
2025-07-24T06:56:22.007406300Z,READ,103
2025-07-24T06:56:23.007911900Z,READ,103
2025-07-24T06:56:24.009818Z,READ,103
2025-07-24T06:56:25.004936800Z,READ,103
2025-07-24T06:56:26.003487900Z,READ,103
2025-07-24T06:56:26.314708400Z,WRITE,104
2025-07-24T06:56:26.315712700Z,READ,104
2025-07-24T06:56:27.004879200Z,READ,104
2025-07-24T06:56:28.005934200Z,READ,104
2025-07-24T06:56:29.004894600Z,READ,104
2025-07-24T06:56:30.006975400Z,READ,104
2025-07-24T06:56:31.004952200Z,READ,104
2025-07-24T06:56:31.316951600Z,WRITE,105
2025-07-24T06:56:31.316951600Z,READ,105
2025-07-24T06:56:32.614851300Z,READ,105
2025-07-24T06:56:32.627125500Z,READ,105
2025-07-24T06:56:36.318914500Z,WRITE,106
2025-07-24T06:56:36.320894800Z,READ,106
2025-07-24T06:56:41.319973900Z,WRITE,107
2025-07-24T06:56:41.320960Z,READ,107
2025-07-24T06:56:46.316447Z,WRITE,108
2025-07-24T06:56:46.317452600Z,READ,108
2025-07-24T06:56:51.316470Z,WRITE,109
2025-07-24T06:56:51.316470Z,READ,109
2025-07-24T06:56:56.317532Z,WRITE,110
2025-07-24T06:56:56.319538Z,READ,110
2025-07-24T06:57:01.317497400Z,WRITE,111
2025-07-24T06:57:01.318494200Z,READ,111
2025-07-24T06:57:06.315876500Z,WRITE,112
2025-07-24T06:57:06.315876500Z,READ,112
2025-07-24T06:57:11.315568600Z,WRITE,113
2025-07-24T06:57:11.315568600Z,READ,113
2025-07-24T06:57:16.318469Z,WRITE,114
2025-07-24T06:57:16.319461500Z,READ,114
2025-07-24T06:57:21.317530300Z,WRITE,115
2025-07-24T06:57:21.318528600Z,READ,115
2025-07-24T06:57:26.317567200Z,WRITE,116
2025-07-24T06:57:26.318568400Z,READ,116
2025-07-24T06:57:31.315978400Z,WRITE,117
2025-07-24T06:57:31.316976300Z,READ,117
2025-07-24T06:57:32.633573700Z,READ,117
2025-07-24T06:57:32.646845Z,READ,117
2025-07-24T06:57:36.315175400Z,WRITE,118
2025-07-24T06:57:36.316178300Z,READ,118
2025-07-24T06:57:41.316733500Z,WRITE,119
2025-07-24T06:57:41.317678100Z,READ,119
2025-07-24T06:57:46.315392Z,WRITE,120
2025-07-24T06:57:46.316389Z,READ,120
2025-07-24T06:57:51.317306300Z,WRITE,121
2025-07-24T06:57:51.318306400Z,READ,121
2025-07-24T06:57:56.317379700Z,WRITE,122
2025-07-24T06:57:56.319373900Z,READ,122
2025-07-24T06:58:01.314042500Z,WRITE,123
2025-07-24T06:58:01.315045100Z,READ,123
2025-07-24T06:58:06.315287800Z,WRITE,124
2025-07-24T06:58:06.315287800Z,READ,124
2025-07-24T06:58:11.314457600Z,WRITE,125
2025-07-24T06:58:11.315455600Z,READ,125
2025-07-24T06:58:16.315713100Z,WRITE,126
2025-07-24T06:58:16.317679400Z,READ,126
2025-07-24T06:58:21.313938900Z,WRITE,127
2025-07-24T06:58:21.313938900Z,READ,127
2025-07-24T06:58:26.315271400Z,WRITE,128
2025-07-24T06:58:26.315271400Z,READ,128
2025-07-24T06:58:31.313251900Z,WRITE,129
2025-07-24T06:58:31.314256300Z,READ,129
2025-07-24T06:58:32.647542600Z,READ,129
2025-07-24T06:58:32.659624200Z,READ,129
2025-07-24T06:58:36.315251100Z,WRITE,130
2025-07-24T06:58:36.317223900Z,READ,130
2025-07-24T06:58:41.317283100Z,WRITE,131
2025-07-24T06:58:41.318256900Z,READ,131
2025-07-24T06:58:46.315858200Z,WRITE,132
2025-07-24T06:58:46.317864500Z,READ,132
2025-07-24T06:58:51.314902800Z,WRITE,133
2025-07-24T06:58:51.314902800Z,READ,133
2025-07-24T06:58:56.318159400Z,WRITE,134
2025-07-24T06:58:56.320137600Z,READ,134
2025-07-24T06:59:01.315711300Z,WRITE,135
2025-07-24T06:59:01.315711300Z,READ,135
2025-07-24T06:59:06.317522500Z,WRITE,136
2025-07-24T06:59:06.319519300Z,READ,136
2025-07-24T06:59:11.317332400Z,WRITE,137
2025-07-24T06:59:11.319336900Z,READ,137
2025-07-24T06:59:16.314853700Z,WRITE,138
2025-07-24T06:59:16.315860500Z,READ,138
2025-07-24T06:59:21.316483Z,WRITE,139
2025-07-24T06:59:21.317487900Z,READ,139
2025-07-24T06:59:26.316241700Z,WRITE,140
2025-07-24T06:59:26.317230700Z,READ,140
2025-07-24T06:59:31.317427300Z,WRITE,141
2025-07-24T06:59:31.318428500Z,READ,141
2025-07-24T06:59:32.666051400Z,READ,141
2025-07-24T06:59:32.668055800Z,READ,141
2025-07-24T06:59:36.316703300Z,WRITE,142
2025-07-24T06:59:36.317690500Z,READ,142
2025-07-24T06:59:41.315215200Z,WRITE,143
2025-07-24T06:59:41.315215200Z,READ,143
2025-07-24T06:59:46.313249900Z,WRITE,144
2025-07-24T06:59:46.313249900Z,READ,144
Timestamp,Action,Value
2025-07-24T07:09:09.286824400Z,WRITE,101
2025-07-24T07:09:09.288826Z,READ,101
2025-07-24T07:09:09.384822400Z,READ,101
2025-07-24T07:09:09.400829100Z,READ,101
2025-07-24T07:09:14.273127400Z,WRITE,102
2025-07-24T07:09:14.274127800Z,READ,102
2025-07-24T07:09:19.276415600Z,WRITE,103
2025-07-24T07:09:19.277385900Z,READ,103
2025-07-24T07:09:24.271550500Z,WRITE,104
2025-07-24T07:09:24.272566Z,READ,104
2025-07-24T07:09:29.274990500Z,WRITE,105
2025-07-24T07:09:29.275996900Z,READ,105
2025-07-24T07:09:34.276714Z,WRITE,106
2025-07-24T07:09:34.277710900Z,READ,106
2025-07-24T07:09:39.273420700Z,WRITE,107
2025-07-24T07:09:39.273420700Z,READ,107
2025-07-24T07:09:44.273426300Z,WRITE,108
2025-07-24T07:09:44.274429700Z,READ,108
2025-07-24T07:09:49.275234800Z,WRITE,109
2025-07-24T07:09:49.276229200Z,READ,109
2025-07-24T07:09:54.276006900Z,WRITE,110
2025-07-24T07:09:54.277015900Z,READ,110
2025-07-24T07:09:59.273141500Z,WRITE,111
2025-07-24T07:09:59.274127700Z,READ,111
2025-07-24T07:10:04.274972400Z,WRITE,112
2025-07-24T07:10:04.276974800Z,READ,112
Timestamp,Action,Value
2025-07-24T07:10:16.474370300Z,WRITE,101
2025-07-24T07:10:16.477374300Z,READ,101
2025-07-24T07:10:16.560367900Z,READ,101
2025-07-24T07:10:16.575365Z,READ,101
2025-07-24T07:10:17.035960600Z,READ,0
2025-07-24T07:10:18.008805900Z,READ,0
2025-07-24T07:10:19.004527600Z,READ,0
2025-07-24T07:10:20.012809500Z,READ,0
2025-07-24T07:10:21.004124400Z,READ,0
2025-07-24T07:10:21.463317400Z,WRITE,102
2025-07-24T07:10:21.464319200Z,READ,102
2025-07-24T07:10:22.002736900Z,READ,102
2025-07-24T07:10:23.008129Z,READ,102
2025-07-24T07:10:24.009478Z,READ,102
2025-07-24T07:10:25.004608800Z,READ,102
2025-07-24T07:10:26.007079600Z,READ,102
2025-07-24T07:10:26.462785900Z,WRITE,103
2025-07-24T07:10:26.463790500Z,READ,103
2025-07-24T07:10:27.006472600Z,READ,103
2025-07-24T07:10:28.012812100Z,READ,103
2025-07-24T07:10:29.009246800Z,READ,103
2025-07-24T07:10:30.008680700Z,READ,103
2025-07-24T07:10:31.004415300Z,READ,103
2025-07-24T07:10:31.463567500Z,WRITE,104
2025-07-24T07:10:31.464568400Z,READ,104
2025-07-24T07:10:32.004658900Z,READ,104
2025-07-24T07:10:33.006801500Z,READ,104
2025-07-24T07:10:34.008435900Z,READ,104
2025-07-24T07:10:35.005554900Z,READ,104
2025-07-24T07:10:36.005706100Z,READ,104
2025-07-24T07:10:36.466456Z,WRITE,105
2025-07-24T07:10:36.468436200Z,READ,105
2025-07-24T07:10:37.005137Z,READ,105
2025-07-24T07:10:38.005948Z,READ,105
2025-07-24T07:10:39.009376900Z,READ,105
2025-07-24T07:10:40.008645700Z,READ,105
2025-07-24T07:10:41.005995700Z,READ,105
2025-07-24T07:10:41.465189700Z,WRITE,106
2025-07-24T07:10:41.466181200Z,READ,106
2025-07-24T07:10:42.004159300Z,READ,106
2025-07-24T07:10:43.007481700Z,READ,106
2025-07-24T07:10:44.012782200Z,READ,106
2025-07-24T07:10:45.006408500Z,READ,106
2025-07-24T07:10:46.004306300Z,READ,106
2025-07-24T07:10:46.463197800Z,WRITE,107
2025-07-24T07:10:46.463197800Z,READ,107
2025-07-24T07:10:47.006473200Z,READ,107
2025-07-24T07:10:48.006775300Z,READ,107
2025-07-24T07:10:49.008079Z,READ,107
2025-07-24T07:10:50.007026Z,READ,107
2025-07-24T07:10:51.007070300Z,READ,107
2025-07-24T07:10:51.465667800Z,WRITE,108
2025-07-24T07:10:51.466670500Z,READ,108
2025-07-24T07:10:52.010391800Z,READ,108
2025-07-24T07:10:53.004509400Z,READ,108
2025-07-24T07:10:54.007720300Z,READ,108
2025-07-24T07:10:55.007290800Z,READ,108
2025-07-24T07:10:56.010588100Z,READ,108
2025-07-24T07:10:56.467558Z,READ,109
2025-07-24T07:10:56.467558Z,WRITE,109
2025-07-24T07:10:57.005841700Z,READ,109
2025-07-24T07:10:58.003199200Z,READ,109
2025-07-24T07:10:59.007007400Z,READ,109
2025-07-24T07:11:00.012630600Z,READ,109
2025-07-24T07:11:01.007418Z,READ,109
2025-07-24T07:11:01.462296400Z,WRITE,110
2025-07-24T07:11:01.463296800Z,READ,110
2025-07-24T07:11:02.002006700Z,READ,110
2025-07-24T07:11:03.008216400Z,READ,110
2025-07-24T07:11:04.007530800Z,READ,110
2025-07-24T07:11:05.006829900Z,READ,110
2025-07-24T07:11:06.003837300Z,READ,110
2025-07-24T07:11:06.463389600Z,WRITE,111
2025-07-24T07:11:06.464402100Z,READ,111
2025-07-24T07:11:07.005693400Z,READ,111
2025-07-24T07:11:08.012347900Z,READ,111
2025-07-24T07:11:09.004650600Z,READ,111
2025-07-24T07:11:10.007905200Z,READ,111
2025-07-24T07:11:11.006173Z,READ,111
2025-07-24T07:11:11.467162500Z,WRITE,112
2025-07-24T07:11:11.468169400Z,READ,112
2025-07-24T07:11:12.010519500Z,READ,112
2025-07-24T07:11:13.006826100Z,READ,112
2025-07-24T07:11:14.008298500Z,READ,112
2025-07-24T07:11:15.009288400Z,READ,112
2025-07-24T07:11:16.009415800Z,READ,112
2025-07-24T07:11:16.467552400Z,WRITE,113
2025-07-24T07:11:16.468609700Z,READ,113
2025-07-24T07:11:17.001967900Z,READ,113
2025-07-24T07:11:18.009574600Z,READ,113
2025-07-24T07:11:19.009057300Z,READ,113
2025-07-24T07:11:20.008320600Z,READ,113
2025-07-24T07:11:21.002903300Z,READ,113
2025-07-24T07:11:21.466655700Z,WRITE,114
2025-07-24T07:11:21.467651600Z,READ,114
2025-07-24T07:11:22.005618400Z,READ,114
2025-07-24T07:11:23.005871700Z,READ,114
2025-07-24T07:11:24.011845500Z,READ,114
2025-07-24T07:11:25.003555100Z,READ,114
2025-07-24T07:11:26.005886200Z,READ,114
2025-07-24T07:11:26.463896100Z,WRITE,115
2025-07-24T07:11:26.463896100Z,READ,115
2025-07-24T07:11:27.005637700Z,READ,115
2025-07-24T07:11:28.011419200Z,READ,115
2025-07-24T07:11:29.005556800Z,READ,115
2025-07-24T07:11:30.002677600Z,READ,115
2025-07-24T07:11:31.007839800Z,READ,115
2025-07-24T07:11:31.463525100Z,READ,116
2025-07-24T07:11:31.463525100Z,WRITE,116
2025-07-24T07:11:32.010969300Z,READ,116
2025-07-24T07:11:33.008873300Z,READ,116
2025-07-24T07:11:34.007624300Z,READ,116
2025-07-24T07:11:35.054509Z,READ,116
2025-07-24T07:11:36.006536500Z,READ,116
2025-07-24T07:11:36.467662900Z,WRITE,117
2025-07-24T07:11:36.469689500Z,READ,117
2025-07-24T07:11:37.003505100Z,READ,117
2025-07-24T07:11:38.004686Z,READ,117
2025-07-24T07:11:39.002643200Z,READ,117
2025-07-24T07:11:40.006227Z,READ,117
2025-07-24T07:11:41.006889300Z,READ,117
2025-07-24T07:11:41.466557200Z,WRITE,118
2025-07-24T07:11:41.468534900Z,READ,118
2025-07-24T07:11:42.004005600Z,READ,118
2025-07-24T07:11:43.005508900Z,READ,118
2025-07-24T07:11:44.006786200Z,READ,118
2025-07-24T07:11:45.003737600Z,READ,118
2025-07-24T07:11:46.006048800Z,READ,118
2025-07-24T07:11:46.466010Z,WRITE,119
2025-07-24T07:11:46.467996600Z,READ,119
2025-07-24T07:11:47.002468700Z,READ,119
2025-07-24T07:11:48.005983800Z,READ,119
2025-07-24T07:11:49.003818500Z,READ,119
2025-07-24T07:11:50.005995800Z,READ,119
2025-07-24T07:11:51.006015500Z,READ,119
2025-07-24T07:11:51.468006200Z,WRITE,120
2025-07-24T07:11:51.470006200Z,READ,120
2025-07-24T07:11:52.011729100Z,READ,120
2025-07-24T07:11:53.003353800Z,READ,120
2025-07-24T07:11:54.008723Z,READ,120
2025-07-24T07:11:55.007642Z,READ,120
2025-07-24T07:11:56.007960600Z,READ,120
2025-07-24T07:11:56.465437900Z,WRITE,121
2025-07-24T07:11:56.466435600Z,READ,121
2025-07-24T07:11:57.003859Z,READ,121
2025-07-24T07:11:58.007961900Z,READ,121
2025-07-24T07:11:59.005095300Z,READ,121
2025-07-24T07:12:00.009159Z,READ,121
2025-07-24T07:12:01.003669600Z,READ,121
2025-07-24T07:12:01.462577800Z,WRITE,122
2025-07-24T07:12:01.463580600Z,READ,122
2025-07-24T07:12:02.006546Z,READ,122
2025-07-24T07:12:03.002161900Z,READ,122
2025-07-24T07:12:04.006450700Z,READ,122
2025-07-24T07:12:05.003926400Z,READ,122
2025-07-24T07:12:06.007842Z,READ,122
2025-07-24T07:12:06.464170300Z,WRITE,123
2025-07-24T07:12:06.465175400Z,READ,123
2025-07-24T07:12:07.004744900Z,READ,123
2025-07-24T07:12:08.012082400Z,READ,123
2025-07-24T07:12:09.006357400Z,READ,123
2025-07-24T07:12:10.007726700Z,READ,123
2025-07-24T07:12:11.004170900Z,READ,123
2025-07-24T07:12:11.460914700Z,WRITE,124
2025-07-24T07:12:11.460914700Z,READ,124
2025-07-24T07:12:12.009957200Z,READ,124
2025-07-24T07:12:13.003501100Z,READ,124
2025-07-24T07:12:14.004599900Z,READ,124
2025-07-24T07:12:15.005399600Z,READ,124
2025-07-24T07:12:16.005040700Z,READ,124
2025-07-24T07:12:16.475879600Z,WRITE,125
2025-07-24T07:12:16.477881700Z,READ,125
2025-07-24T07:12:17.002287400Z,READ,125
2025-07-24T07:12:18.003033700Z,READ,125
2025-07-24T07:12:19.002200600Z,READ,125
2025-07-24T07:12:19.699015500Z,READ,125
2025-07-24T07:12:19.701025900Z,READ,125
Timestamp,Action,Value
2025-07-24T07:13:08.148583Z,WRITE,101
2025-07-24T07:13:09.018922400Z,READ,125
2025-07-24T07:13:10.008922600Z,READ,125
2025-07-24T07:13:11.003772200Z,READ,125
2025-07-24T07:13:12.011670200Z,READ,125
2025-07-24T07:13:13.003745400Z,READ,125
2025-07-24T07:13:13.134013200Z,WRITE,102
2025-07-24T07:13:13.135040100Z,READ,102
2025-07-24T07:13:14.007315400Z,READ,102
2025-07-24T07:13:15.005301200Z,READ,102
2025-07-24T07:13:16.008701200Z,READ,102
2025-07-24T07:13:17.005086800Z,READ,102
2025-07-24T07:13:18.008325300Z,READ,102
2025-07-24T07:13:18.133634900Z,WRITE,103
2025-07-24T07:13:18.134655700Z,READ,103
2025-07-24T07:13:23.184435200Z,WRITE,104
2025-07-24T07:13:28.136088100Z,WRITE,105
2025-07-24T07:13:33.133107100Z,WRITE,106
2025-07-24T07:13:38.135517100Z,WRITE,107
2025-07-24T07:13:43.131465900Z,WRITE,108
2025-07-24T07:13:48.136072300Z,WRITE,109
2025-07-24T07:13:53.133073200Z,WRITE,110
2025-07-24T07:13:58.135154500Z,WRITE,111
2025-07-24T07:14:03.135248500Z,WRITE,112
2025-07-24T07:14:08.135518900Z,WRITE,113
2025-07-24T07:14:13.135704400Z,WRITE,114
2025-07-24T07:14:18.136913700Z,WRITE,115
2025-07-24T07:14:23.132635600Z,WRITE,116
2025-07-24T07:14:28.131874900Z,WRITE,117
Timestamp,Action,Value
2025-07-24T07:14:48.179658200Z,WRITE,101
2025-07-24T07:14:49.015718200Z,READ,0
2025-07-24T07:14:50.007374900Z,READ,0
2025-07-24T07:14:51.004452600Z,READ,0
2025-07-24T07:14:52.014298Z,READ,0
2025-07-24T07:14:53.006756300Z,READ,0
2025-07-24T07:14:53.173435100Z,WRITE,102
2025-07-24T07:14:53.176453500Z,READ,102
2025-07-24T07:14:54.006860300Z,READ,102
2025-07-24T07:14:55.009318700Z,READ,102
2025-07-24T07:14:56.007887400Z,READ,102
2025-07-24T07:14:57.008542200Z,READ,102
2025-07-24T07:14:58.007928800Z,READ,102
2025-07-24T07:14:58.171977400Z,WRITE,103
2025-07-24T07:14:58.173968600Z,READ,103
2025-07-24T07:14:59.008547600Z,READ,103
2025-07-24T07:15:00.008826800Z,READ,103
2025-07-24T07:15:01.006161800Z,READ,103
2025-07-24T07:15:02.008517600Z,READ,103
2025-07-24T07:15:03.010053900Z,READ,103
2025-07-24T07:15:03.170767Z,READ,104
2025-07-24T07:15:03.170767Z,WRITE,104
2025-07-24T07:15:04.012876900Z,READ,104
2025-07-24T07:15:05.008318100Z,READ,104
2025-07-24T07:15:06.007741900Z,READ,104
2025-07-24T07:15:07.007192800Z,READ,104
2025-07-24T07:15:08.009404300Z,READ,104
2025-07-24T07:15:08.172353Z,WRITE,105
2025-07-24T07:15:08.172353Z,READ,105
2025-07-24T07:15:09.002712200Z,READ,105
2025-07-24T07:15:10.007133800Z,READ,105
2025-07-24T07:15:11.006730Z,READ,105
2025-07-24T07:15:12.004669400Z,READ,105
2025-07-24T07:15:13.005679700Z,READ,105
2025-07-24T07:15:13.172451100Z,WRITE,106
2025-07-24T07:15:13.174509600Z,READ,106
2025-07-24T07:15:14.006650Z,READ,106
2025-07-24T07:15:15.004284800Z,READ,106
2025-07-24T07:15:16.012725400Z,READ,106
2025-07-24T07:15:17.006218800Z,READ,106
2025-07-24T07:15:18.002694200Z,READ,106
2025-07-24T07:15:18.174741Z,WRITE,107
2025-07-24T07:15:18.176742300Z,READ,107
2025-07-24T07:15:19.007651100Z,READ,107
2025-07-24T07:15:20.010078600Z,READ,107
2025-07-24T07:15:21.009131500Z,READ,107
2025-07-24T07:15:22.007708100Z,READ,107
2025-07-24T07:15:23.007147600Z,READ,107
2025-07-24T07:15:23.172755Z,WRITE,108
2025-07-24T07:15:23.175033100Z,READ,108
2025-07-24T07:15:24.012384200Z,READ,108
2025-07-24T07:15:25.005811400Z,READ,108
2025-07-24T07:15:26.003792100Z,READ,108
2025-07-24T07:15:27.008261900Z,READ,108
2025-07-24T07:15:28.009824600Z,READ,108
2025-07-24T07:15:28.174329400Z,WRITE,109
2025-07-24T07:15:28.176275300Z,READ,109
2025-07-24T07:15:29.013322400Z,READ,109
2025-07-24T07:15:30.008256700Z,READ,109
2025-07-24T07:15:31.007030600Z,READ,109
2025-07-24T07:15:32.010741Z,READ,109
Timestamp,Action,Value
2025-07-24T07:17:04.156793800Z,WRITE,101
2025-07-24T07:17:05.037593600Z,READ,0
2025-07-24T07:17:06.007568Z,READ,0
2025-07-24T07:17:07.002940100Z,READ,0
2025-07-24T07:17:08.011758600Z,READ,0
2025-07-24T07:17:09.007254Z,READ,0
2025-07-24T07:17:09.144263800Z,WRITE,102
2025-07-24T07:17:09.145273600Z,READ,102
2025-07-24T07:17:10.004560500Z,READ,102
2025-07-24T07:17:11.007382100Z,READ,102
2025-07-24T07:17:12.012119400Z,READ,102
2025-07-24T07:17:13.004430400Z,READ,102
2025-07-24T07:17:14.003489100Z,READ,102
2025-07-24T07:17:14.142336500Z,WRITE,103
2025-07-24T07:17:14.143341600Z,READ,103
2025-07-24T07:17:15.002162100Z,READ,103
2025-07-24T07:17:16.004294Z,READ,103
2025-07-24T07:17:17.003862500Z,READ,103
2025-07-24T07:17:18.005729300Z,READ,103
2025-07-24T07:17:19.007723900Z,READ,103
2025-07-24T07:17:19.150091300Z,WRITE,104
2025-07-24T07:17:19.151115200Z,READ,104
2025-07-24T07:17:24.146278Z,WRITE,105
2025-07-24T07:17:29.141826Z,WRITE,106
2025-07-24T07:17:34.143588700Z,WRITE,107
2025-07-24T07:17:39.143343800Z,WRITE,108
2025-07-24T07:17:44.146526200Z,WRITE,109
2025-07-24T07:17:49.146022100Z,WRITE,110
2025-07-24T07:17:54.142199200Z,WRITE,111
2025-07-24T07:17:59.144441200Z,WRITE,112
2025-07-24T07:18:04.143662800Z,WRITE,113
2025-07-24T07:18:09.147115900Z,WRITE,114
2025-07-24T07:18:14.147731500Z,WRITE,115
2025-07-24T07:18:19.146812600Z,WRITE,116
2025-07-24T07:18:24.147451900Z,WRITE,117
2025-07-24T07:18:29.146868300Z,WRITE,118
2025-07-24T07:18:34.149277Z,WRITE,119
2025-07-24T07:18:39.143362200Z,WRITE,120
2025-07-24T07:18:44.145270Z,WRITE,121
2025-07-24T07:18:49.143149600Z,WRITE,122
Timestamp,Action,Value
2025-07-24T07:19:18.552871500Z,WRITE,101
2025-07-24T07:19:23.546456900Z,WRITE,102
2025-07-24T07:19:28.544874800Z,WRITE,103
2025-07-24T07:19:33.547377300Z,WRITE,104
2025-07-24T07:19:38.541621400Z,WRITE,105
2025-07-24T07:19:43.542153300Z,WRITE,106
2025-07-24T07:19:48.543707600Z,WRITE,107
Timestamp,Action,Value
2025-07-24T07:21:44.493377600Z,WRITE,101
2025-07-24T07:21:45.024287900Z,READ,0
2025-07-24T07:21:46.003029900Z,READ,0
2025-07-24T07:21:47.006016900Z,READ,0
2025-07-24T07:21:48.010257700Z,READ,0
2025-07-24T07:21:49.007896900Z,READ,0
2025-07-24T07:21:49.492911800Z,WRITE,102
2025-07-24T07:21:49.493921300Z,READ,102
2025-07-24T07:21:50.006265900Z,READ,102
2025-07-24T07:21:51.007585900Z,READ,102
2025-07-24T07:21:52.006384500Z,READ,102
2025-07-24T07:21:53.010405500Z,READ,102
2025-07-24T07:23:55.008749Z,READ,0
2025-07-24T07:23:56.012143900Z,READ,0
2025-07-24T07:23:57.007680900Z,READ,0
2025-07-24T07:23:58.007835700Z,READ,0
2025-07-24T07:23:59.006713700Z,READ,0
2025-07-24T07:24:00.009888300Z,READ,0
2025-07-24T07:24:01.004602300Z,READ,0
2025-07-24T07:24:02.003684200Z,READ,0
2025-07-24T07:24:03.004049400Z,READ,0
2025-07-24T07:24:04.011856400Z,READ,0
2025-07-24T07:24:05.008808200Z,READ,0
2025-07-24T07:24:06.006668700Z,READ,0
2025-07-24T07:24:07.007715600Z,READ,0
2025-07-24T07:24:08.010659900Z,READ,0
2025-07-24T07:24:09.003498100Z,READ,0
2025-07-24T07:24:10.000884500Z,READ,0
2025-07-24T07:24:11.005324100Z,READ,0
2025-07-24T07:24:12.031831400Z,READ,0
2025-07-24T07:24:13.004661Z,READ,0
2025-07-24T07:24:14.000999400Z,READ,0
2025-07-24T07:24:15.005142900Z,READ,0
2025-07-24T07:24:16.011313500Z,READ,0
2025-07-24T07:24:17.003956400Z,READ,0
2025-07-24T07:24:18.004309Z,READ,0
2025-07-24T07:24:19.000672500Z,READ,0
2025-07-24T07:24:20.013131800Z,READ,0
2025-07-24T07:24:21.004035900Z,READ,0
2025-07-24T07:24:22.004126500Z,READ,0
2025-07-24T07:24:23.000455800Z,READ,0
2025-07-24T07:24:24.010351900Z,READ,0
2025-07-24T07:24:25.003708900Z,READ,0
2025-07-24T07:24:26.003432400Z,READ,0
2025-07-24T07:24:27.000605200Z,READ,0
2025-07-24T07:24:28.008951Z,READ,0
2025-07-24T07:24:29.007834900Z,READ,0
2025-07-24T07:24:30.008156800Z,READ,0
2025-07-24T07:24:31.007787400Z,READ,0
2025-07-24T07:24:32.011098900Z,READ,0
2025-07-24T07:24:33.003546800Z,READ,0
2025-07-24T07:24:34.007494900Z,READ,0
2025-07-24T07:24:35.000880300Z,READ,0
2025-07-24T07:24:36.010844400Z,READ,0
2025-07-24T07:24:37.007987400Z,READ,0
2025-07-24T07:24:38.003958700Z,READ,0
2025-07-24T07:24:39.008209100Z,READ,0
2025-07-24T07:24:40.004931200Z,READ,0
2025-07-24T07:24:41.002295700Z,READ,0
2025-07-24T07:24:42.000513700Z,READ,0
2025-07-24T07:24:43.020958Z,READ,0
2025-07-24T07:24:44.008128600Z,READ,0
2025-07-24T07:24:45.003241200Z,READ,0
2025-07-24T07:24:46.007857600Z,READ,0
2025-07-24T07:24:47.008964Z,READ,0
2025-07-24T07:24:48.008314100Z,READ,0
2025-07-24T07:24:49.005256300Z,READ,0
2025-07-24T07:24:50.000879300Z,READ,0
2025-07-24T07:24:51.011077300Z,READ,0
2025-07-24T07:24:52.012065400Z,READ,0
2025-07-24T07:24:53.006338600Z,READ,0
2025-07-24T07:24:54.007020500Z,READ,0
2025-07-24T07:24:55.005748900Z,READ,0
2025-07-24T07:24:56.005131600Z,READ,0
2025-07-24T07:24:57.003719300Z,READ,0
2025-07-24T07:24:58.002353400Z,READ,0
2025-07-24T07:24:59.000880800Z,READ,0
2025-07-24T07:25:00.011427700Z,READ,0
2025-07-24T07:25:01.004077900Z,READ,0
2025-07-24T07:25:02.021304800Z,READ,0
2025-07-24T07:25:03.004229700Z,READ,0
2025-07-24T07:25:04.000334100Z,READ,0
2025-07-24T07:25:05.018900300Z,READ,0
2025-07-24T07:25:06.004412500Z,READ,0
2025-07-24T07:25:07.003773400Z,READ,0
2025-07-24T07:25:08.009718400Z,READ,0
2025-07-24T07:25:09.004692500Z,READ,0
2025-07-24T07:25:10.003648200Z,READ,0
2025-07-24T07:25:11.005346Z,READ,0
2025-07-24T07:25:12.005483700Z,READ,0
2025-07-24T07:25:13.002674700Z,READ,0
2025-07-24T07:25:14.003484300Z,READ,0
2025-07-24T07:25:15.007312700Z,READ,0
Timestamp,Action,Value
2025-07-24T07:26:02.465728600Z,WRITE,101
2025-07-24T07:26:03.012895300Z,READ,0
2025-07-24T07:26:04.019877500Z,READ,0
2025-07-24T07:26:05.004471900Z,READ,0
2025-07-24T07:26:06.008604600Z,READ,0
2025-07-24T07:26:07.003801900Z,READ,0
2025-07-24T07:26:07.463596700Z,WRITE,102
2025-07-24T07:26:07.465602300Z,READ,102
2025-07-24T07:26:08.007085600Z,READ,102
2025-07-24T07:26:09.006137900Z,READ,102
2025-07-24T07:26:10.007476800Z,READ,102
2025-07-24T07:26:11.007858900Z,READ,102
2025-07-24T07:26:12.010261500Z,READ,102
2025-07-24T07:26:12.459254700Z,WRITE,103
2025-07-24T07:26:12.461284400Z,READ,103
2025-07-24T07:26:13.003569Z,READ,103
2025-07-24T07:26:14.009824500Z,READ,103
2025-07-24T07:26:15.006086Z,READ,103
2025-07-24T07:26:16.005601800Z,READ,103
2025-07-24T07:26:17.008559300Z,READ,103
2025-07-24T07:26:17.453578900Z,WRITE,104
2025-07-24T07:26:17.453578900Z,READ,104
2025-07-24T07:26:18.006897600Z,READ,104
2025-07-24T07:26:19.004875700Z,READ,104
Timestamp,Action,Value
2025-07-24T07:30:52.557407300Z,WRITE,101
2025-07-24T07:30:53.042405Z,READ,0
2025-07-24T07:30:54.006421100Z,READ,0
2025-07-24T07:30:55.002474100Z,READ,0
2025-07-24T07:30:56.008630600Z,READ,0
2025-07-24T07:30:57.009008100Z,READ,0
2025-07-24T07:30:57.546786500Z,WRITE,102
2025-07-24T07:30:57.547787700Z,READ,102
2025-07-24T07:30:58.006374300Z,READ,102
2025-07-24T07:30:59.007456100Z,READ,102
2025-07-24T07:31:00.031751100Z,READ,102
2025-07-24T07:31:01.004729600Z,READ,102
2025-07-24T07:31:02.003460300Z,READ,102
2025-07-24T07:31:02.548510900Z,WRITE,103
2025-07-24T07:31:02.548510900Z,READ,103
2025-07-24T07:31:03.001605Z,READ,103
2025-07-24T07:31:04.005256600Z,READ,103
2025-07-24T07:31:05.003567900Z,READ,103
2025-07-24T07:31:06.007925100Z,READ,103
2025-07-24T07:31:07.002991200Z,READ,103
2025-07-24T07:31:07.548466Z,WRITE,104
2025-07-24T07:31:07.548466Z,READ,104
2025-07-24T07:31:08.004955600Z,READ,104
2025-07-24T07:31:09.007995600Z,READ,104
2025-07-24T07:31:10.004785500Z,READ,104
Timestamp,Action,Value
2025-07-24T07:34:35.516189800Z,WRITE,101
2025-07-24T07:34:36.018190900Z,READ,0
2025-07-24T07:34:37.007811800Z,READ,0
2025-07-24T07:34:38.004835100Z,READ,0
2025-07-24T07:34:39.005405600Z,READ,0
2025-07-24T07:34:40.006641100Z,READ,0
2025-07-24T07:34:40.507586600Z,WRITE,102
2025-07-24T07:34:40.508586400Z,READ,102
2025-07-24T07:34:41.008950300Z,READ,102
2025-07-24T07:34:42.005008400Z,READ,102
2025-07-24T07:34:43.006429900Z,READ,102
2025-07-24T07:34:44.007983Z,READ,102
2025-07-24T07:34:45.009296400Z,READ,102
2025-07-24T07:34:45.510920900Z,WRITE,103
2025-07-24T07:34:45.511918Z,READ,103
2025-07-24T07:34:46.003987200Z,READ,103
2025-07-24T07:34:47.008311200Z,READ,103
2025-07-24T07:34:48.005287700Z,READ,103
2025-07-24T07:34:49.003287400Z,READ,103
2025-07-24T07:34:50.007673400Z,READ,103
2025-07-24T07:34:50.508535900Z,WRITE,104
2025-07-24T07:34:50.509536Z,READ,104
2025-07-24T07:34:51.007219100Z,READ,104
2025-07-24T07:34:52.004990800Z,READ,104
2025-07-24T07:34:53.004281500Z,READ,104
2025-07-24T07:34:54.007166500Z,READ,104
Timestamp,Action,Value
2025-07-24T07:36:37.799807700Z,WRITE,101
2025-07-24T07:36:38.018808300Z,READ,0
2025-07-24T07:36:39.007223300Z,READ,0
2025-07-24T07:36:40.010741Z,READ,0
2025-07-24T07:36:41.005898400Z,READ,0
2025-07-24T07:36:42.005969100Z,READ,0
2025-07-24T07:36:42.793063900Z,WRITE,102
2025-07-24T07:36:42.794069300Z,READ,102
2025-07-24T07:36:43.003345700Z,READ,102
2025-07-24T07:36:44.006776Z,READ,102
2025-07-24T07:36:45.006274800Z,READ,102
2025-07-24T07:36:46.007356400Z,READ,102
2025-07-24T07:36:47.007320Z,READ,102
2025-07-24T07:36:47.793296700Z,WRITE,103
2025-07-24T07:36:47.794269700Z,READ,103
2025-07-24T07:36:48.005271200Z,READ,103
2025-07-24T07:36:49.008119Z,READ,103
2025-07-24T07:36:50.008568700Z,READ,103
2025-07-24T07:36:51.010631800Z,READ,103
2025-07-24T07:36:52.011948200Z,READ,103
2025-07-24T07:36:52.791700900Z,READ,104
2025-07-24T07:36:52.791700900Z,WRITE,104
2025-07-24T07:36:53.015516700Z,READ,104
2025-07-24T07:36:54.008850400Z,READ,104
2025-07-24T07:36:55.007747700Z,READ,104
2025-07-24T07:36:56.009055Z,READ,104
2025-07-24T07:36:57.008857100Z,READ,104
2025-07-24T07:36:57.790694500Z,WRITE,105
2025-07-24T07:36:57.791455800Z,READ,105
2025-07-24T07:36:58.010835700Z,READ,105
2025-07-24T07:36:59.005821Z,READ,105
2025-07-24T07:37:00.012093100Z,READ,105
2025-07-24T07:37:01.004389Z,READ,105
2025-07-24T07:37:02.004323100Z,READ,105
2025-07-24T07:37:02.791264700Z,WRITE,106
2025-07-24T07:37:02.792273200Z,READ,106
2025-07-24T07:37:03.012640300Z,READ,106
2025-07-24T07:37:04.005513Z,READ,106
2025-07-24T07:37:05.005551800Z,READ,106
2025-07-24T07:37:06.004422200Z,READ,106
2025-07-24T07:37:07.005623100Z,READ,106
2025-07-24T07:37:07.791071400Z,WRITE,107
2025-07-24T07:37:07.791071400Z,READ,107
2025-07-24T07:37:08.005152Z,READ,107
Timestamp,Action,Value
2025-07-24T07:41:19.438356200Z,WRITE,101
Timestamp,Action,Value
2025-07-24T07:41:47.100661600Z,WRITE,101
Timestamp,Action,Value
2025-07-24T07:42:55.403581200Z,WRITE,101
2025-07-24T07:42:56.027538100Z,READ,0
2025-07-24T07:42:57.009878100Z,READ,0
2025-07-24T07:42:58.004730200Z,READ,0
2025-07-24T07:42:59.005439600Z,READ,0
2025-07-24T07:43:00.014784400Z,READ,0
2025-07-24T07:43:00.393805900Z,WRITE,102
2025-07-24T07:43:00.395856700Z,READ,102
2025-07-24T07:43:01.008112900Z,READ,102
2025-07-24T07:43:02.009323100Z,READ,102
2025-07-24T07:43:03.009711800Z,READ,102
2025-07-24T07:43:04.009979Z,READ,102
2025-07-24T07:43:05.012208600Z,READ,102
2025-07-24T07:43:05.390137600Z,WRITE,103
2025-07-24T07:43:05.391146500Z,READ,103
2025-07-24T07:43:06.005376300Z,READ,103
2025-07-24T07:43:07.008716Z,READ,103
2025-07-24T07:43:08.010083500Z,READ,103
2025-07-24T07:43:09.003115Z,READ,103
2025-07-24T07:43:10.004943200Z,READ,103
2025-07-24T07:43:10.392499600Z,WRITE,104
2025-07-24T07:43:10.394485600Z,READ,104
2025-07-24T07:43:11.003530500Z,READ,104
Timestamp,Action,Value
2025-07-24T07:48:52.045145100Z,WRITE,101
Timestamp,Action,Value
2025-07-24T07:49:39.899077500Z,WRITE,101
Timestamp,Action,Value
2025-07-24T07:51:02.991972400Z,WRITE,101
Timestamp,Action,Value
2025-07-24T07:52:40.458095700Z,WRITE,101
2025-07-24T07:52:41.011089500Z,READ,0
2025-07-24T07:52:42.007520Z,READ,0
2025-07-24T07:52:43.008880600Z,READ,0
2025-07-24T07:52:44.009859Z,READ,0
2025-07-24T07:52:45.006131100Z,READ,0
2025-07-24T07:52:45.451591300Z,WRITE,102
2025-07-24T07:52:45.452595200Z,READ,102
2025-07-24T07:52:46.004352200Z,READ,102
2025-07-24T07:52:47.007781800Z,READ,102
2025-07-24T07:52:48.004186200Z,READ,102
2025-07-24T07:52:49.000780600Z,READ,102
2025-07-24T07:52:50.006043300Z,READ,102
2025-07-24T07:52:50.448806900Z,WRITE,103
2025-07-24T07:52:50.449808800Z,READ,103
2025-07-24T07:52:51.003253800Z,READ,103
2025-07-24T07:52:52.003835600Z,READ,103
2025-07-24T07:52:53.005119100Z,READ,103
2025-07-24T07:52:54.005863400Z,READ,103
2025-07-24T07:52:55.010066700Z,READ,103
2025-07-24T07:52:55.449586100Z,WRITE,104
2025-07-24T07:52:55.452610800Z,READ,104
2025-07-24T07:52:56.008536800Z,READ,104
2025-07-24T07:52:57.006277200Z,READ,104
2025-07-24T07:52:58.004503900Z,READ,104
2025-07-24T07:52:59.004510300Z,READ,104
2025-07-24T07:53:00.005475300Z,READ,104
2025-07-24T07:53:00.981109300Z,READ,105
2025-07-24T07:53:00.997145300Z,WRITE,105
2025-07-24T07:53:01.038110100Z,READ,105
2025-07-24T07:53:02.004612100Z,READ,105
Timestamp,Action,Value
2025-07-24T10:54:30.524708900Z,WRITE,101
2025-07-24T10:54:31.019708Z,READ,0
2025-07-24T10:54:32.015204900Z,READ,0
2025-07-24T10:54:33.007493Z,READ,0
2025-07-24T10:54:34.006595800Z,READ,0
2025-07-24T10:54:35.005283Z,READ,0
2025-07-24T10:54:36.448569200Z,READ,102
2025-07-24T10:54:36.448569200Z,READ,0
2025-07-24T10:54:36.449575600Z,WRITE,102
2025-07-24T10:54:37.002469100Z,READ,102
2025-07-24T10:54:38.009184Z,READ,102
2025-07-24T10:54:39.008458500Z,READ,102
2025-07-24T10:54:40.013147700Z,READ,102
2025-07-24T10:54:40.515539500Z,WRITE,103
2025-07-24T10:54:40.518522500Z,READ,103
2025-07-24T10:54:41.008466400Z,READ,103
2025-07-24T10:54:42.006091200Z,READ,103
2025-07-24T10:54:43.008151800Z,READ,103
2025-07-24T10:54:44.013013300Z,READ,103
2025-07-24T10:54:45.007752800Z,READ,103
2025-07-24T10:54:45.515830100Z,WRITE,104
2025-07-24T10:54:45.523695800Z,READ,104
2025-07-24T10:54:46.009095800Z,READ,104
2025-07-24T10:54:47.008218300Z,READ,104
2025-07-24T10:54:48.012329800Z,READ,104
2025-07-24T10:54:49.006535Z,READ,104
2025-07-24T10:54:50.003219300Z,READ,104
2025-07-24T10:54:50.516281700Z,WRITE,105
2025-07-24T10:54:50.518278600Z,READ,105
2025-07-24T10:54:51.003502Z,READ,105
2025-07-24T10:54:52.009865700Z,READ,105
2025-07-24T10:54:53.004878100Z,READ,105
2025-07-24T10:54:54.007416Z,READ,105
2025-07-24T10:54:55.008438Z,READ,105
2025-07-24T10:54:55.511819100Z,WRITE,106
2025-07-24T10:54:55.512715100Z,READ,106
2025-07-24T10:54:56.077094Z,READ,106
2025-07-24T10:54:57.060096300Z,READ,106
2025-07-24T10:54:58.002747700Z,READ,106
2025-07-24T10:54:59.007716800Z,READ,106
2025-07-24T10:55:00.012468200Z,READ,106
2025-07-24T10:55:00.516210100Z,WRITE,107
2025-07-24T10:55:00.519191700Z,READ,107
2025-07-24T10:55:01.006576Z,READ,107
2025-07-24T10:55:02.004126200Z,READ,107
2025-07-24T10:55:03.006398500Z,READ,107
2025-07-24T10:55:04.005255100Z,READ,107
2025-07-24T10:55:05.003551100Z,READ,107
2025-07-24T10:55:05.510992200Z,WRITE,108
2025-07-24T10:55:05.513175800Z,READ,108
2025-07-24T10:55:06.016156600Z,READ,108
2025-07-24T10:55:07.008879700Z,READ,108
2025-07-24T10:55:08.013692700Z,READ,108
2025-07-24T10:55:09.009117200Z,READ,108
2025-07-24T10:55:10.005256Z,READ,108
2025-07-24T10:55:10.518324300Z,WRITE,109
2025-07-24T10:55:10.519338800Z,READ,109
2025-07-24T10:55:11.006856300Z,READ,109
2025-07-24T10:55:12.011837400Z,READ,109
2025-07-24T10:55:13.007949800Z,READ,109
2025-07-24T10:55:14.129074900Z,READ,109
2025-07-24T10:55:15.004081700Z,READ,109
2025-07-24T10:55:15.510681300Z,READ,110
2025-07-24T10:55:15.510681300Z,WRITE,110
2025-07-24T10:55:16.019472Z,READ,110
2025-07-24T10:55:17.003697500Z,READ,110
2025-07-24T10:55:18.008408800Z,READ,110
2025-07-24T10:55:19.007197300Z,READ,110
2025-07-24T10:55:20.004284700Z,READ,110
2025-07-24T10:55:20.521030400Z,WRITE,111
2025-07-24T10:55:20.522034100Z,READ,111
2025-07-24T10:55:21.006305200Z,READ,111
2025-07-24T10:55:22.006665300Z,READ,111
2025-07-24T10:55:23.009797800Z,READ,111
2025-07-24T10:55:24.010088600Z,READ,111
2025-07-24T10:55:25.005144Z,READ,111
2025-07-24T10:55:25.510830300Z,WRITE,112
2025-07-24T10:55:25.517406Z,READ,112
2025-07-24T10:55:26.016587200Z,READ,112
2025-07-24T10:55:27.004943800Z,READ,112
2025-07-24T10:55:28.131982900Z,READ,112
2025-07-24T10:55:29.003988400Z,READ,112
2025-07-24T10:55:30.003636400Z,READ,112
2025-07-24T10:55:30.519604600Z,WRITE,113
2025-07-24T10:55:30.519604600Z,READ,113
2025-07-24T10:55:31.004043500Z,READ,113
2025-07-24T10:55:32.010285700Z,READ,113
2025-07-24T10:55:33.008116600Z,READ,113
2025-07-24T10:55:34.003398600Z,READ,113
2025-07-24T10:55:35.003391600Z,READ,113
2025-07-24T10:55:35.512912900Z,WRITE,114
2025-07-24T10:55:35.512912900Z,READ,114
2025-07-24T10:55:36.008724Z,READ,114
2025-07-24T10:55:37.007130800Z,READ,114
2025-07-24T10:55:38.004812100Z,READ,114
2025-07-24T10:55:39.009804800Z,READ,114
2025-07-24T10:55:40.010617300Z,READ,114
2025-07-24T10:55:40.516226800Z,WRITE,115
2025-07-24T10:55:40.517224100Z,READ,115
2025-07-24T10:55:41.003736500Z,READ,115
2025-07-24T10:55:42.004372700Z,READ,115
2025-07-24T10:55:43.007408200Z,READ,115
2025-07-24T10:55:44.006601500Z,READ,115
2025-07-24T10:55:45.004762200Z,READ,115
2025-07-24T10:55:45.513102100Z,WRITE,116
2025-07-24T10:55:45.515102500Z,READ,116
2025-07-24T10:55:46.003532400Z,READ,116
2025-07-24T10:55:47.006871400Z,READ,116
2025-07-24T10:55:48.011154900Z,READ,116
2025-07-24T10:55:49.007469800Z,READ,116
2025-07-24T10:55:50.006811600Z,READ,116
2025-07-24T10:55:50.512697900Z,WRITE,117
2025-07-24T10:55:50.513818400Z,READ,117
2025-07-24T10:55:51.015797Z,READ,117
2025-07-24T10:55:52.010884800Z,READ,117
2025-07-24T10:55:53.008195400Z,READ,117
2025-07-24T10:55:54.007483800Z,READ,117
2025-07-24T10:55:55.006272900Z,READ,117
2025-07-24T10:55:55.513909300Z,WRITE,118
2025-07-24T10:55:55.514910900Z,READ,118
2025-07-24T10:55:56.010056900Z,READ,118
2025-07-24T10:55:57.007358400Z,READ,118
2025-07-24T10:55:58.008701400Z,READ,118
2025-07-24T10:55:59.006583300Z,READ,118
2025-07-24T10:56:00.012954400Z,READ,118
2025-07-24T10:56:00.517201400Z,WRITE,119
2025-07-24T10:56:00.517201400Z,READ,119
2025-07-24T10:56:01.007811100Z,READ,119
2025-07-24T10:56:02.008937700Z,READ,119
2025-07-24T10:56:03.002915Z,READ,119
2025-07-24T10:56:04.006979300Z,READ,119
2025-07-24T10:56:05.021248700Z,READ,119
2025-07-24T10:56:05.512303800Z,WRITE,120
2025-07-24T10:56:05.514305200Z,READ,120
2025-07-24T10:56:06.006158400Z,READ,120
2025-07-24T10:56:07.007210300Z,READ,120
2025-07-24T10:56:08.011796600Z,READ,120
2025-07-24T10:56:09.007019500Z,READ,120
2025-07-24T10:56:10.006874Z,READ,120
2025-07-24T10:56:10.515515600Z,WRITE,121
2025-07-24T10:56:10.518511600Z,READ,121
2025-07-24T10:56:11.005925800Z,READ,121
2025-07-24T10:56:12.005252200Z,READ,121
2025-07-24T10:56:13.002699700Z,READ,121
2025-07-24T10:56:14.008051800Z,READ,121
2025-07-24T10:56:15.007125500Z,READ,121
2025-07-24T10:56:15.517227500Z,WRITE,122
2025-07-24T10:56:15.518218500Z,READ,122
2025-07-24T10:56:16.010455400Z,READ,122
2025-07-24T10:56:17.002956500Z,READ,122
2025-07-24T10:56:18.003251700Z,READ,122
2025-07-24T10:56:19.004479500Z,READ,122
2025-07-24T10:56:20.011667100Z,READ,122
2025-07-24T10:56:20.510776600Z,WRITE,123
2025-07-24T10:56:20.512899Z,READ,123
2025-07-24T10:56:21.005413400Z,READ,123
2025-07-24T10:56:22.008511900Z,READ,123
2025-07-24T10:56:23.008427400Z,READ,123
2025-07-24T10:56:24.012406Z,READ,123
2025-07-24T10:56:25.007159200Z,READ,123
2025-07-24T10:56:25.517851700Z,WRITE,124
2025-07-24T10:56:25.518883900Z,READ,124
2025-07-24T10:56:26.007291200Z,READ,124
2025-07-24T10:56:27.006491700Z,READ,124
2025-07-24T10:56:28.008865200Z,READ,124
2025-07-24T10:56:29.006534200Z,READ,124
2025-07-24T10:56:30.005992800Z,READ,124
2025-07-24T10:56:30.515984300Z,WRITE,125
2025-07-24T10:56:30.517958600Z,READ,125
2025-07-24T10:56:31.003469Z,READ,125
2025-07-24T10:56:32.011744900Z,READ,125
2025-07-24T10:56:33.005121600Z,READ,125
2025-07-24T10:56:34.007007400Z,READ,125
2025-07-24T10:56:35.007055600Z,READ,125
2025-07-24T10:56:35.516200700Z,WRITE,126
2025-07-24T10:56:35.518186200Z,READ,126
2025-07-24T10:56:36.010140600Z,READ,126
2025-07-24T10:56:37.002220100Z,READ,126
2025-07-24T10:56:38.007403300Z,READ,126
2025-07-24T10:56:39.008201600Z,READ,126
2025-07-24T10:56:40.011067100Z,READ,126
2025-07-24T10:56:40.515659300Z,WRITE,127
2025-07-24T10:56:40.516690400Z,READ,127
2025-07-24T10:56:41.005937600Z,READ,127
2025-07-24T10:56:42.006394900Z,READ,127
2025-07-24T10:56:43.007139500Z,READ,127
2025-07-24T10:56:44.004639400Z,READ,127
2025-07-24T10:56:45.007077300Z,READ,127
2025-07-24T10:56:45.514239600Z,WRITE,128
2025-07-24T10:56:45.516188200Z,READ,128
2025-07-24T10:56:46.004387100Z,READ,128
2025-07-24T10:56:47.004699Z,READ,128
2025-07-24T10:56:48.012053800Z,READ,128
2025-07-24T10:56:49.006832900Z,READ,128
2025-07-24T10:56:50.006936900Z,READ,128
2025-07-24T10:56:50.510618500Z,WRITE,129
2025-07-24T10:56:50.510618500Z,READ,129
2025-07-24T10:56:51.013920700Z,READ,129
2025-07-24T10:56:52.004601200Z,READ,129
2025-07-24T10:56:53.002405400Z,READ,129
2025-07-24T10:56:54.003913400Z,READ,129
2025-07-24T10:56:55.008442200Z,READ,129
2025-07-24T10:56:55.519033900Z,WRITE,130
2025-07-24T10:56:55.521048500Z,READ,130
2025-07-24T10:56:56.010437100Z,READ,130
2025-07-24T10:56:57.002799200Z,READ,130
2025-07-24T10:56:58.008796800Z,READ,130
2025-07-24T10:56:59.007632500Z,READ,130
2025-07-24T10:57:00.008864900Z,READ,130
2025-07-24T10:57:00.514071500Z,WRITE,131
2025-07-24T10:57:00.516485Z,READ,131
2025-07-24T10:57:01.016045800Z,READ,131
2025-07-24T10:57:02.006460400Z,READ,131
2025-07-24T10:57:03.006809900Z,READ,131
2025-07-24T10:57:04.009013500Z,READ,131
2025-07-24T10:57:05.007957200Z,READ,131
2025-07-24T10:57:05.517586400Z,WRITE,132
2025-07-24T10:57:05.519585200Z,READ,132
2025-07-24T10:57:06.006592300Z,READ,132
2025-07-24T10:57:07.006996400Z,READ,132
2025-07-24T10:57:08.011288400Z,READ,132
2025-07-24T10:57:09.006752500Z,READ,132
2025-07-24T10:57:10.007031700Z,READ,132
2025-07-24T10:57:10.515602800Z,WRITE,133
2025-07-24T10:57:10.516627100Z,READ,133
2025-07-24T10:57:11.005897400Z,READ,133
2025-07-24T10:57:12.013315200Z,READ,133
2025-07-24T10:57:13.008444800Z,READ,133
2025-07-24T10:57:14.008698400Z,READ,133
2025-07-24T10:57:15.009326500Z,READ,133
2025-07-24T10:57:15.515556400Z,WRITE,134
2025-07-24T10:57:15.517546200Z,READ,134
2025-07-24T10:57:16.007963800Z,READ,134
2025-07-24T10:57:17.007402Z,READ,134
2025-07-24T10:57:18.006806Z,READ,134
2025-07-24T10:57:19.008108200Z,READ,134
2025-07-24T10:57:20.007422500Z,READ,134
2025-07-24T10:57:20.514935400Z,WRITE,135
2025-07-24T10:57:20.516948700Z,READ,135
2025-07-24T10:57:21.006380500Z,READ,135
2025-07-24T10:57:22.006921100Z,READ,135
2025-07-24T10:57:23.006679500Z,READ,135
2025-07-24T10:57:24.008549Z,READ,135
2025-07-24T10:57:25.009154700Z,READ,135
2025-07-24T10:57:25.516472Z,WRITE,136
2025-07-24T10:57:25.517466300Z,READ,136
2025-07-24T10:57:26.007062300Z,READ,136
2025-07-24T10:57:27.002766400Z,READ,136
2025-07-24T10:57:28.005760300Z,READ,136
2025-07-24T10:57:29.009169200Z,READ,136
2025-07-24T10:57:30.008227600Z,READ,136
2025-07-24T10:57:30.515763400Z,WRITE,137
2025-07-24T10:57:30.517778300Z,READ,137
2025-07-24T10:57:31.006269200Z,READ,137
2025-07-24T10:57:32.008885700Z,READ,137
2025-07-24T10:57:33.008136200Z,READ,137
2025-07-24T10:57:34.006425800Z,READ,137
2025-07-24T10:57:35.006060100Z,READ,137
2025-07-24T10:57:35.516190500Z,WRITE,138
2025-07-24T10:57:35.517186100Z,READ,138
2025-07-24T10:57:36.009679900Z,READ,138
2025-07-24T10:57:37.009025400Z,READ,138
2025-07-24T10:57:38.008465100Z,READ,138
2025-07-24T10:57:39.006973300Z,READ,138
2025-07-24T10:57:40.009436800Z,READ,138
2025-07-24T10:57:40.514666600Z,WRITE,139
2025-07-24T10:57:40.515669700Z,READ,139
2025-07-24T10:57:41.004969500Z,READ,139
2025-07-24T10:57:42.008930300Z,READ,139
2025-07-24T10:57:43.007609500Z,READ,139
2025-07-24T10:57:44.010352300Z,READ,139
2025-07-24T10:57:45.006807Z,READ,139
2025-07-24T10:57:45.515144300Z,WRITE,140
2025-07-24T10:57:45.516156700Z,READ,140
2025-07-24T10:57:46.006593400Z,READ,140
2025-07-24T10:57:47.006897600Z,READ,140
2025-07-24T10:57:48.011339200Z,READ,140
2025-07-24T10:57:49.004015700Z,READ,140
2025-07-24T10:57:50.005909600Z,READ,140
2025-07-24T10:57:50.515435300Z,WRITE,141
2025-07-24T10:57:50.516407800Z,READ,141
2025-07-24T10:57:51.005836200Z,READ,141
2025-07-24T10:57:52.009566300Z,READ,141
2025-07-24T10:57:53.007939300Z,READ,141
2025-07-24T10:57:54.004318300Z,READ,141
2025-07-24T10:57:55.006420300Z,READ,141
2025-07-24T10:57:55.516123100Z,READ,142
2025-07-24T10:57:55.516123100Z,WRITE,142
2025-07-24T10:57:56.009510700Z,READ,142
2025-07-24T10:57:57.007837500Z,READ,142
2025-07-24T10:57:58.007223800Z,READ,142
2025-07-24T10:57:59.006703Z,READ,142
2025-07-24T10:58:00.010488700Z,READ,142
2025-07-24T10:58:00.510196100Z,WRITE,143
2025-07-24T10:58:00.512052800Z,READ,143
2025-07-24T10:58:01.008744900Z,READ,143
2025-07-24T10:58:02.003769200Z,READ,143
2025-07-24T10:58:03.007225800Z,READ,143
2025-07-24T10:58:04.007094500Z,READ,143
2025-07-24T10:58:05.004409600Z,READ,143
2025-07-24T10:58:05.513436200Z,WRITE,144
2025-07-24T10:58:05.513436200Z,READ,144
2025-07-24T10:58:06.001428100Z,READ,144
2025-07-24T10:58:07.003431600Z,READ,144
2025-07-24T10:58:08.003432900Z,READ,144
2025-07-24T10:58:09.007438900Z,READ,144
2025-07-24T10:58:10.005850900Z,READ,144
2025-07-24T10:58:10.515078200Z,WRITE,145
2025-07-24T10:58:10.516083900Z,READ,145
2025-07-24T10:58:11.005822700Z,READ,145
2025-07-24T10:58:12.010200300Z,READ,145
2025-07-24T10:58:13.006500300Z,READ,145
2025-07-24T10:58:14.007916600Z,READ,145
2025-07-24T10:58:15.007007100Z,READ,145
2025-07-24T10:58:15.510773Z,WRITE,146
2025-07-24T10:58:15.515429500Z,READ,146
2025-07-24T10:58:16.020607Z,READ,146
2025-07-24T10:58:17.004155100Z,READ,146
2025-07-24T10:58:18.003605600Z,READ,146
2025-07-24T10:58:19.006723100Z,READ,146
2025-07-24T10:58:20.010327800Z,READ,146
2025-07-24T10:58:20.517962300Z,WRITE,147
2025-07-24T10:58:20.518970600Z,READ,147
2025-07-24T10:58:21.005200300Z,READ,147
2025-07-24T10:58:22.007425500Z,READ,147
2025-07-24T10:58:23.007776100Z,READ,147
2025-07-24T10:58:24.011061800Z,READ,147
2025-07-24T10:58:25.007251100Z,READ,147
2025-07-24T10:58:25.515993100Z,WRITE,148
2025-07-24T10:58:25.517965900Z,READ,148
2025-07-24T10:58:26.006108Z,READ,148
2025-07-24T10:58:27.005539100Z,READ,148
2025-07-24T10:58:28.012060700Z,READ,148
2025-07-24T10:58:29.006130500Z,READ,148
2025-07-24T10:58:30.007638300Z,READ,148
2025-07-24T10:58:30.515875900Z,WRITE,149
2025-07-24T10:58:30.516840700Z,READ,149
2025-07-24T10:58:31.006144300Z,READ,149
2025-07-24T10:58:32.010739100Z,READ,149
2025-07-24T10:58:33.006194500Z,READ,149
2025-07-24T10:58:34.005866100Z,READ,149
2025-07-24T10:58:35.005696300Z,READ,149
2025-07-24T10:58:35.517355100Z,READ,150
2025-07-24T10:58:35.517355100Z,WRITE,150
2025-07-24T10:58:36.007286100Z,READ,150
2025-07-24T10:58:37.009568800Z,READ,150
2025-07-24T10:58:38.003158800Z,READ,150
2025-07-24T10:58:39.002562600Z,READ,150
2025-07-24T10:58:40.012326500Z,READ,150
2025-07-24T10:58:40.510400200Z,WRITE,151
2025-07-24T10:58:40.512706Z,READ,151
2025-07-24T10:58:41.008936500Z,READ,151
2025-07-24T10:58:42.007403900Z,READ,151
2025-07-24T10:58:43.008501500Z,READ,151
2025-07-24T10:58:44.003629900Z,READ,151
2025-07-24T10:58:45.006301800Z,READ,151
2025-07-24T10:58:45.513243500Z,WRITE,152
2025-07-24T10:58:45.514247500Z,READ,152
2025-07-24T10:58:46.005653600Z,READ,152
2025-07-24T10:58:47.007015800Z,READ,152
2025-07-24T10:58:48.010078100Z,READ,152
2025-07-24T10:58:49.005532100Z,READ,152
2025-07-24T10:58:50.003031300Z,READ,152
2025-07-24T10:58:50.516034700Z,WRITE,153
2025-07-24T10:58:50.517023400Z,READ,153
2025-07-24T10:58:51.005802600Z,READ,153
2025-07-24T10:58:52.012263Z,READ,153
2025-07-24T10:58:53.007835100Z,READ,153
2025-07-24T10:58:54.008281Z,READ,153
2025-07-24T10:58:55.006681800Z,READ,153
2025-07-24T10:58:55.511525500Z,WRITE,154
2025-07-24T10:58:55.512302100Z,READ,154
2025-07-24T10:58:56.016547Z,READ,154
2025-07-24T10:58:57.004849400Z,READ,154
2025-07-24T10:58:58.003780800Z,READ,154
2025-07-24T10:58:59.008284500Z,READ,154
2025-07-24T10:59:00.007541500Z,READ,154
2025-07-24T10:59:00.515606200Z,WRITE,155
2025-07-24T10:59:00.518594400Z,READ,155
2025-07-24T10:59:01.005926800Z,READ,155
2025-07-24T10:59:02.008196800Z,READ,155
2025-07-24T10:59:03.007561200Z,READ,155
2025-07-24T10:59:04.009032200Z,READ,155
2025-07-24T10:59:05.007380900Z,READ,155
2025-07-24T10:59:05.516477300Z,WRITE,156
2025-07-24T10:59:05.517467200Z,READ,156
2025-07-24T10:59:06.005887900Z,READ,156
2025-07-24T10:59:07.007698500Z,READ,156
2025-07-24T10:59:08.011246500Z,READ,156
2025-07-24T10:59:09.006805400Z,READ,156
2025-07-24T10:59:10.003307Z,READ,156
2025-07-24T10:59:10.515766100Z,WRITE,157
2025-07-24T10:59:10.516750700Z,READ,157
2025-07-24T10:59:11.006042700Z,READ,157
2025-07-24T10:59:12.009618500Z,READ,157
2025-07-24T10:59:13.004310400Z,READ,157
2025-07-24T10:59:14.003988300Z,READ,157
2025-07-24T10:59:15.007886200Z,READ,157
2025-07-24T10:59:15.515569Z,WRITE,158
2025-07-24T10:59:15.517577Z,READ,158
2025-07-24T10:59:16.009372500Z,READ,158
2025-07-24T10:59:17.006636900Z,READ,158
2025-07-24T10:59:18.002982600Z,READ,158
2025-07-24T10:59:19.008927800Z,READ,158
2025-07-24T10:59:20.010818900Z,READ,158
2025-07-24T10:59:20.515417400Z,WRITE,159
2025-07-24T10:59:20.516406900Z,READ,159
2025-07-24T10:59:21.004860100Z,READ,159
2025-07-24T10:59:22.008211100Z,READ,159
2025-07-24T10:59:23.006524800Z,READ,159
2025-07-24T10:59:24.010521200Z,READ,159
2025-07-24T10:59:25.006859200Z,READ,159
2025-07-24T10:59:25.516524200Z,WRITE,160
2025-07-24T10:59:25.518543100Z,READ,160
2025-07-24T10:59:26.005757300Z,READ,160
2025-07-24T10:59:27.006511800Z,READ,160
2025-07-24T10:59:28.010887200Z,READ,160
2025-07-24T10:59:29.006436500Z,READ,160
2025-07-24T10:59:30.004839Z,READ,160
2025-07-24T10:59:30.510766900Z,WRITE,161
2025-07-24T10:59:30.512630600Z,READ,161
2025-07-24T10:59:31.026602400Z,READ,161
2025-07-24T10:59:32.010878800Z,READ,161
2025-07-24T10:59:33.005207600Z,READ,161
2025-07-24T10:59:34.003847300Z,READ,161
2025-07-24T10:59:35.007232700Z,READ,161
2025-07-24T10:59:35.517748Z,WRITE,162
2025-07-24T10:59:35.518742200Z,READ,162
2025-07-24T10:59:36.008635700Z,READ,162
2025-07-24T10:59:37.007921700Z,READ,162
2025-07-24T10:59:38.007634Z,READ,162
2025-07-24T10:59:39.006352300Z,READ,162
2025-07-24T10:59:40.004648Z,READ,162
2025-07-24T10:59:40.516444800Z,WRITE,163
2025-07-24T10:59:40.516444800Z,READ,163
2025-07-24T10:59:41.004724100Z,READ,163
2025-07-24T10:59:42.004101500Z,READ,163
2025-07-24T10:59:43.008704100Z,READ,163
2025-07-24T10:59:44.008276100Z,READ,163
2025-07-24T10:59:45.007030Z,READ,163
2025-07-24T10:59:45.516784200Z,WRITE,164
2025-07-24T10:59:45.517807900Z,READ,164
2025-07-24T10:59:46.005467900Z,READ,164
2025-07-24T10:59:47.006024800Z,READ,164
2025-07-24T10:59:48.011639500Z,READ,164
2025-07-24T10:59:49.007799400Z,READ,164
2025-07-24T10:59:50.007832600Z,READ,164
2025-07-24T10:59:50.515695100Z,WRITE,165
2025-07-24T10:59:50.516678600Z,READ,165
2025-07-24T10:59:51.005874300Z,READ,165
2025-07-24T10:59:52.010940400Z,READ,165
2025-07-24T10:59:53.008388300Z,READ,165
2025-07-24T10:59:54.006889900Z,READ,165
2025-07-24T10:59:55.007908100Z,READ,165
2025-07-24T10:59:55.512520700Z,WRITE,166
2025-07-24T10:59:55.513519300Z,READ,166
2025-07-24T10:59:56.009216600Z,READ,166
2025-07-24T10:59:57.005652Z,READ,166
2025-07-24T10:59:58.006787900Z,READ,166
2025-07-24T10:59:59.006238500Z,READ,166
2025-07-24T11:00:00.009674400Z,READ,166
2025-07-24T11:00:00.512427200Z,WRITE,167
2025-07-24T11:00:00.513435100Z,READ,167
2025-07-24T11:00:01.004701600Z,READ,167
2025-07-24T11:00:02.008102500Z,READ,167
2025-07-24T11:00:03.007882700Z,READ,167
2025-07-24T11:00:04.007863900Z,READ,167
2025-07-24T11:00:05.009896400Z,READ,167
2025-07-24T11:00:05.515457Z,WRITE,168
2025-07-24T11:00:05.516447800Z,READ,168
2025-07-24T11:00:06.006614400Z,READ,168
2025-07-24T11:00:07.005818700Z,READ,168
2025-07-24T11:00:08.010197800Z,READ,168
2025-07-24T11:00:09.005702700Z,READ,168
2025-07-24T11:00:10.006183100Z,READ,168
2025-07-24T11:00:10.516228400Z,WRITE,169
2025-07-24T11:00:10.517198600Z,READ,169
2025-07-24T11:00:11.005090200Z,READ,169
2025-07-24T11:00:12.008971100Z,READ,169
2025-07-24T11:00:13.004315500Z,READ,169
2025-07-24T11:00:14.007543700Z,READ,169
2025-07-24T11:00:15.007814700Z,READ,169
2025-07-24T11:00:15.515503200Z,WRITE,170
2025-07-24T11:00:15.516490500Z,READ,170
2025-07-24T11:00:16.008360100Z,READ,170
2025-07-24T11:00:17.008174200Z,READ,170
2025-07-24T11:00:18.007071400Z,READ,170
2025-07-24T11:00:19.005377600Z,READ,170
2025-07-24T11:00:20.011839700Z,READ,170
2025-07-24T11:00:20.514858600Z,WRITE,171
2025-07-24T11:00:20.516839900Z,READ,171
2025-07-24T11:00:21.005305200Z,READ,171
2025-07-24T11:00:22.006726600Z,READ,171
2025-07-24T11:00:23.003193Z,READ,171
2025-07-24T11:00:24.010773800Z,READ,171
2025-07-24T11:00:25.006104700Z,READ,171
2025-07-24T11:00:25.516297100Z,WRITE,172
2025-07-24T11:00:25.518294600Z,READ,172
2025-07-24T11:00:26.006759700Z,READ,172
2025-07-24T11:00:27.007611200Z,READ,172
2025-07-24T11:00:28.007714700Z,READ,172
2025-07-24T11:00:29.007617300Z,READ,172
2025-07-24T11:00:30.007946900Z,READ,172
2025-07-24T11:00:30.515989300Z,WRITE,173
2025-07-24T11:00:30.516990400Z,READ,173
2025-07-24T11:00:31.006513Z,READ,173
2025-07-24T11:00:32.009933500Z,READ,173
2025-07-24T11:00:33.006391500Z,READ,173
2025-07-24T11:00:34.005801Z,READ,173
2025-07-24T11:00:35.006159200Z,READ,173
2025-07-24T11:00:35.513070Z,WRITE,174
2025-07-24T11:00:35.513070Z,READ,174
2025-07-24T11:00:36.009650800Z,READ,174
2025-07-24T11:00:37.007074400Z,READ,174
2025-07-24T11:00:38.006939300Z,READ,174
2025-07-24T11:00:39.007887300Z,READ,174
2025-07-24T11:00:40.012729Z,READ,174
2025-07-24T11:00:40.515447600Z,WRITE,175
2025-07-24T11:00:40.517429800Z,READ,175
2025-07-24T11:00:41.004685900Z,READ,175
2025-07-24T11:00:42.006459600Z,READ,175
2025-07-24T11:00:43.006570Z,READ,175
2025-07-24T11:00:44.008876800Z,READ,175
2025-07-24T11:00:45.004549600Z,READ,175
2025-07-24T11:00:45.515089800Z,WRITE,176
2025-07-24T11:00:45.517086200Z,READ,176
2025-07-24T11:00:46.005772900Z,READ,176
2025-07-24T11:00:47.009718600Z,READ,176
2025-07-24T11:00:48.011632500Z,READ,176
2025-07-24T11:00:49.006109300Z,READ,176
2025-07-24T11:00:50.006297600Z,READ,176
2025-07-24T11:00:50.515316700Z,WRITE,177
2025-07-24T11:00:50.517307800Z,READ,177
2025-07-24T11:00:51.005967100Z,READ,177
2025-07-24T11:00:52.004585800Z,READ,177
2025-07-24T11:00:53.007318900Z,READ,177
2025-07-24T11:00:54.006760200Z,READ,177
2025-07-24T11:00:55.009248200Z,READ,177
2025-07-24T11:00:55.511284600Z,WRITE,178
2025-07-24T11:00:55.512057700Z,READ,178
2025-07-24T11:00:56.016564800Z,READ,178
2025-07-24T11:00:57.007014700Z,READ,178
2025-07-24T11:00:58.003116300Z,READ,178
2025-07-24T11:00:59.002048700Z,READ,178
2025-07-24T11:01:00.006355800Z,READ,178
2025-07-24T11:01:00.516142600Z,WRITE,179
2025-07-24T11:01:00.517131700Z,READ,179
2025-07-24T11:01:01.032071600Z,READ,179
2025-07-24T11:01:02.005821600Z,READ,179
2025-07-24T11:01:03.008572900Z,READ,179
2025-07-24T11:01:04.011279900Z,READ,179
2025-07-24T11:01:05.006939Z,READ,179
2025-07-24T11:01:05.510270300Z,WRITE,180
2025-07-24T11:01:05.512231Z,READ,180
2025-07-24T11:01:06.017155300Z,READ,180
2025-07-24T11:01:07.003425100Z,READ,180
2025-07-24T11:01:08.008785800Z,READ,180
2025-07-24T11:01:09.006107400Z,READ,180
2025-07-24T11:01:10.006610600Z,READ,180
2025-07-24T11:01:10.517032200Z,WRITE,181
2025-07-24T11:01:10.519016100Z,READ,181
2025-07-24T11:01:11.006350500Z,READ,181
2025-07-24T11:01:12.006716200Z,READ,181
2025-07-24T11:01:13.007441400Z,READ,181
2025-07-24T11:01:14.006036100Z,READ,181
2025-07-24T11:01:15.005872200Z,READ,181
2025-07-24T11:01:15.516377900Z,WRITE,182
2025-07-24T11:01:15.517373500Z,READ,182
2025-07-24T11:01:16.005724900Z,READ,182
2025-07-24T11:01:17.006991300Z,READ,182
2025-07-24T11:01:18.007204500Z,READ,182
2025-07-24T11:01:19.002976100Z,READ,182
2025-07-24T11:01:20.010354100Z,READ,182
2025-07-24T11:01:20.515391Z,WRITE,183
2025-07-24T11:01:20.517383400Z,READ,183
2025-07-24T11:01:21.003876800Z,READ,183
2025-07-24T11:01:22.003555600Z,READ,183
2025-07-24T11:01:23.008031800Z,READ,183
2025-07-24T11:01:24.008249Z,READ,183
2025-07-24T11:01:25.007571800Z,READ,183
2025-07-24T11:01:25.515070200Z,WRITE,184
2025-07-24T11:01:25.517083600Z,READ,184
2025-07-24T11:01:26.003493900Z,READ,184
2025-07-24T11:01:27.007960500Z,READ,184
2025-07-24T11:01:28.011382900Z,READ,184
2025-07-24T11:01:29.006196300Z,READ,184
2025-07-24T11:01:30.005977800Z,READ,184
2025-07-24T11:01:30.515265900Z,WRITE,185
2025-07-24T11:01:30.518268400Z,READ,185
2025-07-24T11:01:31.005301900Z,READ,185
2025-07-24T11:01:32.009071600Z,READ,185
2025-07-24T11:01:33.006599800Z,READ,185
2025-07-24T11:01:34.007878Z,READ,185
2025-07-24T11:01:35.006349Z,READ,185
2025-07-24T11:01:35.514741200Z,WRITE,186
2025-07-24T11:01:35.516799800Z,READ,186
2025-07-24T11:01:36.010254700Z,READ,186
2025-07-24T11:01:37.006690Z,READ,186
2025-07-24T11:01:38.008081600Z,READ,186
2025-07-24T11:01:39.005714600Z,READ,186
2025-07-24T11:01:40.011094400Z,READ,186
2025-07-24T11:01:40.515549800Z,WRITE,187
2025-07-24T11:01:40.517552200Z,READ,187
2025-07-24T11:01:41.005435Z,READ,187
2025-07-24T11:01:42.006852900Z,READ,187
2025-07-24T11:01:43.006719900Z,READ,187
2025-07-24T11:01:44.004999900Z,READ,187
2025-07-24T11:01:45.006329100Z,READ,187
2025-07-24T11:01:45.515275400Z,WRITE,188
2025-07-24T11:01:45.516265300Z,READ,188
2025-07-24T11:01:46.006438600Z,READ,188
2025-07-24T11:01:47.007229700Z,READ,188
2025-07-24T11:01:48.004634400Z,READ,188
2025-07-24T11:01:49.008628800Z,READ,188
2025-07-24T11:01:50.005961300Z,READ,188
2025-07-24T11:01:50.510236Z,WRITE,189
2025-07-24T11:01:50.512867700Z,READ,189
2025-07-24T11:01:51.014175400Z,READ,189
2025-07-24T11:01:52.008614600Z,READ,189
2025-07-24T11:01:53.008154600Z,READ,189
2025-07-24T11:01:54.005186300Z,READ,189
2025-07-24T11:01:55.007533700Z,READ,189
2025-07-24T11:01:55.517613600Z,WRITE,190
2025-07-24T11:01:55.518618100Z,READ,190
2025-07-24T11:01:56.008972300Z,READ,190
2025-07-24T11:01:57.006954Z,READ,190
2025-07-24T11:01:58.008554600Z,READ,190
2025-07-24T11:01:59.005709900Z,READ,190
2025-07-24T11:02:00.008835600Z,READ,190
2025-07-24T11:02:00.515770400Z,WRITE,191
2025-07-24T11:02:00.517768400Z,READ,191
2025-07-24T11:02:01.005233100Z,READ,191
2025-07-24T11:02:02.006383400Z,READ,191
2025-07-24T11:02:03.007507800Z,READ,191
2025-07-24T11:02:04.011626400Z,READ,191
2025-07-24T11:02:05.005188400Z,READ,191
2025-07-24T11:02:05.516106200Z,WRITE,192
2025-07-24T11:02:05.517091900Z,READ,192
2025-07-24T11:02:06.002268500Z,READ,192
2025-07-24T11:02:07.007632400Z,READ,192
2025-07-24T11:02:08.010971600Z,READ,192
2025-07-24T11:02:09.007173800Z,READ,192
2025-07-24T11:02:10.006393400Z,READ,192
2025-07-24T11:02:10.515285100Z,WRITE,193
2025-07-24T11:02:10.517255700Z,READ,193
2025-07-24T11:02:11.006899200Z,READ,193
2025-07-24T11:02:12.011242900Z,READ,193
2025-07-24T11:02:13.005198500Z,READ,193
2025-07-24T11:02:14.007458700Z,READ,193
2025-07-24T11:02:15.006614Z,READ,193
2025-07-24T11:02:15.514807500Z,WRITE,194
2025-07-24T11:02:15.515790400Z,READ,194
2025-07-24T11:02:16.009856500Z,READ,194
2025-07-24T11:02:17.007448800Z,READ,194
2025-07-24T11:02:18.005555200Z,READ,194
2025-07-24T11:02:19.005395200Z,READ,194
2025-07-24T11:02:20.008266700Z,READ,194
2025-07-24T11:02:20.516029700Z,WRITE,195
2025-07-24T11:02:20.517100600Z,READ,195
2025-07-24T11:02:21.006415400Z,READ,195
2025-07-24T11:02:22.003603600Z,READ,195
2025-07-24T11:02:23.007535200Z,READ,195
2025-07-24T11:02:24.009798400Z,READ,195
2025-07-24T11:02:25.008029600Z,READ,195
2025-07-24T11:02:25.514609500Z,WRITE,196
2025-07-24T11:02:25.516595400Z,READ,196
2025-07-24T11:02:26.006651400Z,READ,196
2025-07-24T11:02:27.007043500Z,READ,196
2025-07-24T11:02:28.010026300Z,READ,196
2025-07-24T11:02:29.003297300Z,READ,196
2025-07-24T11:02:30.006700Z,READ,196
2025-07-24T11:02:30.516934800Z,WRITE,197
2025-07-24T11:02:30.517928800Z,READ,197
2025-07-24T11:02:31.006425800Z,READ,197
2025-07-24T11:02:32.010020800Z,READ,197
2025-07-24T11:02:33.005435100Z,READ,197
2025-07-24T11:02:34.005854600Z,READ,197
2025-07-24T11:02:35.007000300Z,READ,197
2025-07-24T11:02:35.515970200Z,WRITE,198
2025-07-24T11:02:35.517953800Z,READ,198
2025-07-24T11:02:36.010355300Z,READ,198
2025-07-24T11:02:37.007412900Z,READ,198
2025-07-24T11:02:38.006342800Z,READ,198
2025-07-24T11:02:39.005606200Z,READ,198
2025-07-24T11:02:40.011093500Z,READ,198
2025-07-24T11:02:40.516600700Z,WRITE,199
2025-07-24T11:02:40.518584900Z,READ,199
2025-07-24T11:02:41.006013600Z,READ,199
2025-07-24T11:02:42.002493800Z,READ,199
2025-07-24T11:02:43.005337Z,READ,199
2025-07-24T11:02:44.009292200Z,READ,199
2025-07-24T11:02:45.006761600Z,READ,199
2025-07-24T11:02:45.515923300Z,WRITE,200
2025-07-24T11:02:45.516928100Z,READ,200
2025-07-24T11:02:46.003704Z,READ,200
2025-07-24T11:02:47.005279800Z,READ,200
2025-07-24T11:02:48.009532Z,READ,200
2025-07-24T11:02:49.006194100Z,READ,200
2025-07-24T11:02:50.005790Z,READ,200
2025-07-24T11:02:50.516409200Z,WRITE,201
2025-07-24T11:02:50.517408900Z,READ,201
2025-07-24T11:02:51.002703900Z,READ,201
2025-07-24T11:02:52.009987500Z,READ,201
2025-07-24T11:02:53.009127500Z,READ,201
2025-07-24T11:02:54.006360600Z,READ,201
2025-07-24T11:02:55.007762200Z,READ,201
2025-07-24T11:02:55.515706500Z,WRITE,202
2025-07-24T11:02:55.516700400Z,READ,202
2025-07-24T11:02:56.008162600Z,READ,202
2025-07-24T11:02:57.006700800Z,READ,202
2025-07-24T11:02:58.005988700Z,READ,202
2025-07-24T11:02:59.007397400Z,READ,202
2025-07-24T11:03:00.010447500Z,READ,202
2025-07-24T11:03:00.510798200Z,WRITE,203
2025-07-24T11:03:00.510798200Z,READ,203
2025-07-24T11:03:01.006940700Z,READ,203
2025-07-24T11:03:02.007250500Z,READ,203
2025-07-24T11:03:03.007065600Z,READ,203
2025-07-24T11:03:04.009785800Z,READ,203
2025-07-24T11:03:05.007585200Z,READ,203
2025-07-24T11:03:05.518376800Z,WRITE,204
2025-07-24T11:03:05.519358600Z,READ,204
2025-07-24T11:03:06.003803700Z,READ,204
2025-07-24T11:03:07.006195600Z,READ,204
2025-07-24T11:03:08.010600900Z,READ,204
2025-07-24T11:03:09.000929900Z,READ,204
2025-07-24T11:03:10.004796900Z,READ,204
2025-07-24T11:03:10.514644900Z,WRITE,205
2025-07-24T11:03:10.516657400Z,READ,205
2025-07-24T11:03:11.006048800Z,READ,205
2025-07-24T11:03:12.009333500Z,READ,205
2025-07-24T11:03:13.006173500Z,READ,205
2025-07-24T11:03:14.006924400Z,READ,205
2025-07-24T11:03:15.005667500Z,READ,205
2025-07-24T11:03:15.514868Z,WRITE,206
2025-07-24T11:03:15.515858100Z,READ,206
2025-07-24T11:03:16.003768900Z,READ,206
2025-07-24T11:03:17.004401300Z,READ,206
2025-07-24T11:03:18.006285900Z,READ,206
2025-07-24T11:03:19.006970200Z,READ,206
2025-07-24T11:03:20.010535900Z,READ,206
2025-07-24T11:03:20.516375300Z,WRITE,207
2025-07-24T11:03:20.517380700Z,READ,207
2025-07-24T11:03:21.005403Z,READ,207
2025-07-24T11:03:22.007322200Z,READ,207
2025-07-24T11:03:23.007244600Z,READ,207
2025-07-24T11:03:24.010672800Z,READ,207
2025-07-24T11:03:25.006978300Z,READ,207
2025-07-24T11:03:25.516303600Z,WRITE,208
2025-07-24T11:03:25.517301600Z,READ,208
2025-07-24T11:03:26.006070100Z,READ,208
2025-07-24T11:03:27.007950900Z,READ,208
2025-07-24T11:03:28.010861800Z,READ,208
2025-07-24T11:03:29.007918600Z,READ,208
2025-07-24T11:03:30.006193200Z,READ,208
2025-07-24T11:03:30.514793700Z,WRITE,209
2025-07-24T11:03:30.516792300Z,READ,209
2025-07-24T11:03:31.005852300Z,READ,209
2025-07-24T11:03:32.011279400Z,READ,209
2025-07-24T11:03:33.007247800Z,READ,209
2025-07-24T11:03:34.007690700Z,READ,209
2025-07-24T11:03:35.006426200Z,READ,209
2025-07-24T11:03:35.512091500Z,WRITE,210
2025-07-24T11:03:35.512729600Z,READ,210
2025-07-24T11:03:36.014936800Z,READ,210
2025-07-24T11:03:37.009350300Z,READ,210
2025-07-24T11:03:38.005843700Z,READ,210
2025-07-24T11:03:39.006656800Z,READ,210
2025-07-24T11:03:40.011278800Z,READ,210
2025-07-24T11:03:40.515696Z,WRITE,211
2025-07-24T11:03:40.516694600Z,READ,211
2025-07-24T11:03:41.006138100Z,READ,211
2025-07-24T11:03:42.005433100Z,READ,211
2025-07-24T11:03:43.006775900Z,READ,211
2025-07-24T11:03:44.004432100Z,READ,211
2025-07-24T11:03:45.006647600Z,READ,211
2025-07-24T11:03:45.515241500Z,WRITE,212
2025-07-24T11:03:45.516237700Z,READ,212
2025-07-24T11:03:46.006525Z,READ,212
2025-07-24T11:03:47.003345200Z,READ,212
2025-07-24T11:03:48.011757100Z,READ,212
2025-07-24T11:03:49.007751200Z,READ,212
2025-07-24T11:03:50.006523500Z,READ,212
2025-07-24T11:03:50.515282900Z,WRITE,213
2025-07-24T11:03:50.516279100Z,READ,213
2025-07-24T11:03:51.002537700Z,READ,213
2025-07-24T11:03:52.006812Z,READ,213
2025-07-24T11:03:53.005703200Z,READ,213
2025-07-24T11:03:54.006254800Z,READ,213
2025-07-24T11:03:55.004501400Z,READ,213
2025-07-24T11:03:55.514962Z,WRITE,214
2025-07-24T11:03:55.516942300Z,READ,214
2025-07-24T11:03:56.009775100Z,READ,214
2025-07-24T11:03:57.004238500Z,READ,214
2025-07-24T11:03:58.007132500Z,READ,214
2025-07-24T11:03:59.005354900Z,READ,214
2025-07-24T11:04:00.007816500Z,READ,214
2025-07-24T11:04:00.515315100Z,WRITE,215
2025-07-24T11:04:00.517333800Z,READ,215
2025-07-24T11:04:01.005548400Z,READ,215
2025-07-24T11:04:02.007061400Z,READ,215
2025-07-24T11:04:03.006380300Z,READ,215
2025-07-24T11:04:04.009907100Z,READ,215
2025-07-24T11:04:05.007779900Z,READ,215
2025-07-24T11:04:05.515872500Z,WRITE,216
2025-07-24T11:04:05.515872500Z,READ,216
2025-07-24T11:04:06.006585300Z,READ,216
2025-07-24T11:04:07.003612700Z,READ,216
2025-07-24T11:04:08.011188300Z,READ,216
2025-07-24T11:04:09.006843200Z,READ,216
2025-07-24T11:04:10.006621100Z,READ,216
2025-07-24T11:04:10.515756700Z,WRITE,217
2025-07-24T11:04:10.517770600Z,READ,217
2025-07-24T11:04:11.005209900Z,READ,217
2025-07-24T11:04:12.009218700Z,READ,217
2025-07-24T11:04:13.003889100Z,READ,217
2025-07-24T11:04:14.007410400Z,READ,217
2025-07-24T11:04:15.007311600Z,READ,217
2025-07-24T11:04:15.515096600Z,WRITE,218
2025-07-24T11:04:15.516077Z,READ,218
2025-07-24T11:04:16.007966700Z,READ,218
2025-07-24T11:04:17.006196400Z,READ,218
2025-07-24T11:04:18.007142400Z,READ,218
2025-07-24T11:04:19.005894400Z,READ,218
2025-07-24T11:04:20.011356700Z,READ,218
2025-07-24T11:04:20.514367700Z,WRITE,219
2025-07-24T11:04:20.516343800Z,READ,219
2025-07-24T11:04:21.005858900Z,READ,219
2025-07-24T11:04:22.006249400Z,READ,219
2025-07-24T11:04:23.005910600Z,READ,219
2025-07-24T11:04:24.009699200Z,READ,219
2025-07-24T11:04:25.004031600Z,READ,219
2025-07-24T11:04:25.510264700Z,WRITE,220
2025-07-24T11:04:25.511821900Z,READ,220
2025-07-24T11:04:26.007821400Z,READ,220
2025-07-24T11:04:27.004830300Z,READ,220
2025-07-24T11:04:28.009713400Z,READ,220
2025-07-24T11:04:29.005311600Z,READ,220
2025-07-24T11:04:30.003267600Z,READ,220
2025-07-24T11:04:30.517223700Z,WRITE,221
2025-07-24T11:04:30.518210100Z,READ,221
2025-07-24T11:04:31.003979900Z,READ,221
2025-07-24T11:04:32.013144100Z,READ,221
2025-07-24T11:04:33.003051700Z,READ,221
2025-07-24T11:04:34.004441600Z,READ,221
2025-07-24T11:04:35.004055400Z,READ,221
2025-07-24T11:04:35.511429Z,WRITE,222
2025-07-24T11:04:35.511429Z,READ,222
2025-07-24T11:04:36.013983700Z,READ,222
2025-07-24T11:04:37.002585400Z,READ,222
2025-07-24T11:04:38.003608800Z,READ,222
2025-07-24T11:04:39.007264100Z,READ,222
2025-07-24T11:04:40.004304Z,READ,222
2025-07-24T11:04:40.515466800Z,WRITE,223
2025-07-24T11:04:40.516474200Z,READ,223
2025-07-24T11:04:41.002312900Z,READ,223
2025-07-24T11:04:42.006384900Z,READ,223
2025-07-24T11:04:43.007124400Z,READ,223
2025-07-24T11:04:44.007389Z,READ,223
2025-07-24T11:04:45.008723400Z,READ,223
2025-07-24T11:04:45.513677500Z,WRITE,224
2025-07-24T11:04:45.513677500Z,READ,224
2025-07-24T11:04:46.002792400Z,READ,224
2025-07-24T11:04:47.009203Z,READ,224
2025-07-24T11:04:48.009213700Z,READ,224
2025-07-24T11:04:49.004336Z,READ,224
2025-07-24T11:04:50.008306900Z,READ,224
2025-07-24T11:04:50.516313400Z,WRITE,225
2025-07-24T11:04:50.517239800Z,READ,225
2025-07-24T11:04:51.006583600Z,READ,225
2025-07-24T11:04:52.009190100Z,READ,225
2025-07-24T11:04:53.002655800Z,READ,225
2025-07-24T11:04:54.007041600Z,READ,225
2025-07-24T11:04:55.008450400Z,READ,225
2025-07-24T11:04:55.515939300Z,WRITE,226
2025-07-24T11:04:55.516966500Z,READ,226
2025-07-24T11:04:56.009252Z,READ,226
2025-07-24T11:04:57.005916400Z,READ,226
2025-07-24T11:04:58.006479Z,READ,226
2025-07-24T11:04:59.006490900Z,READ,226
2025-07-24T11:05:00.006661900Z,READ,226
2025-07-24T11:05:00.516854900Z,WRITE,227
2025-07-24T11:05:00.516854900Z,READ,227
2025-07-24T11:05:01.006329700Z,READ,227
2025-07-24T11:05:02.006611600Z,READ,227
2025-07-24T11:05:03.007448100Z,READ,227
2025-07-24T11:05:04.010841200Z,READ,227
2025-07-24T11:05:05.006493500Z,READ,227
2025-07-24T11:05:05.517144300Z,WRITE,228
2025-07-24T11:05:05.517144300Z,READ,228
2025-07-24T11:05:06.005157Z,READ,228
2025-07-24T11:05:07.004834100Z,READ,228
2025-07-24T11:05:08.009178400Z,READ,228
2025-07-24T11:05:09.006172400Z,READ,228
2025-07-24T11:05:10.006793200Z,READ,228
2025-07-24T11:05:10.515656800Z,WRITE,229
2025-07-24T11:05:10.516657200Z,READ,229
2025-07-24T11:05:11.004796700Z,READ,229
2025-07-24T11:05:12.008957700Z,READ,229
2025-07-24T11:05:13.007274200Z,READ,229
2025-07-24T11:05:14.006100700Z,READ,229
2025-07-24T11:05:15.003893900Z,READ,229
2025-07-24T11:05:15.510983100Z,WRITE,230
2025-07-24T11:05:15.513345300Z,READ,230
2025-07-24T11:05:16.012525900Z,READ,230
2025-07-24T11:05:17.030118Z,READ,230
2025-07-24T11:05:18.016122500Z,READ,230
2025-07-24T11:05:19.007068100Z,READ,230
2025-07-24T11:05:20.006210600Z,READ,230
2025-07-24T11:05:20.517129800Z,WRITE,231
2025-07-24T11:05:20.519120300Z,READ,231
2025-07-24T11:05:21.006438200Z,READ,231
2025-07-24T11:05:22.006198300Z,READ,231
2025-07-24T11:05:23.006077800Z,READ,231
2025-07-24T11:05:24.003771700Z,READ,231
2025-07-24T11:05:25.006105500Z,READ,231
2025-07-24T11:05:25.513800600Z,WRITE,232
2025-07-24T11:05:25.515582400Z,READ,232
2025-07-24T11:05:26.021096300Z,READ,232
2025-07-24T11:05:27.004688600Z,READ,232
2025-07-24T11:05:28.009742300Z,READ,232
2025-07-24T11:05:29.005137500Z,READ,232
2025-07-24T11:05:30.005564700Z,READ,232
2025-07-24T11:05:30.517402800Z,WRITE,233
2025-07-24T11:05:30.519387Z,READ,233
2025-07-24T11:05:31.005705900Z,READ,233
2025-07-24T11:05:32.009219700Z,READ,233
2025-07-24T11:05:33.006029800Z,READ,233
2025-07-24T11:05:34.006450600Z,READ,233
2025-07-24T11:05:35.007061100Z,READ,233
2025-07-24T11:05:35.514046900Z,WRITE,234
2025-07-24T11:05:35.515042800Z,READ,234
2025-07-24T11:05:36.003274300Z,READ,234
2025-07-24T11:05:37.005105700Z,READ,234
2025-07-24T11:05:38.003901700Z,READ,234
2025-07-24T11:05:39.006216100Z,READ,234
2025-07-24T11:05:40.007101Z,READ,234
2025-07-24T11:05:40.514178100Z,WRITE,235
2025-07-24T11:05:40.516179500Z,READ,235
2025-07-24T11:05:41.004876Z,READ,235
2025-07-24T11:05:42.006823800Z,READ,235
2025-07-24T11:05:43.007078400Z,READ,235
2025-07-24T11:05:44.009265Z,READ,235
2025-07-24T11:05:45.006225700Z,READ,235
2025-07-24T11:05:45.515403200Z,WRITE,236
2025-07-24T11:05:45.516408800Z,READ,236
2025-07-24T11:05:46.006258100Z,READ,236
2025-07-24T11:05:47.006506400Z,READ,236
2025-07-24T11:05:48.008002600Z,READ,236
2025-07-24T11:05:49.007198700Z,READ,236
2025-07-24T11:05:50.005593600Z,READ,236
2025-07-24T11:05:50.510743600Z,WRITE,237
2025-07-24T11:05:50.514622600Z,READ,237
2025-07-24T11:05:51.018413300Z,READ,237
2025-07-24T11:05:52.007745700Z,READ,237
2025-07-24T11:05:53.005180600Z,READ,237
2025-07-24T11:05:54.003479Z,READ,237
2025-07-24T11:05:55.003156500Z,READ,237
2025-07-24T11:05:55.516194Z,WRITE,238
2025-07-24T11:05:55.517193200Z,READ,238
2025-07-24T11:05:56.005737200Z,READ,238
2025-07-24T11:05:57.007295700Z,READ,238
2025-07-24T11:05:58.002539200Z,READ,238
2025-07-24T11:05:59.006940400Z,READ,238
2025-07-24T11:06:00.007775Z,READ,238
2025-07-24T11:06:00.514442Z,WRITE,239
2025-07-24T11:06:00.515442200Z,READ,239
2025-07-24T11:06:01.005708300Z,READ,239
2025-07-24T11:06:02.006573300Z,READ,239
2025-07-24T11:06:03.004208100Z,READ,239
2025-07-24T11:06:04.009114700Z,READ,239
2025-07-24T11:06:05.005438600Z,READ,239
2025-07-24T11:06:05.512323400Z,WRITE,240
2025-07-24T11:06:05.513327900Z,READ,240
2025-07-24T11:06:06.005626600Z,READ,240
2025-07-24T11:06:07.005325300Z,READ,240
2025-07-24T11:06:08.007746600Z,READ,240
2025-07-24T11:06:09.005524Z,READ,240
2025-07-24T11:06:10.005940700Z,READ,240
2025-07-24T11:06:10.515186900Z,WRITE,241
2025-07-24T11:06:10.517183800Z,READ,241
2025-07-24T11:06:11.005965Z,READ,241
2025-07-24T11:06:12.009289100Z,READ,241
2025-07-24T11:06:13.006761500Z,READ,241
2025-07-24T11:06:14.006419100Z,READ,241
2025-07-24T11:06:15.007758700Z,READ,241
2025-07-24T11:06:15.510643700Z,WRITE,242
2025-07-24T11:06:15.515173Z,READ,242
2025-07-24T11:06:16.021387100Z,READ,242
2025-07-24T11:06:17.007284800Z,READ,242
2025-07-24T11:06:18.004967300Z,READ,242
2025-07-24T11:06:19.006861100Z,READ,242
2025-07-24T11:06:20.009662700Z,READ,242
2025-07-24T11:06:20.520142Z,WRITE,243
2025-07-24T11:06:20.520142Z,READ,243
2025-07-24T11:06:21.006653600Z,READ,243
2025-07-24T11:06:22.002313700Z,READ,243
2025-07-24T11:06:23.005093700Z,READ,243
2025-07-24T11:06:24.009377700Z,READ,243
2025-07-24T11:06:25.005087800Z,READ,243
2025-07-24T11:06:25.515297800Z,WRITE,244
2025-07-24T11:06:25.516267900Z,READ,244
2025-07-24T11:06:26.005027Z,READ,244
2025-07-24T11:06:27.005877300Z,READ,244
2025-07-24T11:06:28.008308600Z,READ,244
2025-07-24T11:06:29.005548200Z,READ,244
2025-07-24T11:06:30.007883600Z,READ,244
2025-07-24T11:06:30.515092100Z,WRITE,245
2025-07-24T11:06:30.516025700Z,READ,245
2025-07-24T11:06:31.005780500Z,READ,245
2025-07-24T11:06:32.008227300Z,READ,245
2025-07-24T11:06:33.006671Z,READ,245
2025-07-24T11:06:34.005088500Z,READ,245
2025-07-24T11:06:35.006579700Z,READ,245
2025-07-24T11:06:35.515016500Z,WRITE,246
2025-07-24T11:06:35.515979700Z,READ,246
2025-07-24T11:06:36.004237900Z,READ,246
2025-07-24T11:06:37.005944500Z,READ,246
2025-07-24T11:06:38.007929400Z,READ,246
2025-07-24T11:06:39.006674200Z,READ,246
2025-07-24T11:06:40.008122200Z,READ,246
2025-07-24T11:06:40.515106900Z,WRITE,247
2025-07-24T11:06:40.516085200Z,READ,247
2025-07-24T11:06:41.006885400Z,READ,247
2025-07-24T11:06:42.008196Z,READ,247
2025-07-24T11:06:43.006862300Z,READ,247
2025-07-24T11:06:44.004519300Z,READ,247
2025-07-24T11:06:45.006194900Z,READ,247
2025-07-24T11:06:45.510725500Z,WRITE,248
2025-07-24T11:06:45.515181600Z,READ,248
2025-07-24T11:06:46.016756700Z,READ,248
2025-07-24T11:06:47.007280500Z,READ,248
2025-07-24T11:06:48.010380200Z,READ,248
2025-07-24T11:06:49.004881400Z,READ,248
2025-07-24T11:06:50.007644200Z,READ,248
2025-07-24T11:06:50.519417300Z,WRITE,249
2025-07-24T11:06:50.520418500Z,READ,249
2025-07-24T11:06:51.005759700Z,READ,249
2025-07-24T11:06:52.007087100Z,READ,249
2025-07-24T11:06:53.005401900Z,READ,249
2025-07-24T11:06:54.007717200Z,READ,249
2025-07-24T11:06:55.005115800Z,READ,249
2025-07-24T11:06:55.514117600Z,WRITE,250
2025-07-24T11:06:55.516120500Z,READ,250
2025-07-24T11:06:56.003813200Z,READ,250
2025-07-24T11:06:57.006536700Z,READ,250
2025-07-24T11:06:58.006766900Z,READ,250
2025-07-24T11:06:59.002261700Z,READ,250
2025-07-24T11:07:00.013624700Z,READ,250
2025-07-24T11:07:00.514687700Z,WRITE,251
2025-07-24T11:07:00.515725600Z,READ,251
2025-07-24T11:07:01.004679900Z,READ,251
2025-07-24T11:07:02.003836Z,READ,251
2025-07-24T11:07:03.004810700Z,READ,251
2025-07-24T11:07:04.009115800Z,READ,251
2025-07-24T11:07:05.004855600Z,READ,251
2025-07-24T11:07:05.514990300Z,WRITE,252
2025-07-24T11:07:05.515978400Z,READ,252
2025-07-24T11:07:06.006512300Z,READ,252
2025-07-24T11:07:07.006115800Z,READ,252
2025-07-24T11:07:08.008518600Z,READ,252
2025-07-24T11:07:09.003202Z,READ,252
2025-07-24T11:07:10.006027Z,READ,252
2025-07-24T11:07:10.515984600Z,WRITE,253
2025-07-24T11:07:10.516997700Z,READ,253
2025-07-24T11:07:11.005454500Z,READ,253
2025-07-24T11:07:12.010860500Z,READ,253
2025-07-24T11:07:13.004783Z,READ,253
2025-07-24T11:07:14.003436100Z,READ,253
2025-07-24T11:07:15.006751800Z,READ,253
2025-07-24T11:07:15.512375700Z,WRITE,254
2025-07-24T11:07:15.513380100Z,READ,254
2025-07-24T11:07:16.006733300Z,READ,254
2025-07-24T11:07:17.005530Z,READ,254
2025-07-24T11:07:18.006818500Z,READ,254
2025-07-24T11:07:19.006159Z,READ,254
2025-07-24T11:07:20.008492400Z,READ,254
2025-07-24T11:07:20.514231800Z,WRITE,255
2025-07-24T11:07:20.516175200Z,READ,255
2025-07-24T11:07:21.005574300Z,READ,255
2025-07-24T11:07:22.007095100Z,READ,255
2025-07-24T11:07:23.005869Z,READ,255
2025-07-24T11:07:24.011468800Z,READ,255
2025-07-24T11:07:25.004882Z,READ,255
2025-07-24T11:07:25.515430900Z,WRITE,256
2025-07-24T11:07:25.516428400Z,READ,256
2025-07-24T11:07:26.001529200Z,READ,256
2025-07-24T11:07:27.004202400Z,READ,256
2025-07-24T11:07:28.004328Z,READ,256
2025-07-24T11:07:29.001841200Z,READ,256
2025-07-24T11:07:30.003936700Z,READ,256
2025-07-24T11:07:30.513842800Z,WRITE,257
2025-07-24T11:07:30.514853100Z,READ,257
2025-07-24T11:07:31.006609900Z,READ,257
2025-07-24T11:07:32.008817800Z,READ,257
2025-07-24T11:07:33.007077700Z,READ,257
2025-07-24T11:07:34.005390800Z,READ,257
2025-07-24T11:07:35.005118900Z,READ,257
2025-07-24T11:07:35.515625700Z,WRITE,258
2025-07-24T11:07:35.516649900Z,READ,258
2025-07-24T11:07:36.004866600Z,READ,258
2025-07-24T11:07:37.007799700Z,READ,258
2025-07-24T11:07:38.006698200Z,READ,258
2025-07-24T11:07:39.005226500Z,READ,258
2025-07-24T11:07:40.008535400Z,READ,258
2025-07-24T11:07:40.515509600Z,WRITE,259
2025-07-24T11:07:40.516510300Z,READ,259
2025-07-24T11:07:41.005217Z,READ,259
2025-07-24T11:07:42.006543400Z,READ,259
2025-07-24T11:07:43.003845400Z,READ,259
2025-07-24T11:07:44.004409500Z,READ,259
2025-07-24T11:07:45.007523600Z,READ,259
2025-07-24T11:07:45.515129500Z,WRITE,260
2025-07-24T11:07:45.516109100Z,READ,260
2025-07-24T11:07:46.006282100Z,READ,260
2025-07-24T11:07:47.007289700Z,READ,260
2025-07-24T11:07:48.010898600Z,READ,260
2025-07-24T11:07:49.007174200Z,READ,260
2025-07-24T11:07:50.006055600Z,READ,260
2025-07-24T11:07:50.515193600Z,WRITE,261
2025-07-24T11:07:50.516193700Z,READ,261
2025-07-24T11:07:51.006513700Z,READ,261
2025-07-24T11:07:52.009069700Z,READ,261
2025-07-24T11:07:53.006500900Z,READ,261
2025-07-24T11:07:54.006813500Z,READ,261
2025-07-24T11:07:55.003371200Z,READ,261
2025-07-24T11:07:55.514442300Z,WRITE,262
2025-07-24T11:07:55.516424900Z,READ,262
2025-07-24T11:07:56.009339300Z,READ,262
2025-07-24T11:07:57.006753400Z,READ,262
2025-07-24T11:07:58.040095400Z,READ,262
2025-07-24T11:07:59.002627700Z,READ,262
2025-07-24T11:08:00.010107700Z,READ,262
2025-07-24T11:08:00.516300500Z,WRITE,263
2025-07-24T11:08:00.518298100Z,READ,263
2025-07-24T11:08:01.003771200Z,READ,263
2025-07-24T11:08:02.008167500Z,READ,263
2025-07-24T11:08:03.005858Z,READ,263
2025-07-24T11:08:04.003468Z,READ,263
2025-07-24T11:08:05.007686100Z,READ,263
2025-07-24T11:08:05.511278800Z,WRITE,264
2025-07-24T11:08:05.512051300Z,READ,264
2025-07-24T11:08:06.018564500Z,READ,264
2025-07-24T11:08:07.005212100Z,READ,264
2025-07-24T11:08:08.007732900Z,READ,264
2025-07-24T11:08:09.005454600Z,READ,264
2025-07-24T11:08:10.005738200Z,READ,264
2025-07-24T11:08:10.512482300Z,WRITE,265
2025-07-24T11:08:10.513483500Z,READ,265
2025-07-24T11:08:11.003888Z,READ,265
2025-07-24T11:08:12.007257600Z,READ,265
2025-07-24T11:08:13.006304900Z,READ,265
2025-07-24T11:08:14.005835200Z,READ,265
2025-07-24T11:08:15.009164600Z,READ,265
2025-07-24T11:08:15.515752900Z,WRITE,266
2025-07-24T11:08:15.516745300Z,READ,266
2025-07-24T11:08:16.007807100Z,READ,266
2025-07-24T11:08:17.004489900Z,READ,266
2025-07-24T11:08:18.008063100Z,READ,266
2025-07-24T11:08:19.002538800Z,READ,266
2025-07-24T11:08:20.009924200Z,READ,266
2025-07-24T11:08:20.515163600Z,WRITE,267
2025-07-24T11:08:20.516163200Z,READ,267
2025-07-24T11:08:21.002442100Z,READ,267
2025-07-24T11:08:22.003493Z,READ,267
2025-07-24T11:08:23.004891400Z,READ,267
2025-07-24T11:08:24.009156900Z,READ,267
2025-07-24T11:08:25.004001100Z,READ,267
2025-07-24T11:08:25.510242200Z,WRITE,268
2025-07-24T11:08:25.511681700Z,READ,268
2025-07-24T11:08:26.007386Z,READ,268
2025-07-24T11:08:27.002988500Z,READ,268
2025-07-24T11:08:28.004857700Z,READ,268
2025-07-24T11:08:29.008035300Z,READ,268
2025-07-24T11:08:30.037437400Z,READ,268
2025-07-24T11:08:30.596093900Z,WRITE,269
2025-07-24T11:08:30.596093900Z,READ,269
2025-07-24T11:08:31.002312300Z,READ,269
2025-07-24T11:08:32.008730100Z,READ,269
2025-07-24T11:08:33.013304900Z,READ,269
2025-07-24T11:08:34.001888700Z,READ,269
2025-07-24T11:08:35.008031100Z,READ,269
2025-07-24T11:08:35.515470700Z,WRITE,270
2025-07-24T11:08:35.517444Z,READ,270
2025-07-24T11:08:36.002964300Z,READ,270
2025-07-24T11:08:37.003567500Z,READ,270
2025-07-24T11:08:38.003373800Z,READ,270
2025-07-24T11:08:39.006409Z,READ,270
2025-07-24T11:08:40.008426500Z,READ,270
2025-07-24T11:08:40.511420600Z,WRITE,271
2025-07-24T11:08:40.512424Z,READ,271
2025-07-24T11:08:41.004858600Z,READ,271
2025-07-24T11:08:42.008259800Z,READ,271
2025-07-24T11:08:43.017827500Z,READ,271
2025-07-24T11:08:44.036112600Z,READ,271
2025-07-24T11:08:45.007501300Z,READ,271
2025-07-24T11:08:46.087824Z,WRITE,272
2025-07-24T11:08:46.087824Z,READ,272
2025-07-24T11:08:46.088795800Z,READ,272
2025-07-24T11:08:47.005665900Z,READ,272
2025-07-24T11:08:48.005866800Z,READ,272
2025-07-24T11:08:49.003807600Z,READ,272
2025-07-24T11:08:50.004808300Z,READ,272
2025-07-24T11:08:50.512891600Z,WRITE,273
2025-07-24T11:08:50.514895700Z,READ,273
2025-07-24T11:08:51.004896400Z,READ,273
2025-07-24T11:08:52.438836100Z,READ,273
2025-07-24T11:08:53.003223900Z,READ,273
2025-07-24T11:08:54.007420100Z,READ,273
2025-07-24T11:08:55.002585500Z,READ,273
2025-07-24T11:08:55.512829Z,WRITE,274
2025-07-24T11:08:55.513661500Z,READ,274
2025-07-24T11:08:56.005336600Z,READ,274
2025-07-24T11:08:57.005721700Z,READ,274
2025-07-24T11:08:58.003703300Z,READ,274
2025-07-24T11:08:59.003702900Z,READ,274
2025-07-24T11:09:00.005705800Z,READ,274
2025-07-24T11:09:00.512720300Z,WRITE,275
2025-07-24T11:09:00.512720300Z,READ,275
2025-07-24T11:09:01.005205800Z,READ,275
2025-07-24T11:09:02.005071600Z,READ,275
2025-07-24T11:09:03.006153Z,READ,275
2025-07-24T11:09:04.700634200Z,READ,275
2025-07-24T11:09:05.002530600Z,READ,275
2025-07-24T11:09:09.547627600Z,READ,275
2025-07-24T11:09:09.547627600Z,READ,275
2025-07-24T11:09:09.550728200Z,READ,275
2025-07-24T11:09:09.555634200Z,READ,276
2025-07-24T11:09:09.555634200Z,WRITE,276
2025-07-24T11:09:09.556648Z,READ,276
2025-07-24T11:09:10.004041500Z,READ,276
2025-07-24T11:09:10.510375200Z,WRITE,277
2025-07-24T11:09:10.510375200Z,READ,277
2025-07-24T11:09:11.005856200Z,READ,277
2025-07-24T11:09:12.005388Z,READ,277
2025-07-24T11:09:13.009405900Z,READ,277
2025-07-24T11:09:14.004147800Z,READ,277
2025-07-24T11:09:15.005998100Z,READ,277
2025-07-24T11:09:15.512448300Z,WRITE,278
2025-07-24T11:09:15.512448300Z,READ,278
2025-07-24T11:09:16.004463400Z,READ,278
2025-07-24T11:09:17.003987400Z,READ,278
2025-07-24T11:09:18.003692700Z,READ,278
2025-07-24T11:09:19.006250500Z,READ,278
2025-07-24T11:09:20.005179700Z,READ,278
2025-07-24T11:09:21.916901600Z,READ,278
2025-07-24T11:09:21.917906400Z,READ,279
2025-07-24T11:09:21.917906400Z,WRITE,279
2025-07-24T11:09:22.002905500Z,READ,279
2025-07-24T11:09:23.002709Z,READ,279
2025-07-24T11:09:24.003193100Z,READ,279
2025-07-24T11:09:25.004121Z,READ,279
2025-07-24T11:09:25.515529200Z,WRITE,280
2025-07-24T11:09:25.516527800Z,READ,280
2025-07-24T11:09:26.005411800Z,READ,280
2025-07-24T11:09:27.003710100Z,READ,280
2025-07-24T11:09:28.006709600Z,READ,280
2025-07-24T11:09:29.005849900Z,READ,280
2025-07-24T11:09:30.003628600Z,READ,280
2025-07-24T11:09:30.511646500Z,WRITE,281
2025-07-24T11:09:30.512647700Z,READ,281
2025-07-24T11:09:31.005130700Z,READ,281
2025-07-24T11:09:32.004993300Z,READ,281
2025-07-24T11:09:33.003887100Z,READ,281
2025-07-24T11:09:34.007212500Z,READ,281
2025-07-24T11:09:35.003069700Z,READ,281
2025-07-24T11:09:35.511885500Z,WRITE,282
2025-07-24T11:09:35.512524Z,READ,282
2025-07-24T11:09:36.020571700Z,READ,282
2025-07-24T11:09:37.002164900Z,READ,282
2025-07-24T11:09:38.002112400Z,READ,282
2025-07-24T11:09:39.002639900Z,READ,282
2025-07-24T11:09:40.005210900Z,READ,282
2025-07-24T11:09:40.515420300Z,WRITE,283
2025-07-24T11:09:40.517442500Z,READ,283
2025-07-24T11:09:41.003701400Z,READ,283
2025-07-24T11:09:42.004725900Z,READ,283
2025-07-24T11:09:43.003135700Z,READ,283
2025-07-24T11:09:44.004396Z,READ,283
2025-07-24T11:09:45.005217200Z,READ,283
2025-07-24T11:09:45.515005200Z,WRITE,284
2025-07-24T11:09:45.516994700Z,READ,284
2025-07-24T11:09:46.005716200Z,READ,284
2025-07-24T11:09:47.005435800Z,READ,284
2025-07-24T11:09:48.002818300Z,READ,284
2025-07-24T11:09:49.004087700Z,READ,284
2025-07-24T11:09:50.001119200Z,READ,284
2025-07-24T11:09:50.511670300Z,WRITE,285
2025-07-24T11:09:50.512190100Z,READ,285
2025-07-24T11:09:51.003956700Z,READ,285
2025-07-24T11:09:52.008908100Z,READ,285
2025-07-24T11:09:53.005418200Z,READ,285
2025-07-24T11:09:54.005854Z,READ,285
2025-07-24T11:09:55.004297100Z,READ,285
2025-07-24T11:09:55.516125500Z,WRITE,286
2025-07-24T11:09:55.518145800Z,READ,286
2025-07-24T11:09:56.009481Z,READ,286
2025-07-24T11:09:57.006182900Z,READ,286
2025-07-24T11:09:58.006603900Z,READ,286
2025-07-24T11:09:59.002882100Z,READ,286
2025-07-24T11:10:00.009492200Z,READ,286
2025-07-24T11:10:00.653466100Z,WRITE,287
2025-07-24T11:10:00.653466100Z,READ,287
2025-07-24T11:10:01.003029300Z,READ,287
2025-07-24T11:10:02.400009100Z,READ,287
2025-07-24T11:10:03.004865700Z,READ,287
2025-07-24T11:10:04.006742800Z,READ,287
2025-07-24T11:10:05.003087200Z,READ,287
2025-07-24T11:10:05.511830300Z,WRITE,288
2025-07-24T11:10:05.512835800Z,READ,288
2025-07-24T11:10:06.002531700Z,READ,288
2025-07-24T11:10:07.005785400Z,READ,288
2025-07-24T11:10:08.008889800Z,READ,288
2025-07-24T11:10:09.002303900Z,READ,288
2025-07-24T11:10:10.006144300Z,READ,288
2025-07-24T11:10:10.510690500Z,WRITE,289
2025-07-24T11:10:10.512111Z,READ,289
2025-07-24T11:10:11.019549100Z,READ,289
2025-07-24T11:10:12.010862300Z,READ,289
2025-07-24T11:10:13.002487700Z,READ,289
2025-07-24T11:10:14.002425500Z,READ,289
2025-07-24T11:10:15.002302200Z,READ,289
2025-07-24T11:10:15.689812600Z,WRITE,290
2025-07-24T11:10:15.704806900Z,READ,290
2025-07-24T11:10:16.049882400Z,READ,290
2025-07-24T11:10:17.007607700Z,READ,290
2025-07-24T11:10:18.005098600Z,READ,290
2025-07-24T11:10:19.000527800Z,READ,290
2025-07-24T11:10:20.101737600Z,READ,290
2025-07-24T11:10:20.522166Z,WRITE,291
2025-07-24T11:10:20.524160300Z,READ,291
2025-07-24T11:10:21.002371600Z,READ,291
2025-07-24T11:10:22.003054600Z,READ,291
2025-07-24T11:10:23.004649700Z,READ,291
2025-07-24T11:10:24.003089100Z,READ,291
2025-07-24T11:10:25.002874900Z,READ,291
2025-07-24T11:10:25.514628300Z,WRITE,292
2025-07-24T11:10:25.515616900Z,READ,292
2025-07-24T11:10:26.004851200Z,READ,292
2025-07-24T11:10:27.003882800Z,READ,292
2025-07-24T11:10:28.009339200Z,READ,292
2025-07-24T11:10:29.003538400Z,READ,292
2025-07-24T11:10:30.005266400Z,READ,292
2025-07-24T11:10:30.514436400Z,WRITE,293
2025-07-24T11:10:30.515427200Z,READ,293
2025-07-24T11:10:31.003376Z,READ,293
2025-07-24T11:10:32.003392300Z,READ,293
2025-07-24T11:10:33.003969100Z,READ,293
2025-07-24T11:10:34.007277900Z,READ,293
2025-07-24T11:10:35.005855900Z,READ,293
2025-07-24T11:10:35.514675100Z,WRITE,294
2025-07-24T11:10:35.515666900Z,READ,294
2025-07-24T11:10:36.009037200Z,READ,294
2025-07-24T11:10:37.002835400Z,READ,294
2025-07-24T11:10:38.005556100Z,READ,294
2025-07-24T11:10:39.002163600Z,READ,294
2025-07-24T11:10:40.005571100Z,READ,294
2025-07-24T11:10:40.512466200Z,WRITE,295
2025-07-24T11:10:40.512466200Z,READ,295
2025-07-24T11:10:41.002406600Z,READ,295
2025-07-24T11:10:42.002084400Z,READ,295
2025-07-24T11:10:43.005755900Z,READ,295
2025-07-24T11:10:44.009417400Z,READ,295
2025-07-24T11:10:45.006672800Z,READ,295
2025-07-24T11:10:45.514212600Z,WRITE,296
2025-07-24T11:10:45.516220900Z,READ,296
2025-07-24T11:10:46.006159900Z,READ,296
2025-07-24T11:10:47.003014300Z,READ,296
2025-07-24T11:10:48.008385500Z,READ,296
2025-07-24T11:10:49.007314900Z,READ,296
2025-07-24T11:10:50.002134800Z,READ,296
2025-07-24T11:10:50.514842800Z,WRITE,297
2025-07-24T11:10:50.516847500Z,READ,297
2025-07-24T11:10:51.001823900Z,READ,297
2025-07-24T11:10:52.005238800Z,READ,297
2025-07-24T11:10:53.002140600Z,READ,297
2025-07-24T11:10:54.004517900Z,READ,297
2025-07-24T11:10:55.003209700Z,READ,297
2025-07-24T11:10:55.515949700Z,WRITE,298
2025-07-24T11:10:55.515949700Z,READ,298
2025-07-24T11:10:56.007334200Z,READ,298
2025-07-24T11:10:57.005671Z,READ,298
2025-07-24T11:10:58.003342800Z,READ,298
2025-07-24T11:10:59.001626700Z,READ,298
2025-07-24T11:11:00.010590900Z,READ,298
2025-07-24T11:11:00.515131900Z,WRITE,299
2025-07-24T11:11:00.515131900Z,READ,299
2025-07-24T11:11:01.002455700Z,READ,299
2025-07-24T11:11:02.002945Z,READ,299
2025-07-24T11:11:03.003364200Z,READ,299
2025-07-24T11:11:04.004023300Z,READ,299
2025-07-24T11:11:05.005629600Z,READ,299
2025-07-24T11:11:05.514602Z,WRITE,300
2025-07-24T11:11:05.515589200Z,READ,300
2025-07-24T11:11:06.004994600Z,READ,300
2025-07-24T11:11:07.002525200Z,READ,300
2025-07-24T11:11:08.011396500Z,READ,300
2025-07-24T11:11:09.005708500Z,READ,300
2025-07-24T11:11:10.007574400Z,READ,300
2025-07-24T11:11:10.513995700Z,WRITE,301
2025-07-24T11:11:10.515992700Z,READ,301
2025-07-24T11:11:11.005702200Z,READ,301
2025-07-24T11:11:12.007640200Z,READ,301
2025-07-24T11:11:13.006568400Z,READ,301
2025-07-24T11:11:14.006598200Z,READ,301
2025-07-24T11:11:15.005091Z,READ,301
2025-07-24T11:11:15.515141Z,WRITE,302
2025-07-24T11:11:15.517155500Z,READ,302
2025-07-24T11:11:16.005789700Z,READ,302
2025-07-24T11:11:17.004583Z,READ,302
2025-07-24T11:11:18.006517800Z,READ,302
2025-07-24T11:11:19.006856500Z,READ,302
2025-07-24T11:11:20.008405300Z,READ,302
2025-07-24T11:11:20.510786900Z,WRITE,303
2025-07-24T11:11:20.512448100Z,READ,303
2025-07-24T11:11:21.017407900Z,READ,303
2025-07-24T11:11:22.005948900Z,READ,303
2025-07-24T11:11:23.005588500Z,READ,303
2025-07-24T11:11:24.008889200Z,READ,303
2025-07-24T11:11:25.004407400Z,READ,303
2025-07-24T11:11:25.515716900Z,WRITE,304
2025-07-24T11:11:25.517729600Z,READ,304
2025-07-24T11:11:26.002973600Z,READ,304
2025-07-24T11:11:27.003369600Z,READ,304
2025-07-24T11:11:28.009164400Z,READ,304
2025-07-24T11:11:29.006380900Z,READ,304
2025-07-24T11:11:30.002082300Z,READ,304
2025-07-24T11:11:30.516632900Z,WRITE,305
2025-07-24T11:11:30.518653400Z,READ,305
2025-07-24T11:11:31.006335300Z,READ,305
2025-07-24T11:11:32.010030Z,READ,305
2025-07-24T11:11:33.003779900Z,READ,305
2025-07-24T11:11:34.006856700Z,READ,305
2025-07-24T11:11:35.007356Z,READ,305
2025-07-24T11:11:35.514376800Z,WRITE,306
2025-07-24T11:11:35.516372100Z,READ,306
2025-07-24T11:11:36.007787500Z,READ,306
2025-07-24T11:11:37.006188700Z,READ,306
2025-07-24T11:11:38.004489600Z,READ,306
2025-07-24T11:11:39.003968900Z,READ,306
2025-07-24T11:11:40.005589800Z,READ,306
2025-07-24T11:11:40.510730800Z,WRITE,307
2025-07-24T11:11:40.510730800Z,READ,307
2025-07-24T11:11:41.007888Z,READ,307
2025-07-24T11:11:42.007227500Z,READ,307
2025-07-24T11:11:43.003559900Z,READ,307
2025-07-24T11:11:44.009174700Z,READ,307
2025-07-24T11:11:45.001702900Z,READ,307
2025-07-24T11:11:45.515824100Z,WRITE,308
2025-07-24T11:11:45.517842400Z,READ,308
2025-07-24T11:11:46.002750200Z,READ,308
2025-07-24T11:11:47.007059400Z,READ,308
2025-07-24T11:11:48.010533100Z,READ,308
2025-07-24T11:11:49.006931800Z,READ,308
2025-07-24T11:11:50.002240300Z,READ,308
2025-07-24T11:11:50.516154800Z,WRITE,309
2025-07-24T11:11:50.518138400Z,READ,309
2025-07-24T11:11:51.005517800Z,READ,309
2025-07-24T11:11:52.008803400Z,READ,309
2025-07-24T11:11:53.006008900Z,READ,309
2025-07-24T11:11:54.005985900Z,READ,309
2025-07-24T11:11:55.003955600Z,READ,309
2025-07-24T11:11:55.514189700Z,WRITE,310
2025-07-24T11:11:55.516187900Z,READ,310
2025-07-24T11:11:56.008608Z,READ,310
2025-07-24T11:11:57.007370600Z,READ,310
2025-07-24T11:11:58.006150600Z,READ,310
2025-07-24T11:11:59.003446900Z,READ,310
2025-07-24T11:12:00.008486800Z,READ,310
2025-07-24T11:12:00.514614400Z,WRITE,311
2025-07-24T11:12:00.515575900Z,READ,311
2025-07-24T11:12:01.002354200Z,READ,311
2025-07-24T11:12:02.006265800Z,READ,311
2025-07-24T11:12:03.005566Z,READ,311
2025-07-24T11:12:04.004902800Z,READ,311
2025-07-24T11:12:05.006451600Z,READ,311
2025-07-24T11:12:05.515618900Z,WRITE,312
2025-07-24T11:12:05.516617800Z,READ,312
2025-07-24T11:12:06.004889400Z,READ,312
2025-07-24T11:12:07.007765Z,READ,312
2025-07-24T11:12:08.010219100Z,READ,312
2025-07-24T11:12:09.004737100Z,READ,312
2025-07-24T11:12:10.006151700Z,READ,312
2025-07-24T11:12:10.515170Z,WRITE,313
2025-07-24T11:12:10.517224800Z,READ,313
2025-07-24T11:12:11.005644Z,READ,313
2025-07-24T11:12:12.004080200Z,READ,313
2025-07-24T11:12:13.003081600Z,READ,313
2025-07-24T11:12:14.004057600Z,READ,313
2025-07-24T11:12:15.003684200Z,READ,313
2025-07-24T11:12:15.514439700Z,WRITE,314
2025-07-24T11:12:15.516260400Z,READ,314
2025-07-24T11:12:16.012240800Z,READ,314
2025-07-24T11:12:17.007171900Z,READ,314
2025-07-24T11:12:18.004809100Z,READ,314
2025-07-24T11:12:19.006077100Z,READ,314
2025-07-24T11:12:20.007439700Z,READ,314
2025-07-24T11:12:20.516025700Z,WRITE,315
2025-07-24T11:12:20.517005500Z,READ,315
2025-07-24T11:12:21.005409200Z,READ,315
2025-07-24T11:12:22.006996600Z,READ,315
2025-07-24T11:12:23.007008200Z,READ,315
2025-07-24T11:12:24.008001400Z,READ,315
2025-07-24T11:12:25.006300900Z,READ,315
2025-07-24T11:12:25.510186400Z,WRITE,316
2025-07-24T11:12:25.512148900Z,READ,316
2025-07-24T11:12:26.010365Z,READ,316
2025-07-24T11:12:27.006013700Z,READ,316
2025-07-24T11:12:28.009350100Z,READ,316
2025-07-24T11:12:29.005897Z,READ,316
2025-07-24T11:12:30.003267800Z,READ,316
2025-07-24T11:12:30.515871900Z,WRITE,317
2025-07-24T11:12:30.517884400Z,READ,317
2025-07-24T11:12:31.006230Z,READ,317
2025-07-24T11:12:32.008695600Z,READ,317
2025-07-24T11:12:33.003201Z,READ,317
2025-07-24T11:12:34.006731100Z,READ,317
2025-07-24T11:12:35.003116500Z,READ,317
2025-07-24T11:12:35.513187400Z,WRITE,318
2025-07-24T11:12:35.513187400Z,READ,318
2025-07-24T11:12:36.008178200Z,READ,318
2025-07-24T11:12:37.004119600Z,READ,318
2025-07-24T11:12:38.005420200Z,READ,318
2025-07-24T11:12:39.006268400Z,READ,318
2025-07-24T11:12:40.004621800Z,READ,318
2025-07-24T11:12:40.515157500Z,WRITE,319
2025-07-24T11:12:40.517140100Z,READ,319
2025-07-24T11:12:41.005226400Z,READ,319
2025-07-24T11:12:42.005413400Z,READ,319
2025-07-24T11:12:43.006838200Z,READ,319
2025-07-24T11:12:44.009044900Z,READ,319
2025-07-24T11:12:45.004152600Z,READ,319
2025-07-24T11:12:45.510453Z,WRITE,320
2025-07-24T11:12:45.515600Z,READ,320
2025-07-24T11:12:46.015749100Z,READ,320
2025-07-24T11:12:47.004871500Z,READ,320
2025-07-24T11:12:48.004597500Z,READ,320
2025-07-24T11:12:49.005051600Z,READ,320
2025-07-24T11:12:50.004655900Z,READ,320
2025-07-24T11:12:50.518453100Z,WRITE,321
2025-07-24T11:12:50.519448900Z,READ,321
2025-07-24T11:12:51.002697100Z,READ,321
2025-07-24T11:12:52.006613900Z,READ,321
2025-07-24T11:12:53.006874Z,READ,321
2025-07-24T11:12:54.008019700Z,READ,321
2025-07-24T11:12:55.003008400Z,READ,321
2025-07-24T11:12:55.512363900Z,WRITE,322
2025-07-24T11:12:55.513228600Z,READ,322
2025-07-24T11:12:56.014554900Z,READ,322
2025-07-24T11:12:57.004475500Z,READ,322
2025-07-24T11:12:58.002955300Z,READ,322
2025-07-24T11:12:59.006337700Z,READ,322
2025-07-24T11:13:00.006573900Z,READ,322
2025-07-24T11:13:00.514845100Z,WRITE,323
2025-07-24T11:13:00.515836100Z,READ,323
2025-07-24T11:13:01.004775500Z,READ,323
2025-07-24T11:13:02.005643100Z,READ,323
2025-07-24T11:13:03.008933Z,READ,323
2025-07-24T11:13:04.009016900Z,READ,323
2025-07-24T11:13:05.003043100Z,READ,323
2025-07-24T11:13:05.511751200Z,WRITE,324
2025-07-24T11:13:05.511751200Z,READ,324
2025-07-24T11:13:06.013716200Z,READ,324
2025-07-24T11:13:07.006125300Z,READ,324
2025-07-24T11:13:08.009548500Z,READ,324
2025-07-24T11:13:09.004445300Z,READ,324
2025-07-24T11:13:10.004695200Z,READ,324
2025-07-24T11:13:10.514468100Z,WRITE,325
2025-07-24T11:13:10.515468900Z,READ,325
2025-07-24T11:13:11.004973700Z,READ,325
2025-07-24T11:13:12.010090700Z,READ,325
2025-07-24T11:13:13.004662800Z,READ,325
2025-07-24T11:13:14.005851600Z,READ,325
2025-07-24T11:13:15.003566100Z,READ,325
2025-07-24T11:13:15.514729900Z,WRITE,326
2025-07-24T11:13:15.515729300Z,READ,326
2025-07-24T11:13:16.002752400Z,READ,326
2025-07-24T11:13:17.008742100Z,READ,326
2025-07-24T11:13:18.006779800Z,READ,326
2025-07-24T11:13:19.007955500Z,READ,326
2025-07-24T11:13:20.005346400Z,READ,326
2025-07-24T11:13:20.514780800Z,WRITE,327
2025-07-24T11:13:20.515788Z,READ,327
2025-07-24T11:13:21.006709300Z,READ,327
2025-07-24T11:13:22.003946900Z,READ,327
2025-07-24T11:13:23.006309500Z,READ,327
2025-07-24T11:13:24.004406900Z,READ,327
2025-07-24T11:13:25.005999100Z,READ,327
2025-07-24T11:13:25.514202200Z,WRITE,328
2025-07-24T11:13:25.516210700Z,READ,328
2025-07-24T11:13:26.004432400Z,READ,328
2025-07-24T11:13:27.006842800Z,READ,328
2025-07-24T11:13:28.005660300Z,READ,328
2025-07-24T11:13:29.003407600Z,READ,328
2025-07-24T11:13:30.006837400Z,READ,328
2025-07-24T11:13:30.515084800Z,WRITE,329
2025-07-24T11:13:30.517178600Z,READ,329
2025-07-24T11:13:31.005617400Z,READ,329
2025-07-24T11:13:32.005922300Z,READ,329
2025-07-24T11:13:33.004915600Z,READ,329
2025-07-24T11:13:34.008250Z,READ,329
2025-07-24T11:13:35.009039200Z,READ,329
2025-07-24T11:13:35.510869400Z,WRITE,330
2025-07-24T11:13:35.510869400Z,READ,330
2025-07-24T11:13:36.018588100Z,READ,330
2025-07-24T11:13:37.004013200Z,READ,330
2025-07-24T11:13:38.005620300Z,READ,330
2025-07-24T11:13:39.006663300Z,READ,330
2025-07-24T11:13:40.002987400Z,READ,330
2025-07-24T11:13:40.520174200Z,WRITE,331
2025-07-24T11:13:40.520174200Z,READ,331
2025-07-24T11:13:41.003985700Z,READ,331
2025-07-24T11:13:42.003965Z,READ,331
2025-07-24T11:13:43.006421900Z,READ,331
2025-07-24T11:13:44.002510700Z,READ,331
2025-07-24T11:13:45.002136200Z,READ,331
2025-07-24T11:13:45.514129600Z,WRITE,332
2025-07-24T11:13:45.516133500Z,READ,332
2025-07-24T11:13:46.003561600Z,READ,332
2025-07-24T11:13:47.005045600Z,READ,332
2025-07-24T11:13:48.004019700Z,READ,332
2025-07-24T11:13:49.002672300Z,READ,332
2025-07-24T11:13:50.006638700Z,READ,332
2025-07-24T11:13:50.515146600Z,WRITE,333
2025-07-24T11:13:50.516124600Z,READ,333
2025-07-24T11:13:51.006568300Z,READ,333
2025-07-24T11:13:52.008677Z,READ,333
2025-07-24T11:13:53.004951Z,READ,333
2025-07-24T11:13:54.007134100Z,READ,333
2025-07-24T11:13:55.004987200Z,READ,333
2025-07-24T11:13:55.514370200Z,WRITE,334
2025-07-24T11:13:55.516345900Z,READ,334
2025-07-24T11:13:56.006590400Z,READ,334
2025-07-24T11:13:57.004041800Z,READ,334
2025-07-24T11:13:58.002528800Z,READ,334
2025-07-24T11:13:59.004948700Z,READ,334
2025-07-24T11:14:00.008278800Z,READ,334
2025-07-24T11:14:00.514392600Z,WRITE,335
2025-07-24T11:14:00.515395100Z,READ,335
2025-07-24T11:14:01.005073800Z,READ,335
2025-07-24T11:14:02.005530300Z,READ,335
2025-07-24T11:14:03.002883800Z,READ,335
2025-07-24T11:14:04.010464200Z,READ,335
2025-07-24T11:14:05.001907800Z,READ,335
2025-07-24T11:14:05.515632Z,WRITE,336
2025-07-24T11:14:05.517629500Z,READ,336
2025-07-24T11:14:06.003044800Z,READ,336
2025-07-24T11:14:07.005461Z,READ,336
2025-07-24T11:14:08.004797300Z,READ,336
2025-07-24T11:14:09.005559300Z,READ,336
2025-07-24T11:14:10.006411700Z,READ,336
2025-07-24T11:14:10.514655600Z,WRITE,337
2025-07-24T11:14:10.515644900Z,READ,337
2025-07-24T11:14:11.005040900Z,READ,337
2025-07-24T11:14:12.006595900Z,READ,337
2025-07-24T11:14:13.002899700Z,READ,337
2025-07-24T11:14:14.005906300Z,READ,337
2025-07-24T11:14:15.002905400Z,READ,337
2025-07-24T11:14:15.511435300Z,WRITE,338
2025-07-24T11:14:15.512200800Z,READ,338
2025-07-24T11:14:16.005339200Z,READ,338
2025-07-24T11:14:17.005694900Z,READ,338
2025-07-24T11:14:18.004423500Z,READ,338
2025-07-24T11:14:19.002102200Z,READ,338
2025-07-24T11:14:20.003050600Z,READ,338
2025-07-24T11:14:20.516074100Z,WRITE,339
2025-07-24T11:14:20.517065900Z,READ,339
2025-07-24T11:14:21.002542600Z,READ,339
2025-07-24T11:14:22.003433500Z,READ,339
2025-07-24T11:14:23.002623200Z,READ,339
2025-07-24T11:14:24.004210Z,READ,339
2025-07-24T11:14:25.005391100Z,READ,339
2025-07-24T11:14:25.514599200Z,WRITE,340
2025-07-24T11:14:25.517618500Z,READ,340
2025-07-24T11:14:26.002455Z,READ,340
2025-07-24T11:14:27.005386900Z,READ,340
2025-07-24T11:14:28.009015300Z,READ,340
2025-07-24T11:14:29.006377500Z,READ,340
2025-07-24T11:14:30.004765200Z,READ,340
2025-07-24T11:14:30.514983500Z,WRITE,341
2025-07-24T11:14:30.516003800Z,READ,341
2025-07-24T11:14:31.005424500Z,READ,341
2025-07-24T11:14:32.010716100Z,READ,341
2025-07-24T11:14:33.005928900Z,READ,341
2025-07-24T11:14:34.005200700Z,READ,341
2025-07-24T11:14:35.003288400Z,READ,341
2025-07-24T11:14:35.514503400Z,WRITE,342
2025-07-24T11:14:35.515513400Z,READ,342
2025-07-24T11:14:36.003875700Z,READ,342
2025-07-24T11:14:37.005745200Z,READ,342
2025-07-24T11:14:38.002195Z,READ,342
2025-07-24T11:14:39.003658700Z,READ,342
2025-07-24T11:14:40.004347500Z,READ,342
2025-07-24T11:14:40.510474900Z,WRITE,343
2025-07-24T11:14:40.511886400Z,READ,343
2025-07-24T11:14:41.014286200Z,READ,343
2025-07-24T11:14:42.002567800Z,READ,343
2025-07-24T11:14:43.004524300Z,READ,343
2025-07-24T11:14:44.003108200Z,READ,343
2025-07-24T11:14:45.004175100Z,READ,343
2025-07-24T11:14:45.512585300Z,WRITE,344
2025-07-24T11:14:45.512585300Z,READ,344
2025-07-24T11:14:46.004527Z,READ,344
2025-07-24T11:14:47.063303200Z,READ,344
2025-07-24T11:14:48.026555100Z,READ,344
2025-07-24T11:14:49.002643800Z,READ,344
2025-07-24T11:14:50.003867500Z,READ,344
2025-07-24T11:14:50.511784600Z,WRITE,345
2025-07-24T11:14:50.511784600Z,READ,345
2025-07-24T11:14:51.005556400Z,READ,345
2025-07-24T11:14:52.009114200Z,READ,345
2025-07-24T11:14:53.003366200Z,READ,345
2025-07-24T11:14:54.002158Z,READ,345
2025-07-24T11:14:55.457189600Z,READ,345
2025-07-24T11:14:55.511803Z,WRITE,346
2025-07-24T11:14:55.512803600Z,READ,346
2025-07-24T11:14:56.001927200Z,READ,346
2025-07-24T11:14:57.002958500Z,READ,346
2025-07-24T11:14:58.004004300Z,READ,346
2025-07-24T11:14:59.002282500Z,READ,346
2025-07-24T11:15:00.004896600Z,READ,346
2025-07-24T11:15:00.510303400Z,WRITE,347
2025-07-24T11:15:00.511899900Z,READ,347
2025-07-24T11:15:01.002442600Z,READ,347
2025-07-24T11:15:02.003875800Z,READ,347
2025-07-24T11:15:03.004238Z,READ,347
2025-07-24T11:15:04.003168Z,READ,347
2025-07-24T11:15:05.004449400Z,READ,347
2025-07-24T11:15:05.512929Z,READ,348
2025-07-24T11:15:05.512929Z,WRITE,348
2025-07-24T11:15:06.008930300Z,READ,348
2025-07-24T11:15:07.003031900Z,READ,348
2025-07-24T11:15:08.005518800Z,READ,348
2025-07-24T11:15:09.003069700Z,READ,348
2025-07-24T11:15:10.178152900Z,READ,348
2025-07-24T11:15:10.513435100Z,WRITE,349
2025-07-24T11:15:10.513435100Z,READ,349
2025-07-24T11:15:11.002014600Z,READ,349
2025-07-24T11:15:12.004497800Z,READ,349
2025-07-24T11:15:13.002600500Z,READ,349
2025-07-24T11:15:14.002958700Z,READ,349
2025-07-24T11:15:15.006057200Z,READ,349
2025-07-24T11:15:15.510609600Z,WRITE,350
2025-07-24T11:15:15.511959600Z,READ,350
2025-07-24T11:15:16.062274400Z,READ,350
2025-07-24T11:15:17.218045200Z,READ,350
2025-07-24T11:15:18.003311600Z,READ,350
2025-07-24T11:15:19.007346700Z,READ,350
2025-07-24T11:15:20.003298Z,READ,350
2025-07-24T11:15:20.513765200Z,WRITE,351
2025-07-24T11:15:20.515778500Z,READ,351
2025-07-24T11:15:21.001988100Z,READ,351
2025-07-24T11:15:22.002414Z,READ,351
2025-07-24T11:15:23.003882700Z,READ,351
2025-07-24T11:15:24.002998600Z,READ,351
2025-07-24T11:15:25.005926900Z,READ,351
2025-07-24T11:15:25.513005700Z,WRITE,352
2025-07-24T11:15:25.514006800Z,READ,352
2025-07-24T11:15:26.002458800Z,READ,352
2025-07-24T11:15:27.002853900Z,READ,352
2025-07-24T11:15:28.007051Z,READ,352
2025-07-24T11:15:29.002781Z,READ,352
2025-07-24T11:15:30.006626800Z,READ,352
2025-07-24T11:15:30.510086600Z,WRITE,353
2025-07-24T11:15:30.511923200Z,READ,353
2025-07-24T11:15:31.010925200Z,READ,353
2025-07-24T11:15:32.009336900Z,READ,353
2025-07-24T11:15:33.003400300Z,READ,353
2025-07-24T11:15:34.004992300Z,READ,353
2025-07-24T11:15:35.004631700Z,READ,353
2025-07-24T11:15:35.515113Z,WRITE,354
2025-07-24T11:15:35.516111600Z,READ,354
2025-07-24T11:15:36.006761500Z,READ,354
2025-07-24T11:15:37.007621Z,READ,354
2025-07-24T11:15:38.004228300Z,READ,354
2025-07-24T11:15:39.003410600Z,READ,354
2025-07-24T11:15:40.004903100Z,READ,354
2025-07-24T11:15:40.513941100Z,WRITE,355
2025-07-24T11:15:40.513941100Z,READ,355
2025-07-24T11:15:41.006828900Z,READ,355
2025-07-24T11:15:42.006414600Z,READ,355
2025-07-24T11:15:43.004282300Z,READ,355
2025-07-24T11:15:44.008161100Z,READ,355
2025-07-24T11:15:45.002601900Z,READ,355
2025-07-24T11:15:45.512392900Z,WRITE,356
2025-07-24T11:15:45.512392900Z,READ,356
2025-07-24T11:15:46.016128700Z,READ,356
2025-07-24T11:15:47.007418600Z,READ,356
2025-07-24T11:15:48.004961Z,READ,356
2025-07-24T11:15:49.005450800Z,READ,356
2025-07-24T11:15:50.006660100Z,READ,356
2025-07-24T11:15:50.516096100Z,WRITE,357
2025-07-24T11:15:50.518115Z,READ,357
2025-07-24T11:15:51.005465900Z,READ,357
2025-07-24T11:15:52.008207900Z,READ,357
2025-07-24T11:15:53.005766500Z,READ,357
2025-07-24T11:15:54.007564700Z,READ,357
2025-07-24T11:15:55.003251300Z,READ,357
2025-07-24T11:15:55.510127200Z,WRITE,358
2025-07-24T11:15:55.511455Z,READ,358
2025-07-24T11:15:56.004011800Z,READ,358
2025-07-24T11:15:57.001426200Z,READ,358
2025-07-24T11:15:58.005861900Z,READ,358
2025-07-24T11:15:59.006380Z,READ,358
2025-07-24T11:16:00.002791Z,READ,358
2025-07-24T11:16:00.512537200Z,WRITE,359
2025-07-24T11:16:00.512537200Z,READ,359
2025-07-24T11:16:01.004960200Z,READ,359
2025-07-24T11:16:02.004942200Z,READ,359
2025-07-24T11:16:03.002713400Z,READ,359
2025-07-24T11:16:04.003006800Z,READ,359
2025-07-24T11:16:05.003058600Z,READ,359
2025-07-24T11:16:05.513519100Z,WRITE,360
2025-07-24T11:16:05.515527300Z,READ,360
2025-07-24T11:16:06.005929900Z,READ,360
2025-07-24T11:16:07.002840800Z,READ,360
2025-07-24T11:16:08.008068600Z,READ,360
2025-07-24T11:16:09.002074800Z,READ,360
2025-07-24T11:16:10.004379300Z,READ,360
2025-07-24T11:16:10.514315500Z,WRITE,361
2025-07-24T11:16:10.516313Z,READ,361
2025-07-24T11:16:11.003096600Z,READ,361
2025-07-24T11:16:12.008424800Z,READ,361
2025-07-24T11:16:13.003590400Z,READ,361
2025-07-24T11:16:14.006003Z,READ,361
2025-07-24T11:16:15.003832800Z,READ,361
2025-07-24T11:16:15.514681600Z,WRITE,362
2025-07-24T11:16:15.516760300Z,READ,362
2025-07-24T11:16:16.252434800Z,READ,362
2025-07-24T11:16:17.003998500Z,READ,362
2025-07-24T11:16:18.005415Z,READ,362
2025-07-24T11:16:19.004719100Z,READ,362
2025-07-24T11:16:20.006952700Z,READ,362
2025-07-24T11:16:20.514490500Z,WRITE,363
2025-07-24T11:16:20.515487700Z,READ,363
2025-07-24T11:16:21.001947600Z,READ,363
2025-07-24T11:16:22.006580500Z,READ,363
2025-07-24T11:16:23.004036400Z,READ,363
2025-07-24T11:16:24.002777Z,READ,363
2025-07-24T11:16:25.006804Z,READ,363
2025-07-24T11:16:25.510999400Z,WRITE,364
2025-07-24T11:16:25.513561100Z,READ,364
2025-07-24T11:16:26.004936300Z,READ,364
2025-07-24T11:16:27.004462600Z,READ,364
2025-07-24T11:16:28.009773500Z,READ,364
2025-07-24T11:16:29.005084800Z,READ,364
2025-07-24T11:16:36.363738400Z,READ,364
2025-07-24T11:16:36.363738400Z,WRITE,365
2025-07-24T11:16:36.374700400Z,READ,365
2025-07-24T11:16:36.374700400Z,READ,365
2025-07-24T11:16:36.376416100Z,READ,365
2025-07-24T11:16:36.377410500Z,WRITE,366
2025-07-24T11:16:36.377410500Z,READ,366
2025-07-24T11:16:37.002563600Z,READ,366
2025-07-24T11:16:38.002244300Z,READ,366
2025-07-24T11:16:39.005510300Z,READ,366
2025-07-24T11:16:40.011395500Z,READ,366
2025-07-24T11:16:40.514231400Z,WRITE,367
2025-07-24T11:16:40.516231Z,READ,367
2025-07-24T11:16:41.005988900Z,READ,367
2025-07-24T11:16:42.004087700Z,READ,367
2025-07-24T11:16:43.002337100Z,READ,367
2025-07-24T11:16:44.003310100Z,READ,367
2025-07-24T11:16:45.006021200Z,READ,367
2025-07-24T11:16:45.513030700Z,WRITE,368
2025-07-24T11:16:45.514031500Z,READ,368
2025-07-24T11:16:46.003148600Z,READ,368
2025-07-24T11:16:47.002885700Z,READ,368
2025-07-24T11:16:48.004159500Z,READ,368
2025-07-24T11:16:49.003899900Z,READ,368
2025-07-24T11:16:50.002924200Z,READ,368
2025-07-24T11:16:50.511562600Z,WRITE,369
2025-07-24T11:16:50.512337300Z,READ,369
2025-07-24T11:16:51.017986900Z,READ,369
2025-07-24T11:16:52.382354600Z,READ,369
2025-07-24T11:16:53.004989Z,READ,369
2025-07-24T11:16:54.003751200Z,READ,369
2025-07-24T11:16:55.006283200Z,READ,369
2025-07-24T11:16:55.515302400Z,WRITE,370
2025-07-24T11:16:55.517303600Z,READ,370
2025-07-24T11:16:56.003587800Z,READ,370
2025-07-24T11:16:57.004443100Z,READ,370
2025-07-24T11:16:58.003286600Z,READ,370
2025-07-24T11:16:59.003310500Z,READ,370
2025-07-24T11:17:00.003379500Z,READ,370
2025-07-24T11:17:00.515292100Z,WRITE,371
2025-07-24T11:17:00.517334900Z,READ,371
2025-07-24T11:17:01.002480300Z,READ,371
2025-07-24T11:17:02.006772Z,READ,371
2025-07-24T11:17:03.006686900Z,READ,371
2025-07-24T11:17:04.010334500Z,READ,371
2025-07-24T11:17:05.006132700Z,READ,371
2025-07-24T11:17:05.511966Z,WRITE,372
2025-07-24T11:17:05.512635800Z,READ,372
2025-07-24T11:17:06.020366600Z,READ,372
2025-07-24T11:17:07.004597300Z,READ,372
2025-07-24T11:17:08.008983200Z,READ,372
2025-07-24T11:17:09.006277700Z,READ,372
2025-07-24T11:17:10.005590200Z,READ,372
2025-07-24T11:17:10.515116800Z,WRITE,373
2025-07-24T11:17:10.516116Z,READ,373
2025-07-24T11:17:11.004109900Z,READ,373
2025-07-24T11:17:12.010077600Z,READ,373
2025-07-24T11:17:13.150214900Z,READ,373
2025-07-24T11:17:14.006300900Z,READ,373
2025-07-24T11:17:15.006690200Z,READ,373
2025-07-24T11:17:15.515328200Z,WRITE,374
2025-07-24T11:17:15.516327400Z,READ,374
2025-07-24T11:17:16.005938100Z,READ,374
2025-07-24T11:17:17.005223100Z,READ,374
2025-07-24T11:17:18.006042200Z,READ,374
2025-07-24T11:17:19.005933500Z,READ,374
2025-07-24T11:17:20.005211400Z,READ,374
2025-07-24T11:17:20.510772500Z,WRITE,375
2025-07-24T11:17:20.515189800Z,READ,375
2025-07-24T11:17:21.019709300Z,READ,375
2025-07-24T11:17:22.007075700Z,READ,375
2025-07-24T11:17:23.005372700Z,READ,375
2025-07-24T11:17:24.009655600Z,READ,375
2025-07-24T11:17:25.006261300Z,READ,375
2025-07-24T11:17:25.519930100Z,WRITE,376
2025-07-24T11:17:25.520904900Z,READ,376
2025-07-24T11:17:26.006191700Z,READ,376
2025-07-24T11:17:27.003697700Z,READ,376
2025-07-24T11:17:28.008113900Z,READ,376
2025-07-24T11:17:29.007264700Z,READ,376
2025-07-24T11:17:30.005423200Z,READ,376
2025-07-24T11:17:30.512201700Z,WRITE,377
2025-07-24T11:17:30.512201700Z,READ,377
2025-07-24T11:17:31.015627600Z,READ,377
2025-07-24T11:17:32.010259900Z,READ,377
2025-07-24T11:17:33.004959500Z,READ,377
2025-07-24T11:17:34.005632900Z,READ,377
2025-07-24T11:17:35.008043700Z,READ,377
2025-07-24T11:17:35.515440100Z,WRITE,378
2025-07-24T11:17:35.517436200Z,READ,378
2025-07-24T11:17:36.007662600Z,READ,378
2025-07-24T11:17:37.004359Z,READ,378
2025-07-24T11:17:38.005394800Z,READ,378
2025-07-24T11:17:39.005123400Z,READ,378
2025-07-24T11:17:40.008452600Z,READ,378
2025-07-24T11:17:40.510576900Z,WRITE,379
2025-07-24T11:17:40.512660800Z,READ,379
2025-07-24T11:17:41.015850700Z,READ,379
2025-07-24T11:17:42.003927300Z,READ,379
2025-07-24T11:17:43.003499300Z,READ,379
2025-07-24T11:17:44.007690900Z,READ,379
2025-07-24T11:17:45.007994800Z,READ,379
2025-07-24T11:17:45.516743300Z,WRITE,380
2025-07-24T11:17:45.518766900Z,READ,380
2025-07-24T11:17:46.004065600Z,READ,380
2025-07-24T11:17:47.002850Z,READ,380
2025-07-24T11:17:48.010090600Z,READ,380
2025-07-24T11:17:49.004906Z,READ,380
2025-07-24T11:17:50.007937300Z,READ,380
2025-07-24T11:17:50.514746900Z,WRITE,381
2025-07-24T11:17:50.515729600Z,READ,381
2025-07-24T11:17:51.005504300Z,READ,381
2025-07-24T11:17:52.009785800Z,READ,381
2025-07-24T11:17:53.006676100Z,READ,381
2025-07-24T11:17:54.006946700Z,READ,381
2025-07-24T11:17:55.005486700Z,READ,381
2025-07-24T11:17:55.514057700Z,WRITE,382
2025-07-24T11:17:55.516058900Z,READ,382
2025-07-24T11:17:56.008028400Z,READ,382
2025-07-24T11:17:57.002380700Z,READ,382
2025-07-24T11:17:58.006691100Z,READ,382
2025-07-24T11:17:59.007055500Z,READ,382
2025-07-24T11:18:00.007047100Z,READ,382
2025-07-24T11:18:00.511231500Z,WRITE,383
2025-07-24T11:18:00.511965100Z,READ,383
2025-07-24T11:18:01.014962800Z,READ,383
2025-07-24T11:18:02.003016Z,READ,383
2025-07-24T11:18:03.003339800Z,READ,383
2025-07-24T11:18:04.008938900Z,READ,383
2025-07-24T11:18:05.002647Z,READ,383
2025-07-24T11:18:05.510991300Z,WRITE,384
2025-07-24T11:18:05.513014Z,READ,384
2025-07-24T11:18:06.015744500Z,READ,384
2025-07-24T11:18:07.002842900Z,READ,384
2025-07-24T11:18:08.005048700Z,READ,384
2025-07-24T11:18:09.001283100Z,READ,384
2025-07-24T11:18:10.003337Z,READ,384
2025-07-24T11:18:10.514212400Z,WRITE,385
2025-07-24T11:18:10.515214Z,READ,385
2025-07-24T11:18:11.004528900Z,READ,385
2025-07-24T11:18:12.004531200Z,READ,385
2025-07-24T11:18:13.005158400Z,READ,385
2025-07-24T11:18:14.003007300Z,READ,385
2025-07-24T11:18:15.004868Z,READ,385
2025-07-24T11:18:15.510796300Z,WRITE,386
2025-07-24T11:18:15.512949600Z,READ,386
2025-07-24T11:18:16.009636700Z,READ,386
2025-07-24T11:18:17.002070700Z,READ,386
2025-07-24T11:18:18.003493200Z,READ,386
2025-07-24T11:18:19.007501900Z,READ,386
2025-07-24T11:18:20.009098500Z,READ,386
2025-07-24T11:18:20.517022700Z,WRITE,387
2025-07-24T11:18:20.519018400Z,READ,387
2025-07-24T11:18:21.003336400Z,READ,387
2025-07-24T11:18:22.003609300Z,READ,387
2025-07-24T11:18:23.003779Z,READ,387
2025-07-24T11:18:24.004949300Z,READ,387
2025-07-24T11:18:25.006413400Z,READ,387
2025-07-24T11:18:25.510804500Z,WRITE,388
2025-07-24T11:18:25.516095400Z,READ,388
2025-07-24T11:18:26.013734Z,READ,388
2025-07-24T11:18:27.002680200Z,READ,388
2025-07-24T11:18:28.008614900Z,READ,388
2025-07-24T11:18:29.004838700Z,READ,388
2025-07-24T11:18:30.002465700Z,READ,388
2025-07-24T11:18:30.516214100Z,WRITE,389
2025-07-24T11:18:30.516214100Z,READ,389
2025-07-24T11:18:31.004703600Z,READ,389
2025-07-24T11:18:32.008994200Z,READ,389
2025-07-24T11:18:33.006868600Z,READ,389
2025-07-24T11:18:34.003771600Z,READ,389
2025-07-24T11:18:35.003261600Z,READ,389
2025-07-24T11:18:35.513639200Z,WRITE,390
2025-07-24T11:18:35.515214500Z,READ,390
2025-07-24T11:18:36.021683400Z,READ,390
2025-07-24T11:18:37.006605700Z,READ,390
2025-07-24T11:18:38.006829800Z,READ,390
2025-07-24T11:18:39.004821900Z,READ,390
2025-07-24T11:18:40.008247Z,READ,390
2025-07-24T11:18:40.513287200Z,WRITE,391
2025-07-24T11:18:40.514287Z,READ,391
2025-07-24T11:18:41.001655300Z,READ,391
2025-07-24T11:18:42.007518900Z,READ,391
2025-07-24T11:18:43.006537700Z,READ,391
2025-07-24T11:18:44.007179600Z,READ,391
2025-07-24T11:18:45.003067Z,READ,391
2025-07-24T11:18:45.510738700Z,WRITE,392
2025-07-24T11:18:45.511965700Z,READ,392
2025-07-24T11:18:46.011053100Z,READ,392
2025-07-24T11:18:47.002826Z,READ,392
2025-07-24T11:18:48.004747600Z,READ,392
2025-07-24T11:18:49.005215600Z,READ,392
2025-07-24T11:18:50.006594800Z,READ,392
2025-07-24T11:18:50.516997Z,WRITE,393
2025-07-24T11:18:50.517995500Z,READ,393
2025-07-24T11:18:51.005575200Z,READ,393
2025-07-24T11:18:52.008342500Z,READ,393
2025-07-24T11:18:53.004775900Z,READ,393
2025-07-24T11:18:54.005524200Z,READ,393
2025-07-24T11:18:55.003697200Z,READ,393
2025-07-24T11:18:55.512338200Z,WRITE,394
2025-07-24T11:18:55.513342900Z,READ,394
2025-07-24T11:18:56.002339100Z,READ,394
2025-07-24T11:18:57.004618300Z,READ,394
2025-07-24T11:18:58.006168600Z,READ,394
2025-07-24T11:18:59.002979300Z,READ,394
2025-07-24T11:19:00.010291900Z,READ,394
2025-07-24T11:19:00.510973500Z,WRITE,395
2025-07-24T11:19:00.513437800Z,READ,395
2025-07-24T11:19:01.014494300Z,READ,395
2025-07-24T11:19:02.002714700Z,READ,395
2025-07-24T11:19:03.002391200Z,READ,395
2025-07-24T11:19:04.004857Z,READ,395
2025-07-24T11:19:05.003356Z,READ,395
2025-07-24T11:19:05.514082100Z,WRITE,396
2025-07-24T11:19:05.515085300Z,READ,396
2025-07-24T11:19:06.001896900Z,READ,396
2025-07-24T11:19:07.006338100Z,READ,396
2025-07-24T11:19:08.007447500Z,READ,396
2025-07-24T11:19:09.001958400Z,READ,396
2025-07-24T11:19:10.004513600Z,READ,396
2025-07-24T11:19:10.510197300Z,WRITE,397
2025-07-24T11:19:10.511972800Z,READ,397
2025-07-24T11:19:11.009974200Z,READ,397
2025-07-24T11:19:12.008976900Z,READ,397
2025-07-24T11:19:13.004623300Z,READ,397
2025-07-24T11:19:14.003223200Z,READ,397
2025-07-24T11:19:15.002210100Z,READ,397
2025-07-24T11:19:15.515210900Z,WRITE,398
2025-07-24T11:19:15.517211300Z,READ,398
2025-07-24T11:19:16.003834600Z,READ,398
2025-07-24T11:19:17.004344500Z,READ,398
2025-07-24T11:19:18.007647500Z,READ,398
2025-07-24T11:19:19.002044200Z,READ,398
2025-07-24T11:19:20.008414300Z,READ,398
2025-07-24T11:19:20.511469900Z,WRITE,399
2025-07-24T11:19:20.511469900Z,READ,399
2025-07-24T11:19:21.002530900Z,READ,399
2025-07-24T11:19:22.003797200Z,READ,399
2025-07-24T11:19:23.006859600Z,READ,399
2025-07-24T11:19:24.008608100Z,READ,399
2025-07-24T11:19:25.004564400Z,READ,399
2025-07-24T11:19:25.516111700Z,WRITE,400
2025-07-24T11:19:25.517055600Z,READ,400
2025-07-24T11:19:26.002840900Z,READ,400
2025-07-24T11:19:27.006461300Z,READ,400
2025-07-24T11:19:28.009214300Z,READ,400
2025-07-24T11:19:29.005520700Z,READ,400
