#ies_format_version: 1.0
#file: 20250724_4000.dat
#file_info: generated by AsciiLoger of OpenMUC
#timezone: + 5
#timestep_sec: 4.0
#col_no;	col_name;	confidential;	measured;	unit;	category;	comment
#001;	YYYYMMDD;	FALSE;	FALSE;	0;	time;	INTEGER,8. Date [human readable]
#002;	hhmmss;	FALSE;	FALSE;	0;	time;	SHORT,6. Time [human readable]
#003;	unixtimestamp;	FALSE;	FALSE;	s;	time;	DOUBLE,14. lapsed seconds from 01-01-1970
#004;	register1;	FALSE;	TRUE;	0;	other;	INTEGER,12. -
YYYYMMDD;	hhmmss;	unixtimestamp;	register1
20250724;	104852;	1753334332.000;	           0
20250724;	104856;	1753334336.000;	         102
20250724;	104900;	1753334340.000;	         103
20250724;	104904;	1753334344.000;	         104
20250724;	104908;	1753334348.000;	         104
20250724;	104912;	1753334352.000;	         105
20250724;	104916;	1753334356.000;	         106
20250724;	104920;	1753334360.000;	         107
20250724;	104924;	1753334364.000;	         108
20250724;	104928;	1753334368.000;	         108
20250724;	104932;	1753334372.000;	         109
20250724;	104936;	1753334376.000;	         110
20250724;	104940;	1753334380.000;	         111
20250724;	104944;	1753334384.000;	         112
20250724;	104948;	1753334388.000;	         112
20250724;	104952;	1753334392.000;	         113
20250724;	104956;	1753334396.000;	         114
20250724;	105000;	1753334400.000;	         115
20250724;	105004;	1753334404.000;	         116
20250724;	105008;	1753334408.000;	         116
20250724;	105012;	1753334412.000;	         117
20250724;	105016;	1753334416.000;	         118
20250724;	105020;	1753334420.000;	         119
20250724;	105024;	1753334424.000;	         120
20250724;	105028;	1753334428.000;	         120
20250724;	105032;	1753334432.000;	         121
20250724;	105036;	1753334436.000;	         122
20250724;	105040;	1753334440.000;	         123
20250724;	105044;	1753334444.000;	         124
20250724;	105048;	1753334448.000;	         124
20250724;	105052;	1753334452.000;	         125
20250724;	105056;	1753334456.000;	         126
20250724;	105100;	1753334460.000;	         127
20250724;	105104;	1753334464.000;	         128
20250724;	105108;	1753334468.000;	         128
20250724;	105112;	1753334472.000;	         129
20250724;	105116;	1753334476.000;	         130
20250724;	105120;	1753334480.000;	         131
20250724;	105124;	1753334484.000;	         132
20250724;	105128;	1753334488.000;	         132
20250724;	105132;	1753334492.000;	         133
20250724;	105136;	1753334496.000;	         134
20250724;	105140;	1753334500.000;	         135
20250724;	105144;	1753334504.000;	         136
20250724;	105148;	1753334508.000;	         136
20250724;	105152;	1753334512.000;	         137
20250724;	105156;	1753334516.000;	         138
20250724;	105200;	1753334520.000;	         139
20250724;	105204;	1753334524.000;	         140
20250724;	105208;	1753334528.000;	         140
20250724;	105212;	1753334532.000;	         141
20250724;	105216;	1753334536.000;	         142
20250724;	105220;	1753334540.000;	         143
20250724;	105224;	1753334544.000;	         144
20250724;	105228;	1753334548.000;	         144
20250724;	105232;	1753334552.000;	         145
20250724;	105236;	1753334556.000;	         146
20250724;	105240;	1753334560.000;	         147
20250724;	105244;	1753334564.000;	         148
20250724;	105248;	1753334568.000;	         148
20250724;	105252;	1753334572.000;	         149
20250724;	105256;	1753334576.000;	         150
20250724;	105300;	1753334580.000;	         151
20250724;	105304;	1753334584.000;	         152
20250724;	105308;	1753334588.000;	         152
20250724;	105312;	1753334592.000;	         153
20250724;	105316;	1753334596.000;	         154
20250724;	105320;	1753334600.000;	         155
20250724;	105324;	1753334604.000;	         156
20250724;	105328;	1753334608.000;	         156
20250724;	105332;	1753334612.000;	         157
20250724;	105336;	1753334616.000;	         158
20250724;	105340;	1753334620.000;	         159
20250724;	105344;	1753334624.000;	         160
20250724;	105348;	1753334628.000;	         160
20250724;	105352;	1753334632.000;	         161
20250724;	105356;	1753334636.000;	         162
20250724;	105400;	1753334640.000;	         163
20250724;	105404;	1753334644.000;	         164
20250724;	105408;	1753334648.000;	         164
20250724;	105412;	1753334652.000;	         165
20250724;	105416;	1753334656.000;	         166
20250724;	105420;	1753334660.000;	         167
20250724;	105424;	1753334664.000;	         168
20250724;	105428;	1753334668.000;	         168
20250724;	105432;	1753334672.000;	         169
20250724;	105436;	1753334676.000;	         170
20250724;	105440;	1753334680.000;	         171
20250724;	105444;	1753334684.000;	         172
20250724;	105448;	1753334688.000;	         172
20250724;	105452;	1753334692.000;	         173
20250724;	105456;	1753334696.000;	         174
20250724;	105500;	1753334700.000;	         175
20250724;	105504;	1753334704.000;	         176
20250724;	105508;	1753334708.000;	         176
20250724;	105512;	1753334712.000;	         177
20250724;	105516;	1753334716.000;	         178
20250724;	105520;	1753334720.000;	         179
20250724;	105524;	1753334724.000;	         180
20250724;	105528;	1753334728.000;	         180
20250724;	105532;	1753334732.000;	         181
20250724;	105536;	1753334736.000;	         182
20250724;	105540;	1753334740.000;	         183
20250724;	105544;	1753334744.000;	         184
20250724;	105548;	1753334748.000;	         184
20250724;	105552;	1753334752.000;	         185
20250724;	105556;	1753334756.000;	         186
20250724;	105600;	1753334760.000;	         187
20250724;	105604;	1753334764.000;	         188
20250724;	105608;	1753334768.000;	         188
20250724;	105612;	1753334772.000;	         189
20250724;	105616;	1753334776.000;	         190
20250724;	105620;	1753334780.000;	         191
20250724;	105624;	1753334784.000;	         192
20250724;	105628;	1753334788.000;	         192
20250724;	105632;	1753334792.000;	         193
20250724;	105636;	1753334796.000;	         194
20250724;	105640;	1753334800.000;	         195
20250724;	105644;	1753334804.000;	         196
20250724;	105648;	1753334808.000;	         196
20250724;	105652;	1753334812.000;	         197
20250724;	105656;	1753334816.000;	         198
20250724;	105700;	1753334820.000;	         199
20250724;	105704;	1753334824.000;	         200
20250724;	105708;	1753334828.000;	         200
20250724;	105712;	1753334832.000;	         201
20250724;	105716;	1753334836.000;	         202
20250724;	105720;	1753334840.000;	         203
20250724;	105724;	1753334844.000;	         204
20250724;	105728;	1753334848.000;	         204
20250724;	105732;	1753334852.000;	         205
20250724;	105736;	1753334856.000;	         206
20250724;	105740;	1753334860.000;	         207
20250724;	105744;	1753334864.000;	         208
20250724;	105748;	1753334868.000;	         208
20250724;	105752;	1753334872.000;	         209
20250724;	105756;	1753334876.000;	         210
20250724;	105800;	1753334880.000;	         211
20250724;	105804;	1753334884.000;	         212
20250724;	105808;	1753334888.000;	         212
20250724;	105812;	1753334892.000;	         213
20250724;	105816;	1753334896.000;	         214
20250724;	105820;	1753334900.000;	         215
20250724;	105824;	1753334904.000;	         216
20250724;	105828;	1753334908.000;	         216
20250724;	105832;	1753334912.000;	         217
20250724;	105836;	1753334916.000;	         218
20250724;	105840;	1753334920.000;	         219
20250724;	105844;	1753334924.000;	         220
20250724;	105848;	1753334928.000;	         220
20250724;	105852;	1753334932.000;	         221
20250724;	105856;	1753334936.000;	         222
20250724;	105900;	1753334940.000;	         223
20250724;	105904;	1753334944.000;	         224
20250724;	105908;	1753334948.000;	         224
20250724;	105912;	1753334952.000;	         225
20250724;	105916;	1753334956.000;	         226
20250724;	105920;	1753334960.000;	         227
20250724;	105924;	1753334964.000;	         228
20250724;	105928;	1753334968.000;	         228
20250724;	105932;	1753334972.000;	         229
20250724;	105936;	1753334976.000;	         230
20250724;	105940;	1753334980.000;	         231
20250724;	105944;	1753334984.000;	         232
20250724;	105948;	1753334988.000;	         232
20250724;	105952;	1753334992.000;	         233
20250724;	105956;	1753334996.000;	         234
20250724;	110000;	1753335000.000;	         235
20250724;	110004;	1753335004.000;	         236
20250724;	110008;	1753335008.000;	         236
20250724;	110012;	1753335012.000;	         237
20250724;	110016;	1753335016.000;	         238
20250724;	110020;	1753335020.000;	         239
20250724;	110024;	1753335024.000;	         240
20250724;	110028;	1753335028.000;	         240
20250724;	110032;	1753335032.000;	         241
20250724;	110036;	1753335036.000;	         242
20250724;	110040;	1753335040.000;	         243
20250724;	110044;	1753335044.000;	         244
20250724;	110048;	1753335048.000;	         244
20250724;	110052;	1753335052.000;	         245
20250724;	110056;	1753335056.000;	         246
20250724;	110100;	1753335060.000;	         247
20250724;	110104;	1753335064.000;	         248
20250724;	110108;	1753335068.000;	         248
20250724;	110112;	1753335072.000;	         249
20250724;	110116;	1753335076.000;	         250
20250724;	110120;	1753335080.000;	         251
20250724;	110124;	1753335084.000;	         252
20250724;	110128;	1753335088.000;	         252
20250724;	110132;	1753335092.000;	         253
20250724;	110136;	1753335096.000;	         254
20250724;	110140;	1753335100.000;	         255
20250724;	110144;	1753335104.000;	         256
20250724;	110148;	1753335108.000;	         256
20250724;	110152;	1753335112.000;	         257
20250724;	110156;	1753335116.000;	         258
20250724;	110200;	1753335120.000;	         259
20250724;	110204;	1753335124.000;	         260
20250724;	110208;	1753335128.000;	         260
20250724;	110212;	1753335132.000;	         261
20250724;	110216;	1753335136.000;	         262
20250724;	110220;	1753335140.000;	         263
20250724;	110224;	1753335144.000;	         264
20250724;	110228;	1753335148.000;	         264
20250724;	110232;	1753335152.000;	         265
20250724;	110236;	1753335156.000;	         266
20250724;	110240;	1753335160.000;	         267
20250724;	110244;	1753335164.000;	         268
20250724;	110248;	1753335168.000;	         268
20250724;	110252;	1753335172.000;	         269
20250724;	110256;	1753335176.000;	         270
20250724;	110300;	1753335180.000;	         271
20250724;	110304;	1753335184.000;	         272
20250724;	110308;	1753335188.000;	         272
20250724;	110312;	1753335192.000;	         273
20250724;	110316;	1753335196.000;	         274
20250724;	110320;	1753335200.000;	         275
20250724;	110324;	1753335204.000;	         276
20250724;	110328;	1753335208.000;	         276
20250724;	110332;	1753335212.000;	         277
20250724;	110336;	1753335216.000;	         278
20250724;	110340;	1753335220.000;	         279
20250724;	110344;	1753335224.000;	         280
20250724;	110348;	1753335228.000;	         280
20250724;	110352;	1753335232.000;	         281
20250724;	110356;	1753335236.000;	         282
20250724;	110400;	1753335240.000;	         283
20250724;	110404;	1753335244.000;	         284
20250724;	110408;	1753335248.000;	         284
20250724;	110412;	1753335252.000;	         285
20250724;	110416;	1753335256.000;	         286
20250724;	110420;	1753335260.000;	         287
20250724;	110424;	1753335264.000;	         288
20250724;	110428;	1753335268.000;	         288
20250724;	110432;	1753335272.000;	         289
20250724;	110436;	1753335276.000;	         290
20250724;	110440;	1753335280.000;	         291
20250724;	110444;	1753335284.000;	         292
20250724;	110448;	1753335288.000;	         292
20250724;	110452;	1753335292.000;	         293
20250724;	110456;	1753335296.000;	         294
20250724;	110500;	1753335300.000;	         295
20250724;	110504;	1753335304.000;	         296
20250724;	110508;	1753335308.000;	         296
20250724;	110512;	1753335312.000;	         297
20250724;	110516;	1753335316.000;	         298
20250724;	110520;	1753335320.000;	         299
20250724;	110524;	1753335324.000;	         300
20250724;	110528;	1753335328.000;	         300
20250724;	110532;	1753335332.000;	         301
20250724;	110536;	1753335336.000;	         302
20250724;	110540;	1753335340.000;	         303
20250724;	110544;	1753335344.000;	         304
20250724;	110548;	1753335348.000;	         304
20250724;	110552;	1753335352.000;	         305
20250724;	110556;	1753335356.000;	         306
20250724;	110600;	1753335360.000;	         307
20250724;	110604;	1753335364.000;	         308
20250724;	110608;	1753335368.000;	         308
20250724;	110612;	1753335372.000;	         309
20250724;	110616;	1753335376.000;	         310
20250724;	110620;	1753335380.000;	         311
20250724;	110624;	1753335384.000;	         312
20250724;	110628;	1753335388.000;	         312
20250724;	110632;	1753335392.000;	         313
20250724;	110636;	1753335396.000;	         314
20250724;	110640;	1753335400.000;	         315
20250724;	110644;	1753335404.000;	         316
20250724;	110648;	1753335408.000;	         316
20250724;	110652;	1753335412.000;	         317
20250724;	110656;	1753335416.000;	         318
20250724;	110700;	1753335420.000;	         319
20250724;	110704;	1753335424.000;	         320
20250724;	110708;	1753335428.000;	         320
20250724;	110712;	1753335432.000;	         321
20250724;	110716;	1753335436.000;	         322
20250724;	110720;	1753335440.000;	         323
20250724;	110724;	1753335444.000;	         324
20250724;	110728;	1753335448.000;	         324
20250724;	110732;	1753335452.000;	         325
20250724;	110736;	1753335456.000;	         326
20250724;	110740;	1753335460.000;	         327
20250724;	110744;	1753335464.000;	         328
20250724;	110748;	1753335468.000;	         328
20250724;	110752;	1753335472.000;	         329
20250724;	110756;	1753335476.000;	         330
20250724;	110800;	1753335480.000;	         331
20250724;	110804;	1753335484.000;	         332
20250724;	110808;	1753335488.000;	         332
20250724;	110812;	1753335492.000;	         333
20250724;	110816;	1753335496.000;	         334
20250724;	110820;	1753335500.000;	         335
20250724;	110824;	1753335504.000;	         336
20250724;	110828;	1753335508.000;	         336
20250724;	110832;	1753335512.000;	         337
20250724;	110836;	1753335516.000;	         338
20250724;	110840;	1753335520.000;	         339
20250724;	110844;	1753335524.000;	         340
20250724;	110848;	1753335528.000;	         340
20250724;	110852;	1753335532.000;	         341
20250724;	110856;	1753335536.000;	         342
20250724;	110900;	1753335540.000;	         343
20250724;	110904;	1753335544.000;	         344
20250724;	110908;	1753335548.000;	         344
20250724;	110912;	1753335552.000;	         345
20250724;	110916;	1753335556.000;	         346
20250724;	110920;	1753335560.000;	         347
20250724;	110924;	1753335564.000;	         348
20250724;	110928;	1753335568.000;	         348
20250724;	110932;	1753335572.000;	         349
20250724;	110936;	1753335576.000;	         350
20250724;	110940;	1753335580.000;	         351
20250724;	110944;	1753335584.000;	         352
20250724;	110948;	1753335588.000;	         352
20250724;	110952;	1753335592.000;	         353
20250724;	110956;	1753335596.000;	         354
20250724;	111000;	1753335600.000;	         355
20250724;	111004;	1753335604.000;	         356
20250724;	111008;	1753335608.000;	         356
20250724;	111012;	1753335612.000;	         357
20250724;	111016;	1753335616.000;	         358
20250724;	111020;	1753335620.000;	         359
20250724;	111024;	1753335624.000;	         360
20250724;	111028;	1753335628.000;	         360
20250724;	111032;	1753335632.000;	         361
20250724;	111036;	1753335636.000;	         362
20250724;	111040;	1753335640.000;	         363
20250724;	111044;	1753335644.000;	         364
20250724;	111048;	1753335648.000;	         364
20250724;	111052;	1753335652.000;	         365
20250724;	111056;	1753335656.000;	         366
20250724;	111100;	1753335660.000;	         367
20250724;	111104;	1753335664.000;	         368
20250724;	111108;	1753335668.000;	         368
20250724;	111112;	1753335672.000;	         369
20250724;	111116;	1753335676.000;	         370
20250724;	111120;	1753335680.000;	         371
20250724;	111124;	1753335684.000;	         372
20250724;	111128;	1753335688.000;	         372
20250724;	111132;	1753335692.000;	         373
20250724;	111136;	1753335696.000;	         374
20250724;	111140;	1753335700.000;	         375
20250724;	111144;	1753335704.000;	         376
20250724;	111148;	1753335708.000;	         376
20250724;	111152;	1753335712.000;	         377
20250724;	111156;	1753335716.000;	         378
20250724;	111200;	1753335720.000;	         379
20250724;	111204;	1753335724.000;	         380
20250724;	111208;	1753335728.000;	         380
20250724;	111212;	1753335732.000;	         381
20250724;	111216;	1753335736.000;	         382
20250724;	111220;	1753335740.000;	         383
20250724;	111224;	1753335744.000;	         384
20250724;	111228;	1753335748.000;	         384
20250724;	111232;	1753335752.000;	         385
20250724;	111236;	1753335756.000;	         386
20250724;	111240;	1753335760.000;	         387
20250724;	111244;	1753335764.000;	         388
20250724;	111248;	1753335768.000;	         388
20250724;	111252;	1753335772.000;	         389
20250724;	111256;	1753335776.000;	         390
20250724;	111300;	1753335780.000;	         391
20250724;	111304;	1753335784.000;	         392
20250724;	111308;	1753335788.000;	         392
20250724;	111312;	1753335792.000;	         393
20250724;	111316;	1753335796.000;	         394
20250724;	111320;	1753335800.000;	         395
20250724;	111324;	1753335804.000;	         396
20250724;	111328;	1753335808.000;	         396
20250724;	111332;	1753335812.000;	         397
20250724;	111336;	1753335816.000;	         398
20250724;	111340;	1753335820.000;	         399
20250724;	111344;	1753335824.000;	         400
20250724;	111348;	1753335828.000;	         400
20250724;	111352;	1753335832.000;	         401
20250724;	111356;	1753335836.000;	        err9
20250724;	111400;	1753335840.000;	       err17
20250724;	111404;	1753335844.000;	       err17
20250724;	111408;	1753335848.000;	       err17
20250724;	111412;	1753335852.000;	       err17
20250724;	111416;	1753335856.000;	       err17
20250724;	111420;	1753335860.000;	       err17
20250724;	111424;	1753335864.000;	       err17
20250724;	111428;	1753335868.000;	       err17
20250724;	111432;	1753335872.000;	       err17
20250724;	111436;	1753335876.000;	       err32
20250724;	111440;	1753335880.000;	       err32
20250724;	111444;	1753335884.000;	       err32
20250724;	111448;	1753335888.000;	       err32
20250724;	111452;	1753335892.000;	       err32
20250724;	111456;	1753335896.000;	       err32
20250724;	111500;	1753335900.000;	       err32
20250724;	111504;	1753335904.000;	       err32
20250724;	111508;	1753335908.000;	       err32
20250724;	111512;	1753335912.000;	       err32
20250724;	111516;	1753335916.000;	       err32
20250724;	111520;	1753335920.000;	       err32
20250724;	111524;	1753335924.000;	       err32
20250724;	111528;	1753335928.000;	       err32
20250724;	111532;	1753335932.000;	       err32
20250724;	111536;	1753335936.000;	       err32
20250724;	111540;	1753335940.000;	       err32
20250724;	111544;	1753335944.000;	       err32
20250724;	111548;	1753335948.000;	       err32
20250724;	111552;	1753335952.000;	       err32
20250724;	111556;	1753335956.000;	       err32
20250724;	111600;	1753335960.000;	       err32
20250724;	111604;	1753335964.000;	       err32
20250724;	111608;	1753335968.000;	       err32
20250724;	111612;	1753335972.000;	       err32
20250724;	111616;	1753335976.000;	       err32
20250724;	111620;	1753335980.000;	       err32
20250724;	111624;	1753335984.000;	       err32
20250724;	111628;	1753335988.000;	       err32
20250724;	111632;	1753335992.000;	       err32
20250724;	111636;	1753335996.000;	       err32
20250724;	111640;	1753336000.000;	       err32
20250724;	111644;	1753336004.000;	       err32
20250724;	111648;	1753336008.000;	       err32
20250724;	111652;	1753336012.000;	       err32
20250724;	111656;	1753336016.000;	       err32
20250724;	111700;	1753336020.000;	       err32
20250724;	111704;	1753336024.000;	       err32
20250724;	111708;	1753336028.000;	       err32
20250724;	111712;	1753336032.000;	       err32
20250724;	111716;	1753336036.000;	       err32
20250724;	111720;	1753336040.000;	       err32
20250724;	111724;	1753336044.000;	       err32
20250724;	111728;	1753336048.000;	       err32
20250724;	111732;	1753336052.000;	       err32
20250724;	111736;	1753336056.000;	       err32
20250724;	111740;	1753336060.000;	       err32
20250724;	111744;	1753336064.000;	       err32
20250724;	111748;	1753336068.000;	       err32
20250724;	111752;	1753336072.000;	       err32
20250724;	111756;	1753336076.000;	       err32
20250724;	111800;	1753336080.000;	       err32
20250724;	111804;	1753336084.000;	       err32
20250724;	111808;	1753336088.000;	       err32
20250724;	111812;	1753336092.000;	       err32
20250724;	111816;	1753336096.000;	       err32
20250724;	111820;	1753336100.000;	       err32
20250724;	111824;	1753336104.000;	       err32
20250724;	111828;	1753336108.000;	       err32
20250724;	111832;	1753336112.000;	       err32
20250724;	111836;	1753336116.000;	       err32
20250724;	111840;	1753336120.000;	       err32
20250724;	111844;	1753336124.000;	       err32
20250724;	111848;	1753336128.000;	       err32
20250724;	111852;	1753336132.000;	       err32
20250724;	111856;	1753336136.000;	       err32
20250724;	111900;	1753336140.000;	       err32
20250724;	111904;	1753336144.000;	       err32
20250724;	111908;	1753336148.000;	       err32
20250724;	111912;	1753336152.000;	       err32
20250724;	111916;	1753336156.000;	       err32
20250724;	111920;	1753336160.000;	       err32
20250724;	111924;	1753336164.000;	       err32
20250724;	111928;	1753336168.000;	       err32
20250724;	111932;	1753336172.000;	       err32
20250724;	111936;	1753336176.000;	       err32
20250724;	111940;	1753336180.000;	       err32
20250724;	111944;	1753336184.000;	       err32
20250724;	111948;	1753336188.000;	       err32
20250724;	111952;	1753336192.000;	       err32
20250724;	111956;	1753336196.000;	       err32
20250724;	112000;	1753336200.000;	       err32
20250724;	112004;	1753336204.000;	       err32
20250724;	112008;	1753336208.000;	       err32
20250724;	112012;	1753336212.000;	       err32
20250724;	112016;	1753336216.000;	       err32
20250724;	112020;	1753336220.000;	       err32
20250724;	112024;	1753336224.000;	       err32
20250724;	112028;	1753336228.000;	       err32
20250724;	112032;	1753336232.000;	       err32
20250724;	112036;	1753336236.000;	       err32
20250724;	112040;	1753336240.000;	       err32
20250724;	112044;	1753336244.000;	       err32
20250724;	112048;	1753336248.000;	       err32
20250724;	112052;	1753336252.000;	       err32
20250724;	112056;	1753336256.000;	       err32
20250724;	112100;	1753336260.000;	       err32
20250724;	112104;	1753336264.000;	       err32
20250724;	112108;	1753336268.000;	       err32
20250724;	112112;	1753336272.000;	       err32
20250724;	112116;	1753336276.000;	       err32
20250724;	112120;	1753336280.000;	       err32
20250724;	112124;	1753336284.000;	       err32
20250724;	112128;	1753336288.000;	       err32
20250724;	112132;	1753336292.000;	       err32
20250724;	112136;	1753336296.000;	       err32
20250724;	112140;	1753336300.000;	       err32
20250724;	112144;	1753336304.000;	       err32
20250724;	112148;	1753336308.000;	       err32
20250724;	112152;	1753336312.000;	       err32
20250724;	112156;	1753336316.000;	       err32
20250724;	112200;	1753336320.000;	       err32
20250724;	112204;	1753336324.000;	       err32
20250724;	112208;	1753336328.000;	       err32
20250724;	112212;	1753336332.000;	       err32
20250724;	112216;	1753336336.000;	       err32
20250724;	112220;	1753336340.000;	       err32
20250724;	112224;	1753336344.000;	       err32
20250724;	112228;	1753336348.000;	       err32
20250724;	112232;	1753336352.000;	       err32
20250724;	112236;	1753336356.000;	       err32
20250724;	112240;	1753336360.000;	       err32
20250724;	112244;	1753336364.000;	       err32
20250724;	112248;	1753336368.000;	       err32
20250724;	112252;	1753336372.000;	       err32
20250724;	112256;	1753336376.000;	       err32
20250724;	112300;	1753336380.000;	       err32
20250724;	112304;	1753336384.000;	       err32
20250724;	112308;	1753336388.000;	       err32
20250724;	112312;	1753336392.000;	       err32
20250724;	112316;	1753336396.000;	       err32
20250724;	112320;	1753336400.000;	       err32
20250724;	112324;	1753336404.000;	       err32
20250724;	112328;	1753336408.000;	       err32
20250724;	112332;	1753336412.000;	       err32
20250724;	112336;	1753336416.000;	       err32
20250724;	112340;	1753336420.000;	       err32
20250724;	112344;	1753336424.000;	       err32
20250724;	112348;	1753336428.000;	       err32
20250724;	112352;	1753336432.000;	       err32
20250724;	112356;	1753336436.000;	       err32
20250724;	112400;	1753336440.000;	       err32
20250724;	112404;	1753336444.000;	       err32
20250724;	112408;	1753336448.000;	       err32
20250724;	112412;	1753336452.000;	       err32
20250724;	112416;	1753336456.000;	       err32
20250724;	112420;	1753336460.000;	       err32
20250724;	112424;	1753336464.000;	       err32
20250724;	112428;	1753336468.000;	       err32
20250724;	112432;	1753336472.000;	       err32
20250724;	112436;	1753336476.000;	       err32
20250724;	112440;	1753336480.000;	       err32
20250724;	112444;	1753336484.000;	       err32
20250724;	112448;	1753336488.000;	       err32
20250724;	112452;	1753336492.000;	       err32
20250724;	112456;	1753336496.000;	       err32
20250724;	112500;	1753336500.000;	       err32
20250724;	112504;	1753336504.000;	       err32
20250724;	112508;	1753336508.000;	       err32
20250724;	112512;	1753336512.000;	       err32
20250724;	112516;	1753336516.000;	       err32
20250724;	112520;	1753336520.000;	       err32
20250724;	112524;	1753336524.000;	       err32
20250724;	112528;	1753336528.000;	       err32
20250724;	112532;	1753336532.000;	       err32
20250724;	112536;	1753336536.000;	       err32
20250724;	112540;	1753336540.000;	       err32
20250724;	112544;	1753336544.000;	       err32
20250724;	112548;	1753336548.000;	       err32
20250724;	112552;	1753336552.000;	       err32
20250724;	112556;	1753336556.000;	       err32
20250724;	112600;	1753336560.000;	       err32
20250724;	112604;	1753336564.000;	       err32
20250724;	112608;	1753336568.000;	       err32
20250724;	112612;	1753336572.000;	       err32
20250724;	112616;	1753336576.000;	       err32
20250724;	112620;	1753336580.000;	       err32
20250724;	112624;	1753336584.000;	       err32
20250724;	112628;	1753336588.000;	       err32
20250724;	112632;	1753336592.000;	       err32
20250724;	112636;	1753336596.000;	       err32
20250724;	112640;	1753336600.000;	       err32
20250724;	112644;	1753336604.000;	       err32
20250724;	112648;	1753336608.000;	       err32
20250724;	112652;	1753336612.000;	       err32
20250724;	112656;	1753336616.000;	       err32
20250724;	112700;	1753336620.000;	       err32
20250724;	112704;	1753336624.000;	       err32
20250724;	112708;	1753336628.000;	       err32
20250724;	112712;	1753336632.000;	       err32
20250724;	112716;	1753336636.000;	       err32
20250724;	112720;	1753336640.000;	       err32
20250724;	112724;	1753336644.000;	       err32
20250724;	112728;	1753336648.000;	       err32
20250724;	112732;	1753336652.000;	       err32
20250724;	112736;	1753336656.000;	       err32
20250724;	112740;	1753336660.000;	       err32
20250724;	112744;	1753336664.000;	       err32
20250724;	112748;	1753336668.000;	       err32
20250724;	112752;	1753336672.000;	       err32
20250724;	112756;	1753336676.000;	       err32
20250724;	112800;	1753336680.000;	       err32
20250724;	112804;	1753336684.000;	       err32
20250724;	112808;	1753336688.000;	       err32
20250724;	112812;	1753336692.000;	       err32
20250724;	112816;	1753336696.000;	       err32
20250724;	112820;	1753336700.000;	       err32
20250724;	112824;	1753336704.000;	       err32
20250724;	112828;	1753336708.000;	       err32
20250724;	112832;	1753336712.000;	       err32
20250724;	112836;	1753336716.000;	       err32
20250724;	112840;	1753336720.000;	       err32
20250724;	112844;	1753336724.000;	       err32
20250724;	112848;	1753336728.000;	       err32
20250724;	112852;	1753336732.000;	       err32
20250724;	112856;	1753336736.000;	       err32
20250724;	112900;	1753336740.000;	       err32
20250724;	112904;	1753336744.000;	       err32
20250724;	112908;	1753336748.000;	       err32
20250724;	112912;	1753336752.000;	       err32
20250724;	112916;	1753336756.000;	       err32
20250724;	112920;	1753336760.000;	       err32
20250724;	112924;	1753336764.000;	       err32
20250724;	112928;	1753336768.000;	       err32
20250724;	112932;	1753336772.000;	       err32
20250724;	112936;	1753336776.000;	       err32
20250724;	112940;	1753336780.000;	       err32
20250724;	112944;	1753336784.000;	       err32
20250724;	112948;	1753336788.000;	       err32
20250724;	112952;	1753336792.000;	       err32
20250724;	112956;	1753336796.000;	       err32
20250724;	113000;	1753336800.000;	       err32
20250724;	113004;	1753336804.000;	       err32
20250724;	113008;	1753336808.000;	       err32
20250724;	113012;	1753336812.000;	       err32
20250724;	113016;	1753336816.000;	       err32
20250724;	113020;	1753336820.000;	       err32
20250724;	113024;	1753336824.000;	       err32
20250724;	113028;	1753336828.000;	       err32
20250724;	113032;	1753336832.000;	       err32
20250724;	113036;	1753336836.000;	       err32
20250724;	113040;	1753336840.000;	       err32
20250724;	113044;	1753336844.000;	       err32
20250724;	113048;	1753336848.000;	       err32
20250724;	113052;	1753336852.000;	       err32
20250724;	113056;	1753336856.000;	       err32
20250724;	113100;	1753336860.000;	       err32
20250724;	113104;	1753336864.000;	       err32
20250724;	113108;	1753336868.000;	       err32
20250724;	113112;	1753336872.000;	       err32
20250724;	113116;	1753336876.000;	       err32
20250724;	113120;	1753336880.000;	       err32
20250724;	113124;	1753336884.000;	       err32
20250724;	113128;	1753336888.000;	       err32
20250724;	113132;	1753336892.000;	       err32
20250724;	113136;	1753336896.000;	       err32
20250724;	113140;	1753336900.000;	       err32
20250724;	113144;	1753336904.000;	       err32
20250724;	113148;	1753336908.000;	       err32
20250724;	113152;	1753336912.000;	       err32
20250724;	113156;	1753336916.000;	       err32
20250724;	113200;	1753336920.000;	       err32
20250724;	113204;	1753336924.000;	       err32
20250724;	113208;	1753336928.000;	       err32
20250724;	113212;	1753336932.000;	       err32
20250724;	113216;	1753336936.000;	       err32
20250724;	113220;	1753336940.000;	       err32
20250724;	113224;	1753336944.000;	       err32
20250724;	113228;	1753336948.000;	       err32
20250724;	113232;	1753336952.000;	       err32
20250724;	113236;	1753336956.000;	       err32
20250724;	113240;	1753336960.000;	       err32
20250724;	113244;	1753336964.000;	       err32
20250724;	113248;	1753336968.000;	       err32
20250724;	113252;	1753336972.000;	       err32
20250724;	113256;	1753336976.000;	       err32
20250724;	113300;	1753336980.000;	       err32
20250724;	113304;	1753336984.000;	       err32
20250724;	113308;	1753336988.000;	       err32
20250724;	113312;	1753336992.000;	       err32
20250724;	113316;	1753336996.000;	       err32
20250724;	113320;	1753337000.000;	       err32
20250724;	113324;	1753337004.000;	       err32
20250724;	113328;	1753337008.000;	       err32
20250724;	113332;	1753337012.000;	       err32
20250724;	113336;	1753337016.000;	       err32
20250724;	113340;	1753337020.000;	       err32
20250724;	113344;	1753337024.000;	       err32
20250724;	113348;	1753337028.000;	       err32
20250724;	113352;	1753337032.000;	       err32
20250724;	113356;	1753337036.000;	       err32
20250724;	113400;	1753337040.000;	       err32
20250724;	113404;	1753337044.000;	       err32
20250724;	113408;	1753337048.000;	       err32
20250724;	113412;	1753337052.000;	       err32
20250724;	113416;	1753337056.000;	       err32
20250724;	113420;	1753337060.000;	       err32
20250724;	113424;	1753337064.000;	       err32
20250724;	113428;	1753337068.000;	       err32
20250724;	113432;	1753337072.000;	       err32
20250724;	113436;	1753337076.000;	       err32
20250724;	113440;	1753337080.000;	       err32
20250724;	113444;	1753337084.000;	       err32
20250724;	113448;	1753337088.000;	       err32
20250724;	113452;	1753337092.000;	       err32
20250724;	113456;	1753337096.000;	       err32
20250724;	113500;	1753337100.000;	       err32
20250724;	113504;	1753337104.000;	       err32
20250724;	113508;	1753337108.000;	       err32
20250724;	113512;	1753337112.000;	       err32
20250724;	113516;	1753337116.000;	       err32
20250724;	113520;	1753337120.000;	       err32
20250724;	113524;	1753337124.000;	       err32
20250724;	113528;	1753337128.000;	       err32
20250724;	113532;	1753337132.000;	       err32
20250724;	113536;	1753337136.000;	       err32
20250724;	113540;	1753337140.000;	       err32
20250724;	113544;	1753337144.000;	       err32
20250724;	113548;	1753337148.000;	       err32
20250724;	113552;	1753337152.000;	       err32
20250724;	113556;	1753337156.000;	       err32
20250724;	113600;	1753337160.000;	       err32
20250724;	113604;	1753337164.000;	       err32
20250724;	113608;	1753337168.000;	       err32
20250724;	113612;	1753337172.000;	       err32
20250724;	113616;	1753337176.000;	       err32
20250724;	113620;	1753337180.000;	       err32
20250724;	113624;	1753337184.000;	       err32
20250724;	113628;	1753337188.000;	       err32
20250724;	113632;	1753337192.000;	       err32
20250724;	113636;	1753337196.000;	       err32
20250724;	113640;	1753337200.000;	       err32
20250724;	113644;	1753337204.000;	       err32
20250724;	113648;	1753337208.000;	       err32
20250724;	113652;	1753337212.000;	       err32
20250724;	113656;	1753337216.000;	       err32
20250724;	113700;	1753337220.000;	       err32
20250724;	113704;	1753337224.000;	       err32
20250724;	113708;	1753337228.000;	       err32
20250724;	113712;	1753337232.000;	       err32
20250724;	113716;	1753337236.000;	       err32
20250724;	113720;	1753337240.000;	       err32
20250724;	113724;	1753337244.000;	       err32
20250724;	113728;	1753337248.000;	       err32
20250724;	113732;	1753337252.000;	       err32
20250724;	113736;	1753337256.000;	       err32
20250724;	113740;	1753337260.000;	       err32
20250724;	113744;	1753337264.000;	       err32
20250724;	113748;	1753337268.000;	       err32
20250724;	113752;	1753337272.000;	       err32
20250724;	113756;	1753337276.000;	       err32
20250724;	113800;	1753337280.000;	       err32
20250724;	113804;	1753337284.000;	       err32
20250724;	113808;	1753337288.000;	       err32
20250724;	113812;	1753337292.000;	       err32
20250724;	113816;	1753337296.000;	       err32
20250724;	113820;	1753337300.000;	       err32
20250724;	113824;	1753337304.000;	       err32
20250724;	113828;	1753337308.000;	       err32
20250724;	113832;	1753337312.000;	       err32
20250724;	113836;	1753337316.000;	       err32
20250724;	113840;	1753337320.000;	       err32
20250724;	113844;	1753337324.000;	       err32
20250724;	113848;	1753337328.000;	       err32
20250724;	113852;	1753337332.000;	       err32
20250724;	113856;	1753337336.000;	       err32
20250724;	113900;	1753337340.000;	       err32
20250724;	113904;	1753337344.000;	       err32
20250724;	113908;	1753337348.000;	       err32
20250724;	113912;	1753337352.000;	       err32
20250724;	113916;	1753337356.000;	       err32
20250724;	113920;	1753337360.000;	       err32
20250724;	113924;	1753337364.000;	       err32
20250724;	113928;	1753337368.000;	       err32
20250724;	113932;	1753337372.000;	       err32
20250724;	113936;	1753337376.000;	       err32
20250724;	113940;	1753337380.000;	       err32
20250724;	113944;	1753337384.000;	       err32
20250724;	113948;	1753337388.000;	       err32
20250724;	113952;	1753337392.000;	       err32
20250724;	113956;	1753337396.000;	       err32
20250724;	114000;	1753337400.000;	       err32
20250724;	114004;	1753337404.000;	       err32
20250724;	114008;	1753337408.000;	       err32
20250724;	114012;	1753337412.000;	       err32
20250724;	114016;	1753337416.000;	       err32
20250724;	114020;	1753337420.000;	       err32
20250724;	114024;	1753337424.000;	           0
20250724;	114028;	1753337428.000;	         102
20250724;	114032;	1753337432.000;	         102
20250724;	114036;	1753337436.000;	         103
20250724;	114040;	1753337440.000;	         104
20250724;	114044;	1753337444.000;	         105
20250724;	114048;	1753337448.000;	         106
20250724;	114052;	1753337452.000;	         106
20250724;	114056;	1753337456.000;	         107
20250724;	114100;	1753337460.000;	         108
20250724;	114104;	1753337464.000;	         109
20250724;	114108;	1753337468.000;	         110
20250724;	114112;	1753337472.000;	         110
20250724;	114116;	1753337476.000;	         111
20250724;	114120;	1753337480.000;	         112
20250724;	114124;	1753337484.000;	         113
20250724;	114128;	1753337488.000;	         114
20250724;	114132;	1753337492.000;	         114
20250724;	114136;	1753337496.000;	         115
20250724;	114140;	1753337500.000;	         116
20250724;	114144;	1753337504.000;	         117
20250724;	114148;	1753337508.000;	         118
20250724;	114152;	1753337512.000;	         118
20250724;	114156;	1753337516.000;	         119
20250724;	114200;	1753337520.000;	         120
20250724;	114204;	1753337524.000;	         121
20250724;	114208;	1753337528.000;	         122
20250724;	114212;	1753337532.000;	         122
20250724;	114216;	1753337536.000;	         123
20250724;	114220;	1753337540.000;	         124
20250724;	114224;	1753337544.000;	         125
20250724;	114228;	1753337548.000;	         126
20250724;	114232;	1753337552.000;	         126
20250724;	114236;	1753337556.000;	         127
20250724;	114240;	1753337560.000;	         128
20250724;	114244;	1753337564.000;	         129
20250724;	114248;	1753337568.000;	         130
20250724;	114252;	1753337572.000;	         130
20250724;	114256;	1753337576.000;	         131
20250724;	114300;	1753337580.000;	         132
20250724;	114304;	1753337584.000;	         133
20250724;	114308;	1753337588.000;	         134
20250724;	114312;	1753337592.000;	         134
20250724;	114316;	1753337596.000;	         135
20250724;	114320;	1753337600.000;	         136
20250724;	114324;	1753337604.000;	         137
20250724;	114328;	1753337608.000;	         138
20250724;	114332;	1753337612.000;	         138
20250724;	114336;	1753337616.000;	         139
20250724;	114340;	1753337620.000;	         140
20250724;	114344;	1753337624.000;	         141
20250724;	114348;	1753337628.000;	         142
20250724;	114352;	1753337632.000;	         142
20250724;	114356;	1753337636.000;	         143
20250724;	114400;	1753337640.000;	         144
20250724;	114404;	1753337644.000;	         145
20250724;	114408;	1753337648.000;	         146
20250724;	114412;	1753337652.000;	         146
20250724;	114416;	1753337656.000;	         147
20250724;	114420;	1753337660.000;	         148
20250724;	114424;	1753337664.000;	         149
20250724;	114428;	1753337668.000;	         150
20250724;	114432;	1753337672.000;	         150
20250724;	114436;	1753337676.000;	         151
20250724;	114440;	1753337680.000;	         152
20250724;	114444;	1753337684.000;	         153
20250724;	114448;	1753337688.000;	         154
20250724;	114452;	1753337692.000;	         154
20250724;	114456;	1753337696.000;	       err17
20250724;	114500;	1753337700.000;	       err17
20250724;	114504;	1753337704.000;	       err17
20250724;	114508;	1753337708.000;	       err17
20250724;	114512;	1753337712.000;	       err17
20250724;	114516;	1753337716.000;	       err17
20250724;	114520;	1753337720.000;	       err17
20250724;	114524;	1753337724.000;	       err17
20250724;	114528;	1753337728.000;	       err17
20250724;	114532;	1753337732.000;	       err17
20250724;	114536;	1753337736.000;	       err17
20250724;	114540;	1753337740.000;	       err17
20250724;	114544;	1753337744.000;	       err17
20250724;	114548;	1753337748.000;	       err17
20250724;	114552;	1753337752.000;	       err17
20250724;	114556;	1753337756.000;	       err17
20250724;	114600;	1753337760.000;	       err17
20250724;	114604;	1753337764.000;	       err17
20250724;	114608;	1753337768.000;	       err17
20250724;	114612;	1753337772.000;	       err17
20250724;	114616;	1753337776.000;	       err17
20250724;	114620;	1753337780.000;	       err17
20250724;	114624;	1753337784.000;	       err17
20250724;	114628;	1753337788.000;	       err17
20250724;	114632;	1753337792.000;	       err32
20250724;	114636;	1753337796.000;	       err32
20250724;	114640;	1753337800.000;	       err32
20250724;	114644;	1753337804.000;	       err32
20250724;	114648;	1753337808.000;	       err32
20250724;	114652;	1753337812.000;	       err32
20250724;	114656;	1753337816.000;	       err32
20250724;	114700;	1753337820.000;	       err32
20250724;	114704;	1753337824.000;	       err32
20250724;	114708;	1753337828.000;	       err32
20250724;	114712;	1753337832.000;	       err32
20250724;	114716;	1753337836.000;	       err32
20250724;	114720;	1753337840.000;	       err32
20250724;	114724;	1753337844.000;	       err32
20250724;	114728;	1753337848.000;	       err32
20250724;	114732;	1753337852.000;	       err32
20250724;	114736;	1753337856.000;	       err32
20250724;	114740;	1753337860.000;	       err32
20250724;	114744;	1753337864.000;	       err32
20250724;	114748;	1753337868.000;	       err32
20250724;	114752;	1753337872.000;	       err32
20250724;	114756;	1753337876.000;	       err32
20250724;	114800;	1753337880.000;	       err32
20250724;	114804;	1753337884.000;	       err32
20250724;	114808;	1753337888.000;	       err32
20250724;	114812;	1753337892.000;	       err32
20250724;	114816;	1753337896.000;	       err32
20250724;	114820;	1753337900.000;	       err32
20250724;	114824;	1753337904.000;	       err32
20250724;	114828;	1753337908.000;	       err32
20250724;	114832;	1753337912.000;	       err32
20250724;	114836;	1753337916.000;	       err32
20250724;	114840;	1753337920.000;	       err32
20250724;	114844;	1753337924.000;	       err32
20250724;	114848;	1753337928.000;	       err32
20250724;	114852;	1753337932.000;	       err32
20250724;	114856;	1753337936.000;	       err32
20250724;	114900;	1753337940.000;	       err32
20250724;	114904;	1753337944.000;	       err32
20250724;	114908;	1753337948.000;	       err32
20250724;	114912;	1753337952.000;	       err32
20250724;	114916;	1753337956.000;	       err32
20250724;	114920;	1753337960.000;	       err32
20250724;	114924;	1753337964.000;	       err32
20250724;	114928;	1753337968.000;	       err32
20250724;	114932;	1753337972.000;	       err32
20250724;	114936;	1753337976.000;	       err32
20250724;	114940;	1753337980.000;	       err32
20250724;	114944;	1753337984.000;	       err32
20250724;	114948;	1753337988.000;	       err32
20250724;	114952;	1753337992.000;	       err32
20250724;	114956;	1753337996.000;	       err32
20250724;	115000;	1753338000.000;	       err32
20250724;	115004;	1753338004.000;	       err32
20250724;	115008;	1753338008.000;	       err32
20250724;	115012;	1753338012.000;	       err32
20250724;	115016;	1753338016.000;	       err32
20250724;	115020;	1753338020.000;	       err32
20250724;	115024;	1753338024.000;	       err32
20250724;	115028;	1753338028.000;	       err32
20250724;	115032;	1753338032.000;	       err32
20250724;	115036;	1753338036.000;	       err32
20250724;	115040;	1753338040.000;	       err32
20250724;	115044;	1753338044.000;	       err32
20250724;	115048;	1753338048.000;	       err32
20250724;	115052;	1753338052.000;	       err32
20250724;	115056;	1753338056.000;	       err32
20250724;	115100;	1753338060.000;	       err32
20250724;	115104;	1753338064.000;	       err32
20250724;	115108;	1753338068.000;	       err32
20250724;	115112;	1753338072.000;	       err32
20250724;	115116;	1753338076.000;	       err32
20250724;	115120;	1753338080.000;	       err32
20250724;	115124;	1753338084.000;	       err32
20250724;	115128;	1753338088.000;	       err32
20250724;	115132;	1753338092.000;	       err32
20250724;	115136;	1753338096.000;	       err32
20250724;	115140;	1753338100.000;	       err32
20250724;	115144;	1753338104.000;	       err32
20250724;	115148;	1753338108.000;	       err32
20250724;	115152;	1753338112.000;	       err32
20250724;	115156;	1753338116.000;	       err32
20250724;	115200;	1753338120.000;	       err32
20250724;	115204;	1753338124.000;	       err32
20250724;	115208;	1753338128.000;	       err32
20250724;	115212;	1753338132.000;	       err32
20250724;	115216;	1753338136.000;	       err32
20250724;	115220;	1753338140.000;	       err32
20250724;	115224;	1753338144.000;	       err32
20250724;	115228;	1753338148.000;	       err32
20250724;	115232;	1753338152.000;	       err32
20250724;	115236;	1753338156.000;	       err32
20250724;	115240;	1753338160.000;	       err32
20250724;	115244;	1753338164.000;	       err32
20250724;	115248;	1753338168.000;	       err32
20250724;	115252;	1753338172.000;	       err32
20250724;	115256;	1753338176.000;	       err32
20250724;	115300;	1753338180.000;	       err32
20250724;	115304;	1753338184.000;	       err32
20250724;	115308;	1753338188.000;	       err32
20250724;	115312;	1753338192.000;	       err32
20250724;	115316;	1753338196.000;	       err32
20250724;	115320;	1753338200.000;	       err32
20250724;	115324;	1753338204.000;	       err32
20250724;	115328;	1753338208.000;	       err32
20250724;	115332;	1753338212.000;	       err32
20250724;	115336;	1753338216.000;	       err32
20250724;	115340;	1753338220.000;	       err32
20250724;	115344;	1753338224.000;	       err32
20250724;	115348;	1753338228.000;	       err32
20250724;	115352;	1753338232.000;	       err32
20250724;	115356;	1753338236.000;	       err32
20250724;	115400;	1753338240.000;	       err32
20250724;	115404;	1753338244.000;	       err32
20250724;	115408;	1753338248.000;	       err32
20250724;	115412;	1753338252.000;	       err32
20250724;	115416;	1753338256.000;	       err32
20250724;	115420;	1753338260.000;	       err32
20250724;	115424;	1753338264.000;	       err32
20250724;	115428;	1753338268.000;	       err32
20250724;	115432;	1753338272.000;	       err32
20250724;	115436;	1753338276.000;	       err32
20250724;	115440;	1753338280.000;	       err32
20250724;	115444;	1753338284.000;	       err32
20250724;	115448;	1753338288.000;	       err32
20250724;	115452;	1753338292.000;	       err32
20250724;	115456;	1753338296.000;	       err32
20250724;	115500;	1753338300.000;	       err32
20250724;	115504;	1753338304.000;	       err32
20250724;	115508;	1753338308.000;	       err32
20250724;	115512;	1753338312.000;	       err32
20250724;	115516;	1753338316.000;	       err32
20250724;	115520;	1753338320.000;	       err32
20250724;	115524;	1753338324.000;	       err32
20250724;	115528;	1753338328.000;	       err32
20250724;	115532;	1753338332.000;	       err32
20250724;	115536;	1753338336.000;	       err32
20250724;	115540;	1753338340.000;	       err32
20250724;	115544;	1753338344.000;	       err32
20250724;	115548;	1753338348.000;	       err32
20250724;	115552;	1753338352.000;	       err32
20250724;	115556;	1753338356.000;	       err32
20250724;	115600;	1753338360.000;	       err32
20250724;	115604;	1753338364.000;	           0
20250724;	115608;	1753338368.000;	         102
20250724;	115612;	1753338372.000;	         103
20250724;	115616;	1753338376.000;	        err9
20250724;	115620;	1753338380.000;	       err17
20250724;	115624;	1753338384.000;	       err17
20250724;	115628;	1753338388.000;	       err17
20250724;	115632;	1753338392.000;	       err17
20250724;	115636;	1753338396.000;	       err17
20250724;	115640;	1753338400.000;	       err17
20250724;	115644;	1753338404.000;	       err17
20250724;	115648;	1753338408.000;	       err17
20250724;	115652;	1753338412.000;	       err17
20250724;	115656;	1753338416.000;	       err17
20250724;	115700;	1753338420.000;	       err17
20250724;	115704;	1753338424.000;	       err17
20250724;	115708;	1753338428.000;	       err17
20250724;	115712;	1753338432.000;	       err17
20250724;	115716;	1753338436.000;	        err9
20250724;	115720;	1753338440.000;	       err17
20250724;	115724;	1753338444.000;	       err17
20250724;	115728;	1753338448.000;	       err17
20250724;	115732;	1753338452.000;	       err17
20250724;	115736;	1753338456.000;	       err17
20250724;	115740;	1753338460.000;	       err17
20250724;	115744;	1753338464.000;	       err17
20250724;	115748;	1753338468.000;	       err17
20250724;	115752;	1753338472.000;	       err17
20250724;	115756;	1753338476.000;	       err17
20250724;	115800;	1753338480.000;	       err17
20250724;	115804;	1753338484.000;	       err17
20250724;	115808;	1753338488.000;	       err17
20250724;	115812;	1753338492.000;	       err17
20250724;	115816;	1753338496.000;	        err9
20250724;	115820;	1753338500.000;	       err32
20250724;	115824;	1753338504.000;	       err32
20250724;	115828;	1753338508.000;	       err32
20250724;	115832;	1753338512.000;	       err32
20250724;	115836;	1753338516.000;	       err32
20250724;	115840;	1753338520.000;	       err32
20250724;	115844;	1753338524.000;	       err32
20250724;	115848;	1753338528.000;	       err32
20250724;	115852;	1753338532.000;	       err32
20250724;	115856;	1753338536.000;	       err32
20250724;	115900;	1753338540.000;	       err32
20250724;	115904;	1753338544.000;	       err32
20250724;	115908;	1753338548.000;	       err32
20250724;	115912;	1753338552.000;	       err32
20250724;	115916;	1753338556.000;	        err9
20250724;	115920;	1753338560.000;	        err9
20250724;	115924;	1753338564.000;	        err9
20250724;	115928;	1753338568.000;	        err9
20250724;	115932;	1753338572.000;	        err9
20250724;	115936;	1753338576.000;	        err9
20250724;	115940;	1753338580.000;	       err32
20250724;	115944;	1753338584.000;	       err32
20250724;	115948;	1753338588.000;	       err32
20250724;	115952;	1753338592.000;	           0
20250724;	115956;	1753338596.000;	           0
20250724;	120000;	1753338600.000;	           0
20250724;	120004;	1753338604.000;	           0
20250724;	120008;	1753338608.000;	       err32
20250724;	120012;	1753338612.000;	       err32
20250724;	120016;	1753338616.000;	       err32
20250724;	120020;	1753338620.000;	       err32
20250724;	120024;	1753338624.000;	       err32
20250724;	120028;	1753338628.000;	       err32
20250724;	120032;	1753338632.000;	       err32
20250724;	120036;	1753338636.000;	       err32
20250724;	120040;	1753338640.000;	       err32
20250724;	120044;	1753338644.000;	       err32
20250724;	120048;	1753338648.000;	       err32
20250724;	120052;	1753338652.000;	       err32
20250724;	120056;	1753338656.000;	       err32
20250724;	120100;	1753338660.000;	       err32
20250724;	120104;	1753338664.000;	       err32
20250724;	120108;	1753338668.000;	       err32
20250724;	120112;	1753338672.000;	       err32
20250724;	120116;	1753338676.000;	       err32
20250724;	120120;	1753338680.000;	       err32
20250724;	120124;	1753338684.000;	       err32
20250724;	120128;	1753338688.000;	       err32
20250724;	120132;	1753338692.000;	       err32
20250724;	120136;	1753338696.000;	       err32
20250724;	120140;	1753338700.000;	       err32
20250724;	120144;	1753338704.000;	       err32
20250724;	120148;	1753338708.000;	       err32
20250724;	120152;	1753338712.000;	       err32
20250724;	120156;	1753338716.000;	       err32
20250724;	120200;	1753338720.000;	       err32
20250724;	120204;	1753338724.000;	       err32
20250724;	120208;	1753338728.000;	       err32
20250724;	120212;	1753338732.000;	       err32
20250724;	120216;	1753338736.000;	       err32
20250724;	120220;	1753338740.000;	       err32
20250724;	120224;	1753338744.000;	       err32
20250724;	120228;	1753338748.000;	       err32
20250724;	120232;	1753338752.000;	       err32
20250724;	120236;	1753338756.000;	       err32
20250724;	120240;	1753338760.000;	       err32
20250724;	120244;	1753338764.000;	       err32
20250724;	120248;	1753338768.000;	       err32
20250724;	120252;	1753338772.000;	       err32
20250724;	120256;	1753338776.000;	       err32
20250724;	120300;	1753338780.000;	       err32
20250724;	120304;	1753338784.000;	       err32
20250724;	120308;	1753338788.000;	       err32
20250724;	120312;	1753338792.000;	       err32
20250724;	120316;	1753338796.000;	       err32
20250724;	120320;	1753338800.000;	       err32
20250724;	120324;	1753338804.000;	       err32
20250724;	120328;	1753338808.000;	       err32
20250724;	120332;	1753338812.000;	       err32
20250724;	120336;	1753338816.000;	       err32
20250724;	120340;	1753338820.000;	       err32
20250724;	120344;	1753338824.000;	       err32
20250724;	120348;	1753338828.000;	       err32
20250724;	120352;	1753338832.000;	       err32
20250724;	120356;	1753338836.000;	       err32
20250724;	120400;	1753338840.000;	       err32
20250724;	120404;	1753338844.000;	       err32
20250724;	120408;	1753338848.000;	       err32
20250724;	120412;	1753338852.000;	       err32
20250724;	120416;	1753338856.000;	       err32
20250724;	120420;	1753338860.000;	       err32
20250724;	120424;	1753338864.000;	       err32
20250724;	120428;	1753338868.000;	       err32
20250724;	120432;	1753338872.000;	       err32
20250724;	120436;	1753338876.000;	       err32
20250724;	120440;	1753338880.000;	       err32
20250724;	120444;	1753338884.000;	       err32
20250724;	120448;	1753338888.000;	       err32
20250724;	120452;	1753338892.000;	       err32
20250724;	120456;	1753338896.000;	       err32
20250724;	120500;	1753338900.000;	       err32
20250724;	120504;	1753338904.000;	       err32
20250724;	120508;	1753338908.000;	       err32
20250724;	120512;	1753338912.000;	       err32
20250724;	120516;	1753338916.000;	       err32
20250724;	120520;	1753338920.000;	       err32
20250724;	120524;	1753338924.000;	       err32
20250724;	120528;	1753338928.000;	       err32
20250724;	120532;	1753338932.000;	       err32
20250724;	120536;	1753338936.000;	       err32
20250724;	120540;	1753338940.000;	       err32
20250724;	120544;	1753338944.000;	       err32
20250724;	120548;	1753338948.000;	       err32
20250724;	120552;	1753338952.000;	       err32
20250724;	120556;	1753338956.000;	       err32
20250724;	120600;	1753338960.000;	       err32
20250724;	120604;	1753338964.000;	       err32
20250724;	120608;	1753338968.000;	       err32
20250724;	120612;	1753338972.000;	       err32
20250724;	120616;	1753338976.000;	       err32
20250724;	120620;	1753338980.000;	       err32
20250724;	120624;	1753338984.000;	       err32
20250724;	120628;	1753338988.000;	       err32
20250724;	120632;	1753338992.000;	       err32
20250724;	120636;	1753338996.000;	       err32
20250724;	120640;	1753339000.000;	       err32
20250724;	120644;	1753339004.000;	       err32
20250724;	120648;	1753339008.000;	       err32
20250724;	120652;	1753339012.000;	       err32
20250724;	120656;	1753339016.000;	       err32
20250724;	120700;	1753339020.000;	       err32
20250724;	120704;	1753339024.000;	       err32
20250724;	120708;	1753339028.000;	       err32
20250724;	120712;	1753339032.000;	       err32
20250724;	120716;	1753339036.000;	       err32
20250724;	120720;	1753339040.000;	       err32
20250724;	120724;	1753339044.000;	       err32
20250724;	120728;	1753339048.000;	       err32
20250724;	120732;	1753339052.000;	       err32
20250724;	120736;	1753339056.000;	       err32
20250724;	120740;	1753339060.000;	       err32
20250724;	120744;	1753339064.000;	       err32
20250724;	120748;	1753339068.000;	       err32
20250724;	120752;	1753339072.000;	       err32
20250724;	120756;	1753339076.000;	       err32
20250724;	120800;	1753339080.000;	       err32
20250724;	120804;	1753339084.000;	       err32
20250724;	120808;	1753339088.000;	       err32
20250724;	120812;	1753339092.000;	       err32
20250724;	120816;	1753339096.000;	       err32
20250724;	120820;	1753339100.000;	       err32
20250724;	120824;	1753339104.000;	       err32
20250724;	120828;	1753339108.000;	       err32
20250724;	120832;	1753339112.000;	       err32
20250724;	120836;	1753339116.000;	       err32
20250724;	120840;	1753339120.000;	       err32
20250724;	120844;	1753339124.000;	       err32
20250724;	120848;	1753339128.000;	       err32
20250724;	120852;	1753339132.000;	       err32
20250724;	120856;	1753339136.000;	       err32
20250724;	120900;	1753339140.000;	       err32
20250724;	120904;	1753339144.000;	       err32
20250724;	120908;	1753339148.000;	       err32
20250724;	120912;	1753339152.000;	       err32
20250724;	120916;	1753339156.000;	       err32
20250724;	120920;	1753339160.000;	       err32
20250724;	120924;	1753339164.000;	       err32
20250724;	120928;	1753339168.000;	       err32
20250724;	120932;	1753339172.000;	       err32
20250724;	120936;	1753339176.000;	       err32
20250724;	120940;	1753339180.000;	       err32
20250724;	120944;	1753339184.000;	       err32
20250724;	120948;	1753339188.000;	       err32
20250724;	120952;	1753339192.000;	       err32
20250724;	120956;	1753339196.000;	       err32
20250724;	121000;	1753339200.000;	       err32
20250724;	121004;	1753339204.000;	       err32
20250724;	121008;	1753339208.000;	       err32
20250724;	121012;	1753339212.000;	       err32
20250724;	121016;	1753339216.000;	       err32
20250724;	121020;	1753339220.000;	       err32
20250724;	121024;	1753339224.000;	       err32
20250724;	121028;	1753339228.000;	       err32
20250724;	121032;	1753339232.000;	       err32
20250724;	121036;	1753339236.000;	       err32
20250724;	121040;	1753339240.000;	       err32
20250724;	121044;	1753339244.000;	       err32
20250724;	121048;	1753339248.000;	       err32
20250724;	121052;	1753339252.000;	       err32
20250724;	121056;	1753339256.000;	       err32
20250724;	121100;	1753339260.000;	       err32
20250724;	121104;	1753339264.000;	       err32
20250724;	121108;	1753339268.000;	       err32
20250724;	121112;	1753339272.000;	       err32
20250724;	121116;	1753339276.000;	       err32
20250724;	121120;	1753339280.000;	       err32
20250724;	121124;	1753339284.000;	       err32
20250724;	121128;	1753339288.000;	       err32
20250724;	121132;	1753339292.000;	       err32
20250724;	121136;	1753339296.000;	       err32
20250724;	121140;	1753339300.000;	       err32
20250724;	121144;	1753339304.000;	       err32
20250724;	121148;	1753339308.000;	       err32
20250724;	121152;	1753339312.000;	       err32
20250724;	121156;	1753339316.000;	       err32
20250724;	121200;	1753339320.000;	       err32
20250724;	121204;	1753339324.000;	       err32
20250724;	121208;	1753339328.000;	       err32
20250724;	121212;	1753339332.000;	       err32
20250724;	121216;	1753339336.000;	       err32
20250724;	121220;	1753339340.000;	       err32
20250724;	121224;	1753339344.000;	       err32
20250724;	121228;	1753339348.000;	       err32
20250724;	121232;	1753339352.000;	       err32
20250724;	121236;	1753339356.000;	       err32
20250724;	121240;	1753339360.000;	       err32
20250724;	121244;	1753339364.000;	       err32
20250724;	121248;	1753339368.000;	       err32
20250724;	121252;	1753339372.000;	       err32
20250724;	121256;	1753339376.000;	       err32
20250724;	121300;	1753339380.000;	       err32
20250724;	121304;	1753339384.000;	       err32
20250724;	121308;	1753339388.000;	       err32
20250724;	121312;	1753339392.000;	       err32
20250724;	121316;	1753339396.000;	       err32
20250724;	121320;	1753339400.000;	       err32
20250724;	121324;	1753339404.000;	       err32
20250724;	121328;	1753339408.000;	       err32
20250724;	121332;	1753339412.000;	       err32
20250724;	121336;	1753339416.000;	       err32
20250724;	121340;	1753339420.000;	       err32
20250724;	121344;	1753339424.000;	        err9
20250724;	121348;	1753339428.000;	       err17
20250724;	121352;	1753339432.000;	       err17
20250724;	121356;	1753339436.000;	       err17
20250724;	121400;	1753339440.000;	       err17
20250724;	121404;	1753339444.000;	       err17
20250724;	121408;	1753339448.000;	       err17
20250724;	121412;	1753339452.000;	       err17
20250724;	121416;	1753339456.000;	       err17
20250724;	121420;	1753339460.000;	       err17
20250724;	121424;	1753339464.000;	       err17
20250724;	121428;	1753339468.000;	       err17
20250724;	121432;	1753339472.000;	       err17
20250724;	121436;	1753339476.000;	       err17
20250724;	121440;	1753339480.000;	       err17
20250724;	121444;	1753339484.000;	        err9
20250724;	121448;	1753339488.000;	       err17
20250724;	121452;	1753339492.000;	       err17
20250724;	121456;	1753339496.000;	       err17
20250724;	121500;	1753339500.000;	       err17
20250724;	121504;	1753339504.000;	       err17
20250724;	121508;	1753339508.000;	       err17
20250724;	121512;	1753339512.000;	       err17
20250724;	121516;	1753339516.000;	       err17
20250724;	121520;	1753339520.000;	       err17
20250724;	121524;	1753339524.000;	       err17
20250724;	121528;	1753339528.000;	       err17
20250724;	121532;	1753339532.000;	       err17
20250724;	121536;	1753339536.000;	       err17
20250724;	121540;	1753339540.000;	       err17
20250724;	121544;	1753339544.000;	        err7
20250724;	121548;	1753339548.000;	        err7
20250724;	121552;	1753339552.000;	        err7
20250724;	121556;	1753339556.000;	        err7
20250724;	121600;	1753339560.000;	        err9
20250724;	121604;	1753339564.000;	        err9
20250724;	121608;	1753339568.000;	        err9
20250724;	121612;	1753339572.000;	        err9
20250724;	121616;	1753339576.000;	        err9
20250724;	121620;	1753339580.000;	        err9
20250724;	121624;	1753339584.000;	        err9
20250724;	121628;	1753339588.000;	        err9
20250724;	121632;	1753339592.000;	        err9
20250724;	121636;	1753339596.000;	        err9
20250724;	121640;	1753339600.000;	        err9
20250724;	121644;	1753339604.000;	        err9
20250724;	121648;	1753339608.000;	        err9
20250724;	121652;	1753339612.000;	        err9
20250724;	121656;	1753339616.000;	        err9
20250724;	121700;	1753339620.000;	        err9
20250724;	121704;	1753339624.000;	        err9
20250724;	121708;	1753339628.000;	        err9
20250724;	121712;	1753339632.000;	        err9
20250724;	121716;	1753339636.000;	        err9
20250724;	121720;	1753339640.000;	        err9
20250724;	121724;	1753339644.000;	        err9
20250724;	121728;	1753339648.000;	        err9
20250724;	121732;	1753339652.000;	        err9
20250724;	121736;	1753339656.000;	        err9
20250724;	121740;	1753339660.000;	        err9
20250724;	121744;	1753339664.000;	        err9
20250724;	121748;	1753339668.000;	        err9
20250724;	121752;	1753339672.000;	        err9
20250724;	121756;	1753339676.000;	       err32
20250724;	121800;	1753339680.000;	       err32
20250724;	121804;	1753339684.000;	        err9
20250724;	121808;	1753339688.000;	       err17
20250724;	121812;	1753339692.000;	       err17
20250724;	121816;	1753339696.000;	       err17
20250724;	121820;	1753339700.000;	       err17
20250724;	121824;	1753339704.000;	       err17
20250724;	121828;	1753339708.000;	       err17
20250724;	121832;	1753339712.000;	       err17
20250724;	121836;	1753339716.000;	       err17
20250724;	121840;	1753339720.000;	       err17
20250724;	121844;	1753339724.000;	       err17
20250724;	121848;	1753339728.000;	       err32
20250724;	121852;	1753339732.000;	       err32
20250724;	121856;	1753339736.000;	           0
20250724;	121900;	1753339740.000;	         102
20250724;	121904;	1753339744.000;	         102
20250724;	121908;	1753339748.000;	         103
20250724;	121912;	1753339752.000;	         104
20250724;	121916;	1753339756.000;	         105
20250724;	121920;	1753339760.000;	         106
20250724;	121924;	1753339764.000;	        err9
20250724;	121928;	1753339768.000;	       err17
20250724;	121932;	1753339772.000;	       err17
20250724;	121936;	1753339776.000;	       err17
20250724;	121940;	1753339780.000;	       err17
20250724;	121944;	1753339784.000;	       err17
20250724;	121948;	1753339788.000;	       err17
20250724;	121952;	1753339792.000;	       err17
20250724;	121956;	1753339796.000;	       err17
20250724;	122000;	1753339800.000;	       err17
20250724;	122004;	1753339804.000;	       err17
20250724;	122008;	1753339808.000;	       err17
20250724;	122012;	1753339812.000;	       err17
20250724;	122016;	1753339816.000;	       err17
20250724;	122020;	1753339820.000;	       err17
20250724;	122024;	1753339824.000;	        err9
20250724;	122028;	1753339828.000;	       err17
20250724;	122032;	1753339832.000;	       err17
20250724;	122036;	1753339836.000;	       err17
20250724;	122040;	1753339840.000;	       err17
20250724;	122044;	1753339844.000;	       err17
20250724;	122048;	1753339848.000;	       err17
20250724;	122052;	1753339852.000;	       err17
20250724;	122056;	1753339856.000;	       err17
20250724;	122100;	1753339860.000;	       err17
20250724;	122104;	1753339864.000;	       err17
20250724;	122108;	1753339868.000;	       err17
20250724;	122112;	1753339872.000;	       err17
20250724;	122116;	1753339876.000;	       err17
20250724;	122120;	1753339880.000;	       err17
20250724;	122124;	1753339884.000;	        err9
20250724;	122128;	1753339888.000;	       err17
20250724;	122132;	1753339892.000;	       err17
20250724;	122136;	1753339896.000;	       err17
20250724;	122140;	1753339900.000;	       err17
20250724;	122144;	1753339904.000;	       err17
20250724;	122148;	1753339908.000;	       err17
20250724;	122152;	1753339912.000;	       err17
20250724;	122156;	1753339916.000;	       err17
20250724;	122200;	1753339920.000;	       err17
20250724;	122204;	1753339924.000;	       err17
20250724;	122208;	1753339928.000;	       err17
20250724;	122212;	1753339932.000;	       err17
20250724;	122216;	1753339936.000;	       err17
20250724;	122220;	1753339940.000;	       err17
20250724;	122224;	1753339944.000;	        err9
20250724;	122228;	1753339948.000;	       err17
20250724;	122232;	1753339952.000;	       err17
20250724;	122236;	1753339956.000;	       err17
20250724;	122240;	1753339960.000;	       err17
20250724;	122244;	1753339964.000;	       err17
20250724;	122248;	1753339968.000;	       err17
20250724;	122252;	1753339972.000;	       err17
20250724;	122256;	1753339976.000;	       err17
20250724;	122300;	1753339980.000;	       err32
20250724;	122304;	1753339984.000;	       err32
20250724;	122308;	1753339988.000;	       err32
20250724;	122312;	1753339992.000;	       err32
20250724;	122316;	1753339996.000;	       err32
20250724;	122320;	1753340000.000;	       err32
20250724;	122324;	1753340004.000;	       err32
20250724;	122328;	1753340008.000;	       err32
20250724;	122332;	1753340012.000;	       err32
20250724;	122336;	1753340016.000;	       err32
20250724;	122340;	1753340020.000;	       err32
20250724;	122344;	1753340024.000;	       err32
20250724;	122348;	1753340028.000;	       err32
20250724;	122352;	1753340032.000;	       err32
20250724;	122356;	1753340036.000;	       err32
20250724;	122400;	1753340040.000;	       err32
20250724;	122404;	1753340044.000;	       err32
20250724;	122408;	1753340048.000;	       err32
20250724;	122412;	1753340052.000;	       err32
20250724;	122416;	1753340056.000;	       err32
20250724;	122420;	1753340060.000;	       err32
20250724;	122424;	1753340064.000;	       err32
20250724;	122428;	1753340068.000;	       err32
20250724;	122432;	1753340072.000;	       err32
20250724;	122436;	1753340076.000;	       err32
20250724;	122440;	1753340080.000;	       err32
20250724;	122444;	1753340084.000;	       err32
20250724;	122448;	1753340088.000;	       err32
20250724;	122452;	1753340092.000;	       err32
20250724;	122456;	1753340096.000;	       err32
20250724;	122500;	1753340100.000;	       err32
20250724;	122504;	1753340104.000;	       err32
20250724;	122508;	1753340108.000;	       err32
20250724;	122512;	1753340112.000;	       err32
20250724;	122516;	1753340116.000;	       err32
20250724;	122520;	1753340120.000;	       err32
20250724;	122524;	1753340124.000;	       err32
20250724;	122528;	1753340128.000;	       err32
20250724;	122532;	1753340132.000;	       err32
20250724;	122536;	1753340136.000;	       err32
20250724;	122540;	1753340140.000;	       err32
20250724;	122544;	1753340144.000;	       err32
20250724;	122548;	1753340148.000;	       err32
20250724;	122552;	1753340152.000;	       err32
20250724;	122556;	1753340156.000;	       err32
20250724;	122600;	1753340160.000;	       err32
20250724;	122604;	1753340164.000;	       err32
20250724;	122608;	1753340168.000;	       err32
20250724;	122612;	1753340172.000;	        err7
20250724;	122616;	1753340176.000;	           0
20250724;	122620;	1753340180.000;	         102
20250724;	122624;	1753340184.000;	         103
20250724;	122628;	1753340188.000;	         104
20250724;	122632;	1753340192.000;	         105
20250724;	122636;	1753340196.000;	        err9
20250724;	122640;	1753340200.000;	       err17
20250724;	122644;	1753340204.000;	       err17
20250724;	122648;	1753340208.000;	       err17
20250724;	122652;	1753340212.000;	       err17
20250724;	122656;	1753340216.000;	       err17
20250724;	122700;	1753340220.000;	       err17
20250724;	122704;	1753340224.000;	       err17
20250724;	122708;	1753340228.000;	       err17
20250724;	122712;	1753340232.000;	       err17
20250724;	122716;	1753340236.000;	       err17
20250724;	122720;	1753340240.000;	       err17
20250724;	122724;	1753340244.000;	       err17
20250724;	122728;	1753340248.000;	       err17
20250724;	122732;	1753340252.000;	       err17
20250724;	122736;	1753340256.000;	        err9
20250724;	122740;	1753340260.000;	       err17
20250724;	122744;	1753340264.000;	       err17
20250724;	122748;	1753340268.000;	       err17
20250724;	122752;	1753340272.000;	       err17
20250724;	122756;	1753340276.000;	       err17
20250724;	122800;	1753340280.000;	       err17
20250724;	122804;	1753340284.000;	       err17
20250724;	122808;	1753340288.000;	       err17
20250724;	122812;	1753340292.000;	       err17
20250724;	122816;	1753340296.000;	       err17
20250724;	122820;	1753340300.000;	       err17
20250724;	122824;	1753340304.000;	       err17
20250724;	122828;	1753340308.000;	       err17
20250724;	122832;	1753340312.000;	       err17
20250724;	122836;	1753340316.000;	        err9
20250724;	122840;	1753340320.000;	       err17
20250724;	122844;	1753340324.000;	       err17
20250724;	122848;	1753340328.000;	       err17
20250724;	122852;	1753340332.000;	       err17
20250724;	122856;	1753340336.000;	       err17
20250724;	122900;	1753340340.000;	       err17
20250724;	122904;	1753340344.000;	       err17
20250724;	122908;	1753340348.000;	       err17
20250724;	122912;	1753340352.000;	       err17
20250724;	122916;	1753340356.000;	       err17
20250724;	122920;	1753340360.000;	       err17
20250724;	122924;	1753340364.000;	       err17
20250724;	122928;	1753340368.000;	       err17
20250724;	122932;	1753340372.000;	       err17
20250724;	122936;	1753340376.000;	        err9
20250724;	122940;	1753340380.000;	       err17
20250724;	122944;	1753340384.000;	       err17
20250724;	122948;	1753340388.000;	       err32
20250724;	122952;	1753340392.000;	       err32
20250724;	122956;	1753340396.000;	       err32
20250724;	123000;	1753340400.000;	       err32
20250724;	123004;	1753340404.000;	       err32
20250724;	123008;	1753340408.000;	       err32
20250724;	123012;	1753340412.000;	       err32
20250724;	123016;	1753340416.000;	       err32
20250724;	123020;	1753340420.000;	       err32
20250724;	123024;	1753340424.000;	       err32
20250724;	123028;	1753340428.000;	       err32
20250724;	123032;	1753340432.000;	       err32
20250724;	123036;	1753340436.000;	       err32
20250724;	123040;	1753340440.000;	       err32
20250724;	123044;	1753340444.000;	       err32
20250724;	123048;	1753340448.000;	       err32
20250724;	123052;	1753340452.000;	       err32
20250724;	123056;	1753340456.000;	       err32
20250724;	123100;	1753340460.000;	       err32
20250724;	123104;	1753340464.000;	       err32
20250724;	123108;	1753340468.000;	       err32
20250724;	123112;	1753340472.000;	       err32
20250724;	123116;	1753340476.000;	       err32
20250724;	123120;	1753340480.000;	       err32
20250724;	123124;	1753340484.000;	       err32
20250724;	123128;	1753340488.000;	       err32
20250724;	123132;	1753340492.000;	       err32
20250724;	123136;	1753340496.000;	       err32
20250724;	123140;	1753340500.000;	       err32
20250724;	123144;	1753340504.000;	       err32
20250724;	123148;	1753340508.000;	       err32
20250724;	123152;	1753340512.000;	       err32
20250724;	123156;	1753340516.000;	       err32
20250724;	123200;	1753340520.000;	       err32
20250724;	123204;	1753340524.000;	       err32
20250724;	123208;	1753340528.000;	       err32
20250724;	123212;	1753340532.000;	       err32
20250724;	123216;	1753340536.000;	       err32
20250724;	123220;	1753340540.000;	       err32
20250724;	123224;	1753340544.000;	       err32
20250724;	123228;	1753340548.000;	       err32
20250724;	123232;	1753340552.000;	       err32
20250724;	123236;	1753340556.000;	       err32
20250724;	123240;	1753340560.000;	       err32
20250724;	123244;	1753340564.000;	       err32
20250724;	123248;	1753340568.000;	       err32
20250724;	123252;	1753340572.000;	       err32
20250724;	123256;	1753340576.000;	       err32
20250724;	123300;	1753340580.000;	       err32
20250724;	123304;	1753340584.000;	       err32
20250724;	123308;	1753340588.000;	       err32
20250724;	123312;	1753340592.000;	       err32
20250724;	123316;	1753340596.000;	       err32
20250724;	123320;	1753340600.000;	       err32
20250724;	123324;	1753340604.000;	       err32
20250724;	123328;	1753340608.000;	       err32
20250724;	123332;	1753340612.000;	       err32
20250724;	123336;	1753340616.000;	       err32
20250724;	123340;	1753340620.000;	       err32
20250724;	123344;	1753340624.000;	       err32
20250724;	123348;	1753340628.000;	       err32
20250724;	123352;	1753340632.000;	       err32
20250724;	123356;	1753340636.000;	       err32
20250724;	123400;	1753340640.000;	       err32
20250724;	123404;	1753340644.000;	       err32
20250724;	123408;	1753340648.000;	       err32
20250724;	123412;	1753340652.000;	       err32
20250724;	123416;	1753340656.000;	       err32
20250724;	123420;	1753340660.000;	       err32
20250724;	123424;	1753340664.000;	       err32
20250724;	123428;	1753340668.000;	       err32
20250724;	123432;	1753340672.000;	       err32
20250724;	123436;	1753340676.000;	       err32
20250724;	123440;	1753340680.000;	       err32
20250724;	123444;	1753340684.000;	       err32
20250724;	123448;	1753340688.000;	       err32
20250724;	123452;	1753340692.000;	       err32
20250724;	123456;	1753340696.000;	       err32
20250724;	123500;	1753340700.000;	       err32
20250724;	123504;	1753340704.000;	       err32
20250724;	123508;	1753340708.000;	       err32
20250724;	123512;	1753340712.000;	       err32
20250724;	123516;	1753340716.000;	       err32
20250724;	123520;	1753340720.000;	       err32
20250724;	123524;	1753340724.000;	       err32
20250724;	123528;	1753340728.000;	       err32
20250724;	123532;	1753340732.000;	       err32
20250724;	123536;	1753340736.000;	       err32
20250724;	123540;	1753340740.000;	       err32
20250724;	123544;	1753340744.000;	       err32
20250724;	123548;	1753340748.000;	       err32
20250724;	123552;	1753340752.000;	       err32
20250724;	123556;	1753340756.000;	       err32
20250724;	123600;	1753340760.000;	       err32
20250724;	123604;	1753340764.000;	       err32
20250724;	123608;	1753340768.000;	       err32
20250724;	123612;	1753340772.000;	       err32
20250724;	123616;	1753340776.000;	       err32
20250724;	123620;	1753340780.000;	       err32
20250724;	123624;	1753340784.000;	       err32
20250724;	123628;	1753340788.000;	       err32
20250724;	123632;	1753340792.000;	       err32
20250724;	123636;	1753340796.000;	       err32
20250724;	123640;	1753340800.000;	       err32
20250724;	123644;	1753340804.000;	       err32
20250724;	123648;	1753340808.000;	       err32
20250724;	123652;	1753340812.000;	       err32
20250724;	123656;	1753340816.000;	       err32
20250724;	123700;	1753340820.000;	       err32
20250724;	123704;	1753340824.000;	       err32
20250724;	123708;	1753340828.000;	       err32
20250724;	123712;	1753340832.000;	       err32
20250724;	123716;	1753340836.000;	       err32
20250724;	123720;	1753340840.000;	       err32
20250724;	123724;	1753340844.000;	       err32
20250724;	123728;	1753340848.000;	       err32
20250724;	123732;	1753340852.000;	       err32
20250724;	123736;	1753340856.000;	       err32
20250724;	123740;	1753340860.000;	       err32
20250724;	123744;	1753340864.000;	       err32
20250724;	123748;	1753340868.000;	       err32
20250724;	123752;	1753340872.000;	       err32
20250724;	123756;	1753340876.000;	       err32
20250724;	123800;	1753340880.000;	       err32
20250724;	123804;	1753340884.000;	       err32
20250724;	123808;	1753340888.000;	       err32
20250724;	123812;	1753340892.000;	       err32
20250724;	123816;	1753340896.000;	       err32
20250724;	123820;	1753340900.000;	       err32
20250724;	123824;	1753340904.000;	       err32
20250724;	123828;	1753340908.000;	       err32
20250724;	123832;	1753340912.000;	       err32
20250724;	123836;	1753340916.000;	       err32
20250724;	123840;	1753340920.000;	       err32
20250724;	123844;	1753340924.000;	       err32
20250724;	123848;	1753340928.000;	       err32
20250724;	123852;	1753340932.000;	       err32
20250724;	123856;	1753340936.000;	       err32
20250724;	123900;	1753340940.000;	       err32
20250724;	123904;	1753340944.000;	       err32
20250724;	123908;	1753340948.000;	       err32
20250724;	123912;	1753340952.000;	        err9
20250724;	123916;	1753340956.000;	       err17
20250724;	123920;	1753340960.000;	       err17
20250724;	123924;	1753340964.000;	       err17
20250724;	123928;	1753340968.000;	       err17
20250724;	123932;	1753340972.000;	       err17
20250724;	123936;	1753340976.000;	       err17
20250724;	123940;	1753340980.000;	       err17
20250724;	123944;	1753340984.000;	       err17
20250724;	123948;	1753340988.000;	       err17
20250724;	123952;	1753340992.000;	       err17
20250724;	123956;	1753340996.000;	       err17
20250724;	124000;	1753341000.000;	       err17
20250724;	124004;	1753341004.000;	       err17
20250724;	124008;	1753341008.000;	       err17
20250724;	124012;	1753341012.000;	       err32
20250724;	124016;	1753341016.000;	       err32
20250724;	124020;	1753341020.000;	           0
20250724;	124024;	1753341024.000;	         102
20250724;	124028;	1753341028.000;	         103
20250724;	124032;	1753341032.000;	         104
20250724;	124036;	1753341036.000;	         104
20250724;	124040;	1753341040.000;	         105
20250724;	124044;	1753341044.000;	         106
20250724;	124048;	1753341048.000;	         107
20250724;	124052;	1753341052.000;	         108
20250724;	124056;	1753341056.000;	         108
20250724;	124100;	1753341060.000;	         109
20250724;	124104;	1753341064.000;	         110
20250724;	124108;	1753341068.000;	         111
20250724;	124112;	1753341072.000;	         112
20250724;	124116;	1753341076.000;	         112
20250724;	124120;	1753341080.000;	         113
20250724;	124124;	1753341084.000;	         114
20250724;	124128;	1753341088.000;	         115
20250724;	124132;	1753341092.000;	         116
20250724;	124136;	1753341096.000;	         116
20250724;	124140;	1753341100.000;	         117
20250724;	124144;	1753341104.000;	         118
20250724;	124148;	1753341108.000;	         119
20250724;	124152;	1753341112.000;	         120
20250724;	124156;	1753341116.000;	         120
20250724;	124200;	1753341120.000;	         121
20250724;	124204;	1753341124.000;	         122
20250724;	124208;	1753341128.000;	         123
20250724;	124212;	1753341132.000;	         124
20250724;	124216;	1753341136.000;	         124
20250724;	124220;	1753341140.000;	       err32
20250724;	124224;	1753341144.000;	       err32
20250724;	124228;	1753341148.000;	       err32
20250724;	124232;	1753341152.000;	       err32
20250724;	124236;	1753341156.000;	       err32
20250724;	124240;	1753341160.000;	       err32
20250724;	124244;	1753341164.000;	       err32
20250724;	124248;	1753341168.000;	       err32
20250724;	124252;	1753341172.000;	       err32
20250724;	124256;	1753341176.000;	       err32
20250724;	124300;	1753341180.000;	       err32
20250724;	124304;	1753341184.000;	       err32
20250724;	124308;	1753341188.000;	       err32
20250724;	124312;	1753341192.000;	         125
20250724;	124316;	1753341196.000;	         102
20250724;	124320;	1753341200.000;	        err9
20250724;	124324;	1753341204.000;	       err17
20250724;	124328;	1753341208.000;	       err17
20250724;	124332;	1753341212.000;	       err17
20250724;	124336;	1753341216.000;	       err17
20250724;	124340;	1753341220.000;	       err17
20250724;	124344;	1753341224.000;	       err17
20250724;	124348;	1753341228.000;	       err17
20250724;	124352;	1753341232.000;	       err17
20250724;	124356;	1753341236.000;	       err17
20250724;	124400;	1753341240.000;	       err17
20250724;	124404;	1753341244.000;	       err17
20250724;	124408;	1753341248.000;	       err17
20250724;	124412;	1753341252.000;	       err17
20250724;	124416;	1753341256.000;	       err17
20250724;	124420;	1753341260.000;	        err9
20250724;	124424;	1753341264.000;	       err17
20250724;	124428;	1753341268.000;	       err17
20250724;	124432;	1753341272.000;	       err32
20250724;	124436;	1753341276.000;	       err32
20250724;	124440;	1753341280.000;	       err32
20250724;	124444;	1753341284.000;	       err32
20250724;	124448;	1753341288.000;	       err32
20250724;	124452;	1753341292.000;	           0
20250724;	124456;	1753341296.000;	         102
20250724;	124500;	1753341300.000;	         103
20250724;	124504;	1753341304.000;	         104
20250724;	124508;	1753341308.000;	         104
20250724;	124512;	1753341312.000;	         105
20250724;	124516;	1753341316.000;	         106
20250724;	124520;	1753341320.000;	         107
20250724;	124524;	1753341324.000;	         108
20250724;	124528;	1753341328.000;	         108
20250724;	124532;	1753341332.000;	         109
20250724;	124536;	1753341336.000;	        err9
20250724;	124540;	1753341340.000;	        err9
20250724;	124544;	1753341344.000;	        err9
20250724;	124548;	1753341348.000;	        err9
20250724;	124552;	1753341352.000;	        err9
20250724;	124556;	1753341356.000;	        err9
20250724;	124600;	1753341360.000;	        err9
20250724;	124604;	1753341364.000;	        err9
20250724;	124608;	1753341368.000;	        err9
20250724;	124612;	1753341372.000;	        err9
20250724;	124616;	1753341376.000;	        err9
20250724;	124620;	1753341380.000;	        err9
20250724;	124624;	1753341384.000;	        err9
20250724;	124628;	1753341388.000;	        err9
20250724;	124632;	1753341392.000;	        err9
20250724;	124636;	1753341396.000;	        err9
20250724;	124640;	1753341400.000;	       err32
20250724;	124644;	1753341404.000;	       err32
20250724;	124648;	1753341408.000;	       err32
20250724;	124652;	1753341412.000;	       err32
20250724;	124656;	1753341416.000;	       err32
20250724;	124700;	1753341420.000;	       err32
20250724;	124704;	1753341424.000;	       err32
20250724;	124708;	1753341428.000;	           0
20250724;	124712;	1753341432.000;	         102
20250724;	124716;	1753341436.000;	         103
20250724;	124720;	1753341440.000;	         104
20250724;	124724;	1753341444.000;	        err9
20250724;	124728;	1753341448.000;	       err17
20250724;	124732;	1753341452.000;	       err17
20250724;	124736;	1753341456.000;	       err17
20250724;	124740;	1753341460.000;	       err17
20250724;	124744;	1753341464.000;	       err17
20250724;	124748;	1753341468.000;	       err17
20250724;	124752;	1753341472.000;	       err17
20250724;	124756;	1753341476.000;	       err17
20250724;	124800;	1753341480.000;	       err17
20250724;	124804;	1753341484.000;	       err17
20250724;	124808;	1753341488.000;	       err17
20250724;	124812;	1753341492.000;	       err17
20250724;	124816;	1753341496.000;	       err17
20250724;	124820;	1753341500.000;	       err17
20250724;	124824;	1753341504.000;	        err9
20250724;	124828;	1753341508.000;	       err17
20250724;	124832;	1753341512.000;	       err17
20250724;	124836;	1753341516.000;	       err17
20250724;	124840;	1753341520.000;	       err17
20250724;	124844;	1753341524.000;	       err17
20250724;	124848;	1753341528.000;	       err17
20250724;	124852;	1753341532.000;	       err32
20250724;	124856;	1753341536.000;	       err32
20250724;	124900;	1753341540.000;	       err32
20250724;	124904;	1753341544.000;	       err32
20250724;	124908;	1753341548.000;	       err32
20250724;	124912;	1753341552.000;	       err32
20250724;	124916;	1753341556.000;	       err32
20250724;	124920;	1753341560.000;	        err9
20250724;	124924;	1753341564.000;	       err17
20250724;	124928;	1753341568.000;	       err17
20250724;	124932;	1753341572.000;	       err17
20250724;	124936;	1753341576.000;	       err17
20250724;	124940;	1753341580.000;	       err17
20250724;	124944;	1753341584.000;	       err17
20250724;	124948;	1753341588.000;	       err17
20250724;	124952;	1753341592.000;	       err32
20250724;	124956;	1753341596.000;	       err32
20250724;	125000;	1753341600.000;	       err32
20250724;	125004;	1753341604.000;	       err32
20250724;	125008;	1753341608.000;	       err32
20250724;	125012;	1753341612.000;	       err32
20250724;	125016;	1753341616.000;	       err32
20250724;	125020;	1753341620.000;	       err32
20250724;	125024;	1753341624.000;	       err32
20250724;	125028;	1753341628.000;	       err32
20250724;	125032;	1753341632.000;	       err32
20250724;	125036;	1753341636.000;	       err32
20250724;	125040;	1753341640.000;	       err32
20250724;	125044;	1753341644.000;	       err32
20250724;	125048;	1753341648.000;	       err32
20250724;	125052;	1753341652.000;	       err32
20250724;	125056;	1753341656.000;	       err32
20250724;	125100;	1753341660.000;	       err32
20250724;	125104;	1753341664.000;	       err32
20250724;	125108;	1753341668.000;	       err32
20250724;	125112;	1753341672.000;	       err32
20250724;	125116;	1753341676.000;	       err32
20250724;	125120;	1753341680.000;	       err32
20250724;	125124;	1753341684.000;	       err32
20250724;	125128;	1753341688.000;	       err32
20250724;	125132;	1753341692.000;	       err32
20250724;	125136;	1753341696.000;	       err32
20250724;	125140;	1753341700.000;	       err32
20250724;	125144;	1753341704.000;	       err32
20250724;	125148;	1753341708.000;	           0
20250724;	125152;	1753341712.000;	         102
20250724;	125156;	1753341716.000;	        err9
20250724;	125200;	1753341720.000;	        err9
20250724;	125204;	1753341724.000;	        err9
20250724;	125208;	1753341728.000;	        err9
20250724;	125212;	1753341732.000;	        err9
20250724;	125216;	1753341736.000;	        err9
20250724;	125220;	1753341740.000;	        err9
20250724;	125224;	1753341744.000;	        err9
20250724;	125228;	1753341748.000;	        err9
20250724;	125232;	1753341752.000;	        err9
20250724;	125236;	1753341756.000;	        err9
20250724;	125240;	1753341760.000;	        err9
20250724;	125244;	1753341764.000;	        err9
20250724;	125248;	1753341768.000;	        err9
20250724;	125252;	1753341772.000;	        err9
20250724;	125256;	1753341776.000;	        err9
20250724;	125300;	1753341780.000;	        err9
20250724;	125304;	1753341784.000;	        err9
20250724;	125308;	1753341788.000;	        err9
20250724;	125312;	1753341792.000;	        err9
20250724;	125316;	1753341796.000;	        err9
20250724;	125320;	1753341800.000;	        err9
20250724;	125324;	1753341804.000;	        err9
20250724;	125328;	1753341808.000;	        err9
20250724;	125332;	1753341812.000;	        err9
20250724;	125336;	1753341816.000;	        err9
20250724;	125340;	1753341820.000;	        err9
20250724;	125344;	1753341824.000;	        err9
20250724;	125348;	1753341828.000;	        err9
20250724;	125352;	1753341832.000;	        err9
20250724;	125356;	1753341836.000;	           0
20250724;	125400;	1753341840.000;	           0
20250724;	125404;	1753341844.000;	           0
20250724;	125408;	1753341848.000;	           0
20250724;	125412;	1753341852.000;	           0
20250724;	125416;	1753341856.000;	           0
20250724;	125420;	1753341860.000;	           0
20250724;	125424;	1753341864.000;	           0
20250724;	125428;	1753341868.000;	           0
20250724;	125432;	1753341872.000;	           0
20250724;	125436;	1753341876.000;	           0
20250724;	125440;	1753341880.000;	           0
20250724;	125444;	1753341884.000;	           0
20250724;	125448;	1753341888.000;	           0
20250724;	125452;	1753341892.000;	           0
20250724;	125456;	1753341896.000;	           0
20250724;	125500;	1753341900.000;	           0
20250724;	125504;	1753341904.000;	           0
20250724;	125508;	1753341908.000;	           0
20250724;	125512;	1753341912.000;	           0
20250724;	125516;	1753341916.000;	       err32
20250724;	125520;	1753341920.000;	       err32
20250724;	125524;	1753341924.000;	       err32
20250724;	125528;	1753341928.000;	       err32
20250724;	125532;	1753341932.000;	       err32
20250724;	125536;	1753341936.000;	       err32
20250724;	125540;	1753341940.000;	       err32
20250724;	125544;	1753341944.000;	       err32
20250724;	125548;	1753341948.000;	       err32
20250724;	125552;	1753341952.000;	       err32
20250724;	125556;	1753341956.000;	       err32
20250724;	125600;	1753341960.000;	       err32
20250724;	125604;	1753341964.000;	           0
20250724;	125608;	1753341968.000;	         102
20250724;	125612;	1753341972.000;	         102
20250724;	125616;	1753341976.000;	         103
20250724;	125620;	1753341980.000;	         104
20250724;	125624;	1753341984.000;	        err9
20250724;	125628;	1753341988.000;	        err9
20250724;	125632;	1753341992.000;	        err9
20250724;	125636;	1753341996.000;	        err9
20250724;	125640;	1753342000.000;	        err9
20250724;	125644;	1753342004.000;	        err9
20250724;	125648;	1753342008.000;	        err9
20250724;	125652;	1753342012.000;	        err9
20250724;	125656;	1753342016.000;	        err9
20250724;	125700;	1753342020.000;	        err9
20250724;	125704;	1753342024.000;	        err9
20250724;	125708;	1753342028.000;	        err9
20250724;	125712;	1753342032.000;	        err9
20250724;	125716;	1753342036.000;	        err9
20250724;	125720;	1753342040.000;	        err9
20250724;	125724;	1753342044.000;	        err9
20250724;	125728;	1753342048.000;	        err9
20250724;	125732;	1753342052.000;	        err9
20250724;	125736;	1753342056.000;	        err9
20250724;	125740;	1753342060.000;	        err9
20250724;	125744;	1753342064.000;	        err9
20250724;	125748;	1753342068.000;	        err9
20250724;	125752;	1753342072.000;	        err9
20250724;	125756;	1753342076.000;	        err9
20250724;	125800;	1753342080.000;	        err9
20250724;	125804;	1753342084.000;	        err9
20250724;	125808;	1753342088.000;	        err9
20250724;	125812;	1753342092.000;	        err9
20250724;	125816;	1753342096.000;	        err9
20250724;	125820;	1753342100.000;	        err9
20250724;	125824;	1753342104.000;	        err9
20250724;	125828;	1753342108.000;	        err9
20250724;	125832;	1753342112.000;	        err9
20250724;	125836;	1753342116.000;	        err9
20250724;	125840;	1753342120.000;	        err9
20250724;	125844;	1753342124.000;	        err9
20250724;	125848;	1753342128.000;	        err9
20250724;	125852;	1753342132.000;	        err9
20250724;	125856;	1753342136.000;	        err9
20250724;	125900;	1753342140.000;	        err9
20250724;	125904;	1753342144.000;	        err9
20250724;	125908;	1753342148.000;	        err9
20250724;	125912;	1753342152.000;	        err9
20250724;	125916;	1753342156.000;	        err9
20250724;	125920;	1753342160.000;	        err9
20250724;	125924;	1753342164.000;	        err9
20250724;	125928;	1753342168.000;	        err9
20250724;	125932;	1753342172.000;	        err9
20250724;	125936;	1753342176.000;	        err9
20250724;	125940;	1753342180.000;	        err9
20250724;	125944;	1753342184.000;	        err9
20250724;	125948;	1753342188.000;	        err9
20250724;	125952;	1753342192.000;	        err9
20250724;	125956;	1753342196.000;	        err9
20250724;	130000;	1753342200.000;	        err9
20250724;	130004;	1753342204.000;	        err9
20250724;	130008;	1753342208.000;	        err9
20250724;	130012;	1753342212.000;	        err9
20250724;	130016;	1753342216.000;	        err9
20250724;	130020;	1753342220.000;	        err9
20250724;	130024;	1753342224.000;	        err9
20250724;	130028;	1753342228.000;	       err32
20250724;	130032;	1753342232.000;	       err32
20250724;	130036;	1753342236.000;	       err32
20250724;	130040;	1753342240.000;	       err32
20250724;	130044;	1753342244.000;	       err32
20250724;	130048;	1753342248.000;	       err32
20250724;	130052;	1753342252.000;	       err32
20250724;	130056;	1753342256.000;	           0
20250724;	130100;	1753342260.000;	         102
20250724;	130104;	1753342264.000;	         103
20250724;	130108;	1753342268.000;	         104
20250724;	130112;	1753342272.000;	        err9
20250724;	130116;	1753342276.000;	        err9
20250724;	130120;	1753342280.000;	        err9
20250724;	130124;	1753342284.000;	        err9
20250724;	130128;	1753342288.000;	        err9
20250724;	130132;	1753342292.000;	        err9
20250724;	130136;	1753342296.000;	        err9
20250724;	130140;	1753342300.000;	       err32
20250724;	130144;	1753342304.000;	       err32
20250724;	130148;	1753342308.000;	       err32
20250724;	130152;	1753342312.000;	       err32
20250724;	130156;	1753342316.000;	       err32
20250724;	130200;	1753342320.000;	       err32
20250724;	130204;	1753342324.000;	       err32
20250724;	130208;	1753342328.000;	       err32
20250724;	130212;	1753342332.000;	       err32
20250724;	130216;	1753342336.000;	       err32
20250724;	130220;	1753342340.000;	       err32
20250724;	130224;	1753342344.000;	       err32
20250724;	130228;	1753342348.000;	       err32
20250724;	130232;	1753342352.000;	       err32
20250724;	130236;	1753342356.000;	       err32
20250724;	130240;	1753342360.000;	       err32
20250724;	130244;	1753342364.000;	       err32
20250724;	130248;	1753342368.000;	       err32
20250724;	130252;	1753342372.000;	       err32
20250724;	130256;	1753342376.000;	       err32
20250724;	130300;	1753342380.000;	       err32
20250724;	130304;	1753342384.000;	       err32
20250724;	130308;	1753342388.000;	       err32
20250724;	130312;	1753342392.000;	       err32
20250724;	130316;	1753342396.000;	       err32
20250724;	130320;	1753342400.000;	       err32
20250724;	130324;	1753342404.000;	       err32
20250724;	130328;	1753342408.000;	       err32
20250724;	130332;	1753342412.000;	       err32
20250724;	130336;	1753342416.000;	       err32
20250724;	130340;	1753342420.000;	       err32
20250724;	130344;	1753342424.000;	       err32
20250724;	130348;	1753342428.000;	       err32
20250724;	130352;	1753342432.000;	       err32
20250724;	130356;	1753342436.000;	       err32
20250724;	130400;	1753342440.000;	       err32
20250724;	130404;	1753342444.000;	       err32
20250724;	130408;	1753342448.000;	       err32
20250724;	130412;	1753342452.000;	       err32
20250724;	130416;	1753342456.000;	       err32
20250724;	130420;	1753342460.000;	       err32
20250724;	130424;	1753342464.000;	       err32
20250724;	130428;	1753342468.000;	       err32
20250724;	130432;	1753342472.000;	       err32
20250724;	130436;	1753342476.000;	        err7
20250724;	130440;	1753342480.000;	           0
20250724;	130444;	1753342484.000;	         102
20250724;	130448;	1753342488.000;	         103
20250724;	130452;	1753342492.000;	         104
20250724;	130456;	1753342496.000;	        err9
20250724;	130500;	1753342500.000;	        err9
20250724;	130504;	1753342504.000;	        err9
20250724;	130508;	1753342508.000;	        err9
20250724;	130512;	1753342512.000;	        err9
20250724;	130516;	1753342516.000;	        err9
20250724;	130520;	1753342520.000;	        err9
20250724;	130524;	1753342524.000;	        err9
20250724;	130528;	1753342528.000;	        err9
20250724;	130532;	1753342532.000;	        err9
20250724;	130536;	1753342536.000;	        err9
20250724;	130540;	1753342540.000;	        err9
20250724;	130544;	1753342544.000;	        err9
20250724;	130548;	1753342548.000;	        err9
20250724;	130552;	1753342552.000;	        err9
20250724;	130556;	1753342556.000;	        err9
20250724;	130600;	1753342560.000;	        err9
20250724;	130604;	1753342564.000;	        err9
20250724;	130608;	1753342568.000;	        err9
20250724;	130612;	1753342572.000;	        err9
20250724;	130616;	1753342576.000;	       err32
20250724;	130620;	1753342580.000;	       err32
20250724;	130624;	1753342584.000;	       err32
20250724;	130628;	1753342588.000;	       err32
20250724;	130632;	1753342592.000;	       err32
20250724;	130636;	1753342596.000;	       err32
20250724;	130640;	1753342600.000;	           0
20250724;	130644;	1753342604.000;	         102
20250724;	130648;	1753342608.000;	         103
20250724;	130652;	1753342612.000;	         103
20250724;	130656;	1753342616.000;	         104
20250724;	130700;	1753342620.000;	         105
20250724;	130704;	1753342624.000;	         106
20250724;	130708;	1753342628.000;	         107
20250724;	130712;	1753342632.000;	        err9
20250724;	130716;	1753342636.000;	        err9
20250724;	130720;	1753342640.000;	        err9
20250724;	130724;	1753342644.000;	        err9
20250724;	130728;	1753342648.000;	        err9
20250724;	130732;	1753342652.000;	        err9
20250724;	130736;	1753342656.000;	        err9
20250724;	130740;	1753342660.000;	        err9
20250724;	130744;	1753342664.000;	        err9
20250724;	130748;	1753342668.000;	        err9
20250724;	130752;	1753342672.000;	        err9
20250724;	130756;	1753342676.000;	        err9
20250724;	130800;	1753342680.000;	        err9
20250724;	130804;	1753342684.000;	        err9
20250724;	130808;	1753342688.000;	        err9
20250724;	130812;	1753342692.000;	        err9
20250724;	130816;	1753342696.000;	        err9
20250724;	130820;	1753342700.000;	        err9
20250724;	130824;	1753342704.000;	        err9
20250724;	130828;	1753342708.000;	        err9
20250724;	130832;	1753342712.000;	        err9
20250724;	130836;	1753342716.000;	        err9
20250724;	130840;	1753342720.000;	        err9
20250724;	130844;	1753342724.000;	        err9
20250724;	130848;	1753342728.000;	        err9
20250724;	130852;	1753342732.000;	        err9
20250724;	130856;	1753342736.000;	        err9
20250724;	130900;	1753342740.000;	        err9
20250724;	130904;	1753342744.000;	        err9
20250724;	130908;	1753342748.000;	        err9
20250724;	130912;	1753342752.000;	        err9
20250724;	130916;	1753342756.000;	        err9
20250724;	130920;	1753342760.000;	        err9
20250724;	130924;	1753342764.000;	        err9
20250724;	130928;	1753342768.000;	        err9
20250724;	130932;	1753342772.000;	        err9
20250724;	130936;	1753342776.000;	        err9
20250724;	130940;	1753342780.000;	        err9
20250724;	130944;	1753342784.000;	        err9
20250724;	130948;	1753342788.000;	        err9
20250724;	130952;	1753342792.000;	        err9
20250724;	130956;	1753342796.000;	        err9
20250724;	131000;	1753342800.000;	        err9
20250724;	131004;	1753342804.000;	        err9
20250724;	131008;	1753342808.000;	        err9
20250724;	131012;	1753342812.000;	        err9
20250724;	131016;	1753342816.000;	        err9
20250724;	131020;	1753342820.000;	        err9
20250724;	131024;	1753342824.000;	        err9
20250724;	131028;	1753342828.000;	       err32
20250724;	131032;	1753342832.000;	       err32
20250724;	131036;	1753342836.000;	       err32
20250724;	131040;	1753342840.000;	       err32
20250724;	131044;	1753342844.000;	       err32
20250724;	131048;	1753342848.000;	       err32
20250724;	131052;	1753342852.000;	       err32
20250724;	131056;	1753342856.000;	       err32
20250724;	131100;	1753342860.000;	       err32
20250724;	131104;	1753342864.000;	       err32
20250724;	131108;	1753342868.000;	       err32
20250724;	131112;	1753342872.000;	       err32
20250724;	131116;	1753342876.000;	       err32
20250724;	131120;	1753342880.000;	        err9
20250724;	131124;	1753342884.000;	        err9
20250724;	131128;	1753342888.000;	        err9
20250724;	131132;	1753342892.000;	        err9
20250724;	131136;	1753342896.000;	       err32
20250724;	131140;	1753342900.000;	       err32
20250724;	131144;	1753342904.000;	       err32
20250724;	131148;	1753342908.000;	        err7
20250724;	131152;	1753342912.000;	           0
20250724;	131156;	1753342916.000;	           0
20250724;	131200;	1753342920.000;	           0
20250724;	131204;	1753342924.000;	           0
20250724;	131208;	1753342928.000;	           0
20250724;	131212;	1753342932.000;	       err32
20250724;	131216;	1753342936.000;	       err32
20250724;	131220;	1753342940.000;	       err32
20250724;	131224;	1753342944.000;	       err32
20250724;	131228;	1753342948.000;	       err32
20250724;	131232;	1753342952.000;	       err32
20250724;	131236;	1753342956.000;	       err32
20250724;	131240;	1753342960.000;	       err32
20250724;	131244;	1753342964.000;	       err32
20250724;	131248;	1753342968.000;	       err32
20250724;	131252;	1753342972.000;	       err32
20250724;	131256;	1753342976.000;	        err7
20250724;	131300;	1753342980.000;	           0
20250724;	131304;	1753342984.000;	         102
20250724;	131308;	1753342988.000;	         103
20250724;	131312;	1753342992.000;	         104
20250724;	131316;	1753342996.000;	        err9
20250724;	131320;	1753343000.000;	        err9
20250724;	131324;	1753343004.000;	        err9
20250724;	131328;	1753343008.000;	        err9
20250724;	131332;	1753343012.000;	        err9
20250724;	131336;	1753343016.000;	        err9
20250724;	131340;	1753343020.000;	        err9
20250724;	131344;	1753343024.000;	        err9
20250724;	131348;	1753343028.000;	        err9
20250724;	131352;	1753343032.000;	        err9
20250724;	131356;	1753343036.000;	        err9
20250724;	131400;	1753343040.000;	        err9
20250724;	131404;	1753343044.000;	        err9
20250724;	131408;	1753343048.000;	        err9
20250724;	131412;	1753343052.000;	        err9
20250724;	131416;	1753343056.000;	        err9
20250724;	131420;	1753343060.000;	        err9
20250724;	131424;	1753343064.000;	        err9
20250724;	131428;	1753343068.000;	        err9
20250724;	131432;	1753343072.000;	        err9
20250724;	131436;	1753343076.000;	        err9
20250724;	131440;	1753343080.000;	        err9
20250724;	131444;	1753343084.000;	        err9
20250724;	131448;	1753343088.000;	        err9
20250724;	131452;	1753343092.000;	        err9
20250724;	131456;	1753343096.000;	        err9
20250724;	131500;	1753343100.000;	        err9
20250724;	131504;	1753343104.000;	        err9
20250724;	131508;	1753343108.000;	        err9
20250724;	131512;	1753343112.000;	        err9
20250724;	131516;	1753343116.000;	        err9
20250724;	131520;	1753343120.000;	        err9
20250724;	131524;	1753343124.000;	        err9
20250724;	131528;	1753343128.000;	        err9
20250724;	131532;	1753343132.000;	        err9
20250724;	131536;	1753343136.000;	        err9
20250724;	131540;	1753343140.000;	        err9
20250724;	131544;	1753343144.000;	        err9
20250724;	131548;	1753343148.000;	        err9
20250724;	131552;	1753343152.000;	        err9
20250724;	131556;	1753343156.000;	        err9
20250724;	131600;	1753343160.000;	        err9
20250724;	131604;	1753343164.000;	        err9
20250724;	131608;	1753343168.000;	        err9
20250724;	131612;	1753343172.000;	        err9
20250724;	131616;	1753343176.000;	        err9
20250724;	131620;	1753343180.000;	        err9
20250724;	131624;	1753343184.000;	        err9
20250724;	131628;	1753343188.000;	        err9
20250724;	131632;	1753343192.000;	        err9
20250724;	131636;	1753343196.000;	        err9
20250724;	131640;	1753343200.000;	        err9
20250724;	131644;	1753343204.000;	        err9
20250724;	131648;	1753343208.000;	        err9
20250724;	131652;	1753343212.000;	        err9
20250724;	131656;	1753343216.000;	        err9
20250724;	131700;	1753343220.000;	        err9
20250724;	131704;	1753343224.000;	        err9
20250724;	131708;	1753343228.000;	        err9
20250724;	131712;	1753343232.000;	        err9
20250724;	131716;	1753343236.000;	        err9
20250724;	131720;	1753343240.000;	        err9
20250724;	131724;	1753343244.000;	        err9
20250724;	131728;	1753343248.000;	        err9
20250724;	131732;	1753343252.000;	        err9
20250724;	131736;	1753343256.000;	        err9
20250724;	131740;	1753343260.000;	        err9
20250724;	131744;	1753343264.000;	        err9
20250724;	131748;	1753343268.000;	        err9
20250724;	131752;	1753343272.000;	        err9
20250724;	131756;	1753343276.000;	        err9
20250724;	131800;	1753343280.000;	        err9
20250724;	131804;	1753343284.000;	        err9
20250724;	131808;	1753343288.000;	        err9
20250724;	131812;	1753343292.000;	        err9
20250724;	131816;	1753343296.000;	        err9
20250724;	131820;	1753343300.000;	       err32
20250724;	131824;	1753343304.000;	       err32
20250724;	131828;	1753343308.000;	       err32
20250724;	131832;	1753343312.000;	       err32
20250724;	131836;	1753343316.000;	       err32
20250724;	131840;	1753343320.000;	       err32
20250724;	131844;	1753343324.000;	       err32
20250724;	131848;	1753343328.000;	       err32
20250724;	131852;	1753343332.000;	       err32
20250724;	131856;	1753343336.000;	           0
20250724;	131900;	1753343340.000;	           0
20250724;	131904;	1753343344.000;	           0
20250724;	131908;	1753343348.000;	           0
20250724;	131912;	1753343352.000;	           0
20250724;	131916;	1753343356.000;	           0
20250724;	131920;	1753343360.000;	       err32
20250724;	131924;	1753343364.000;	       err32
20250724;	131928;	1753343368.000;	       err32
20250724;	131932;	1753343372.000;	       err32
20250724;	131936;	1753343376.000;	       err32
20250724;	131940;	1753343380.000;	       err17
20250724;	131944;	1753343384.000;	           0
20250724;	131948;	1753343388.000;	           0
20250724;	131952;	1753343392.000;	           0
20250724;	131956;	1753343396.000;	           0
20250724;	132000;	1753343400.000;	           0
20250724;	132004;	1753343404.000;	           0
20250724;	132008;	1753343408.000;	           0
20250724;	132012;	1753343412.000;	           0
20250724;	132016;	1753343416.000;	           0
20250724;	132020;	1753343420.000;	           0
20250724;	132024;	1753343424.000;	           0
20250724;	132028;	1753343428.000;	       err32
20250724;	132032;	1753343432.000;	       err32
20250724;	132036;	1753343436.000;	       err32
20250724;	132040;	1753343440.000;	       err32
20250724;	132044;	1753343444.000;	       err32
20250724;	132048;	1753343448.000;	       err32
20250724;	132052;	1753343452.000;	       err32
20250724;	132056;	1753343456.000;	       err32
20250724;	132100;	1753343460.000;	       err32
20250724;	132104;	1753343464.000;	        err7
20250724;	132108;	1753343468.000;	           0
20250724;	132112;	1753343472.000;	           0
20250724;	132116;	1753343476.000;	           0
20250724;	132120;	1753343480.000;	           0
20250724;	132124;	1753343484.000;	           0
20250724;	132128;	1753343488.000;	           0
20250724;	132132;	1753343492.000;	           0
20250724;	132136;	1753343496.000;	           0
20250724;	132140;	1753343500.000;	           0
20250724;	132144;	1753343504.000;	       err32
20250724;	132148;	1753343508.000;	       err32
20250724;	132152;	1753343512.000;	       err32
20250724;	132156;	1753343516.000;	       err32
20250724;	132200;	1753343520.000;	       err32
20250724;	132204;	1753343524.000;	       err32
20250724;	132208;	1753343528.000;	       err32
20250724;	132212;	1753343532.000;	       err32
20250724;	132216;	1753343536.000;	       err32
20250724;	132220;	1753343540.000;	       err32
20250724;	132224;	1753343544.000;	       err32
20250724;	132228;	1753343548.000;	       err32
20250724;	132232;	1753343552.000;	       err32
20250724;	132236;	1753343556.000;	       err32
20250724;	132240;	1753343560.000;	       err32
20250724;	132244;	1753343564.000;	           0
20250724;	132248;	1753343568.000;	         102
20250724;	132252;	1753343572.000;	         103
20250724;	132256;	1753343576.000;	         104
20250724;	132300;	1753343580.000;	         104
20250724;	132304;	1753343584.000;	        err9
20250724;	132308;	1753343588.000;	        err9
20250724;	132312;	1753343592.000;	        err9
20250724;	132316;	1753343596.000;	        err9
20250724;	132320;	1753343600.000;	        err9
20250724;	132324;	1753343604.000;	        err9
20250724;	132328;	1753343608.000;	        err9
20250724;	132332;	1753343612.000;	        err9
20250724;	132336;	1753343616.000;	        err9
20250724;	132340;	1753343620.000;	        err9
20250724;	132344;	1753343624.000;	        err9
20250724;	132348;	1753343628.000;	        err9
20250724;	132352;	1753343632.000;	        err9
20250724;	132356;	1753343636.000;	        err9
20250724;	132400;	1753343640.000;	        err9
20250724;	132404;	1753343644.000;	        err9
20250724;	132408;	1753343648.000;	        err9
20250724;	132412;	1753343652.000;	        err9
20250724;	132416;	1753343656.000;	        err9
20250724;	132420;	1753343660.000;	        err9
20250724;	132424;	1753343664.000;	        err9
20250724;	132428;	1753343668.000;	        err9
20250724;	132432;	1753343672.000;	        err9
20250724;	132436;	1753343676.000;	        err9
20250724;	132440;	1753343680.000;	        err9
20250724;	132444;	1753343684.000;	        err9
20250724;	132448;	1753343688.000;	        err9
20250724;	132452;	1753343692.000;	        err9
20250724;	132456;	1753343696.000;	        err9
20250724;	132500;	1753343700.000;	        err9
20250724;	132504;	1753343704.000;	        err9
20250724;	132508;	1753343708.000;	        err9
20250724;	132512;	1753343712.000;	        err9
20250724;	132516;	1753343716.000;	        err9
20250724;	132520;	1753343720.000;	        err9
20250724;	132524;	1753343724.000;	        err9
20250724;	132528;	1753343728.000;	       err32
20250724;	132532;	1753343732.000;	       err32
20250724;	132536;	1753343736.000;	       err32
20250724;	132540;	1753343740.000;	       err32
20250724;	132544;	1753343744.000;	       err32
20250724;	132548;	1753343748.000;	       err32
20250724;	132552;	1753343752.000;	       err32
20250724;	132556;	1753343756.000;	       err32
20250724;	132600;	1753343760.000;	       err32
20250724;	132604;	1753343764.000;	       err32
20250724;	132608;	1753343768.000;	       err32
20250724;	132612;	1753343772.000;	       err32
20250724;	132616;	1753343776.000;	       err32
20250724;	132620;	1753343780.000;	       err32
20250724;	132624;	1753343784.000;	       err32
20250724;	132628;	1753343788.000;	       err32
20250724;	132632;	1753343792.000;	       err32
20250724;	132636;	1753343796.000;	       err32
20250724;	132640;	1753343800.000;	       err32
20250724;	132644;	1753343804.000;	       err32
20250724;	132648;	1753343808.000;	       err32
20250724;	132652;	1753343812.000;	       err32
20250724;	132656;	1753343816.000;	       err32
20250724;	132700;	1753343820.000;	       err32
20250724;	132704;	1753343824.000;	       err32
20250724;	132708;	1753343828.000;	       err32
20250724;	132712;	1753343832.000;	       err32
20250724;	132716;	1753343836.000;	       err32
20250724;	132720;	1753343840.000;	       err32
20250724;	132724;	1753343844.000;	       err32
20250724;	132728;	1753343848.000;	       err32
20250724;	132732;	1753343852.000;	       err32
20250724;	132736;	1753343856.000;	       err32
20250724;	132740;	1753343860.000;	       err32
20250724;	132744;	1753343864.000;	       err32
20250724;	132748;	1753343868.000;	       err32
20250724;	132752;	1753343872.000;	       err32
20250724;	132756;	1753343876.000;	       err32
20250724;	132800;	1753343880.000;	       err32
20250724;	132804;	1753343884.000;	       err32
20250724;	132808;	1753343888.000;	       err32
20250724;	132812;	1753343892.000;	       err32
20250724;	132816;	1753343896.000;	       err32
20250724;	132820;	1753343900.000;	       err32
20250724;	132824;	1753343904.000;	       err32
20250724;	132828;	1753343908.000;	       err32
20250724;	132832;	1753343912.000;	       err32
20250724;	132836;	1753343916.000;	       err32
20250724;	132840;	1753343920.000;	       err32
20250724;	132844;	1753343924.000;	       err32
20250724;	132848;	1753343928.000;	       err32
20250724;	132852;	1753343932.000;	       err32
20250724;	132856;	1753343936.000;	       err32
20250724;	132900;	1753343940.000;	       err32
20250724;	132904;	1753343944.000;	       err32
20250724;	132908;	1753343948.000;	       err32
20250724;	132912;	1753343952.000;	       err32
20250724;	132916;	1753343956.000;	       err32
20250724;	132920;	1753343960.000;	       err32
20250724;	132924;	1753343964.000;	       err32
20250724;	132928;	1753343968.000;	       err32
20250724;	132932;	1753343972.000;	       err32
20250724;	132936;	1753343976.000;	       err32
20250724;	132940;	1753343980.000;	       err32
20250724;	132944;	1753343984.000;	       err32
20250724;	132948;	1753343988.000;	       err32
20250724;	132952;	1753343992.000;	       err32
20250724;	132956;	1753343996.000;	       err32
20250724;	133000;	1753344000.000;	       err32
20250724;	133004;	1753344004.000;	       err32
20250724;	133008;	1753344008.000;	       err32
20250724;	133012;	1753344012.000;	       err32
20250724;	133016;	1753344016.000;	       err32
20250724;	133020;	1753344020.000;	       err32
20250724;	133024;	1753344024.000;	       err32
20250724;	133028;	1753344028.000;	       err32
20250724;	133032;	1753344032.000;	       err32
20250724;	133036;	1753344036.000;	       err32
20250724;	133040;	1753344040.000;	       err32
20250724;	133044;	1753344044.000;	       err32
20250724;	133048;	1753344048.000;	       err32
20250724;	133052;	1753344052.000;	       err32
20250724;	133056;	1753344056.000;	       err32
20250724;	133100;	1753344060.000;	       err32
20250724;	133104;	1753344064.000;	       err32
20250724;	133108;	1753344068.000;	       err32
20250724;	133112;	1753344072.000;	       err32
20250724;	133116;	1753344076.000;	       err32
20250724;	133120;	1753344080.000;	       err32
20250724;	133124;	1753344084.000;	       err32
20250724;	133128;	1753344088.000;	       err32
20250724;	133132;	1753344092.000;	       err32
20250724;	133136;	1753344096.000;	       err32
20250724;	133140;	1753344100.000;	       err32
20250724;	133144;	1753344104.000;	       err32
20250724;	133148;	1753344108.000;	       err32
20250724;	133152;	1753344112.000;	       err32
20250724;	133156;	1753344116.000;	       err32
20250724;	133200;	1753344120.000;	       err32
20250724;	133204;	1753344124.000;	       err32
20250724;	133208;	1753344128.000;	       err32
20250724;	133212;	1753344132.000;	       err32
20250724;	133216;	1753344136.000;	       err32
20250724;	133220;	1753344140.000;	       err32
20250724;	133224;	1753344144.000;	       err32
20250724;	133228;	1753344148.000;	       err32
20250724;	133232;	1753344152.000;	       err32
20250724;	133236;	1753344156.000;	       err32
20250724;	133240;	1753344160.000;	       err32
20250724;	133244;	1753344164.000;	       err32
20250724;	133248;	1753344168.000;	       err32
20250724;	133252;	1753344172.000;	       err32
20250724;	133256;	1753344176.000;	       err32
20250724;	133300;	1753344180.000;	       err32
20250724;	133304;	1753344184.000;	       err32
20250724;	133308;	1753344188.000;	       err32
20250724;	133312;	1753344192.000;	       err32
20250724;	133316;	1753344196.000;	       err32
20250724;	133320;	1753344200.000;	       err32
20250724;	133324;	1753344204.000;	       err32
20250724;	133328;	1753344208.000;	       err32
20250724;	133332;	1753344212.000;	       err32
20250724;	133336;	1753344216.000;	       err32
20250724;	133340;	1753344220.000;	       err32
20250724;	133344;	1753344224.000;	       err32
20250724;	133348;	1753344228.000;	       err32
20250724;	133352;	1753344232.000;	       err32
20250724;	133356;	1753344236.000;	       err32
20250724;	133400;	1753344240.000;	       err32
20250724;	133404;	1753344244.000;	       err32
20250724;	133408;	1753344248.000;	       err32
20250724;	133412;	1753344252.000;	       err32
20250724;	133416;	1753344256.000;	       err32
20250724;	133420;	1753344260.000;	       err32
20250724;	133424;	1753344264.000;	       err32
20250724;	133428;	1753344268.000;	       err32
20250724;	133432;	1753344272.000;	       err32
20250724;	133436;	1753344276.000;	       err32
20250724;	133440;	1753344280.000;	       err32
20250724;	133444;	1753344284.000;	       err32
20250724;	133448;	1753344288.000;	       err32
20250724;	133452;	1753344292.000;	       err32
20250724;	133456;	1753344296.000;	       err32
20250724;	133500;	1753344300.000;	       err32
20250724;	133504;	1753344304.000;	       err32
20250724;	133508;	1753344308.000;	       err32
20250724;	133512;	1753344312.000;	       err32
20250724;	133516;	1753344316.000;	       err32
20250724;	133520;	1753344320.000;	       err32
20250724;	133524;	1753344324.000;	       err32
20250724;	133528;	1753344328.000;	       err32
20250724;	133532;	1753344332.000;	       err32
20250724;	133536;	1753344336.000;	       err32
20250724;	133540;	1753344340.000;	       err32
20250724;	133544;	1753344344.000;	       err32
20250724;	133548;	1753344348.000;	       err32
20250724;	133552;	1753344352.000;	       err32
20250724;	133556;	1753344356.000;	       err32
20250724;	133600;	1753344360.000;	       err32
20250724;	133604;	1753344364.000;	       err32
20250724;	133608;	1753344368.000;	       err32
20250724;	133612;	1753344372.000;	       err32
20250724;	133616;	1753344376.000;	       err32
20250724;	133620;	1753344380.000;	       err32
20250724;	133624;	1753344384.000;	       err32
20250724;	133628;	1753344388.000;	       err32
20250724;	133632;	1753344392.000;	       err32
20250724;	133636;	1753344396.000;	       err32
20250724;	133640;	1753344400.000;	       err32
20250724;	133644;	1753344404.000;	       err32
20250724;	133648;	1753344408.000;	       err32
20250724;	133652;	1753344412.000;	       err32
20250724;	133656;	1753344416.000;	       err32
20250724;	133700;	1753344420.000;	       err32
20250724;	133704;	1753344424.000;	       err32
20250724;	133708;	1753344428.000;	       err32
20250724;	133712;	1753344432.000;	       err32
20250724;	133716;	1753344436.000;	       err32
20250724;	133720;	1753344440.000;	       err32
20250724;	133724;	1753344444.000;	       err32
20250724;	133728;	1753344448.000;	       err32
20250724;	133732;	1753344452.000;	       err32
20250724;	133736;	1753344456.000;	       err32
20250724;	133740;	1753344460.000;	       err32
20250724;	133744;	1753344464.000;	       err32
20250724;	133748;	1753344468.000;	       err32
20250724;	133752;	1753344472.000;	       err32
20250724;	133756;	1753344476.000;	       err32
20250724;	133800;	1753344480.000;	       err32
20250724;	133804;	1753344484.000;	       err32
20250724;	133808;	1753344488.000;	       err32
20250724;	133812;	1753344492.000;	       err32
20250724;	133816;	1753344496.000;	       err32
20250724;	133820;	1753344500.000;	       err32
20250724;	133824;	1753344504.000;	       err32
20250724;	133828;	1753344508.000;	       err32
20250724;	133832;	1753344512.000;	       err32
20250724;	133836;	1753344516.000;	       err32
20250724;	133840;	1753344520.000;	       err32
20250724;	133844;	1753344524.000;	       err32
20250724;	133848;	1753344528.000;	       err32
20250724;	133852;	1753344532.000;	       err32
20250724;	133856;	1753344536.000;	       err32
20250724;	133900;	1753344540.000;	       err32
20250724;	133904;	1753344544.000;	       err32
20250724;	133908;	1753344548.000;	       err32
20250724;	133912;	1753344552.000;	       err32
20250724;	133916;	1753344556.000;	       err32
20250724;	133920;	1753344560.000;	       err32
20250724;	133924;	1753344564.000;	       err32
20250724;	133928;	1753344568.000;	       err32
20250724;	133932;	1753344572.000;	       err32
20250724;	133936;	1753344576.000;	       err32
20250724;	133940;	1753344580.000;	       err32
20250724;	133944;	1753344584.000;	       err32
20250724;	133948;	1753344588.000;	       err32
20250724;	133952;	1753344592.000;	       err32
20250724;	133956;	1753344596.000;	       err32
20250724;	134000;	1753344600.000;	       err32
20250724;	134004;	1753344604.000;	       err32
20250724;	134008;	1753344608.000;	       err32
20250724;	134012;	1753344612.000;	       err32
20250724;	134016;	1753344616.000;	       err32
20250724;	134020;	1753344620.000;	       err32
20250724;	134024;	1753344624.000;	       err32
20250724;	134028;	1753344628.000;	       err32
20250724;	134032;	1753344632.000;	       err32
20250724;	134036;	1753344636.000;	       err32
20250724;	134040;	1753344640.000;	       err32
20250724;	134044;	1753344644.000;	       err32
20250724;	134048;	1753344648.000;	       err32
20250724;	134052;	1753344652.000;	       err32
20250724;	134056;	1753344656.000;	       err32
20250724;	134100;	1753344660.000;	       err32
20250724;	134104;	1753344664.000;	       err32
20250724;	134108;	1753344668.000;	       err32
20250724;	134112;	1753344672.000;	       err32
20250724;	134116;	1753344676.000;	       err32
20250724;	134120;	1753344680.000;	       err32
20250724;	134124;	1753344684.000;	       err32
20250724;	134128;	1753344688.000;	       err32
20250724;	134132;	1753344692.000;	       err32
20250724;	134136;	1753344696.000;	       err32
20250724;	134140;	1753344700.000;	       err32
20250724;	134144;	1753344704.000;	       err32
20250724;	134148;	1753344708.000;	       err32
20250724;	134152;	1753344712.000;	       err32
20250724;	134156;	1753344716.000;	       err32
20250724;	134200;	1753344720.000;	       err32
20250724;	134204;	1753344724.000;	       err32
20250724;	134208;	1753344728.000;	       err32
20250724;	134212;	1753344732.000;	       err32
20250724;	134216;	1753344736.000;	       err32
20250724;	134220;	1753344740.000;	       err32
20250724;	134224;	1753344744.000;	       err32
20250724;	134228;	1753344748.000;	       err32
20250724;	134232;	1753344752.000;	       err32
20250724;	134236;	1753344756.000;	       err32
20250724;	134240;	1753344760.000;	       err32
20250724;	134244;	1753344764.000;	       err32
20250724;	134248;	1753344768.000;	       err32
20250724;	134252;	1753344772.000;	       err32
20250724;	134256;	1753344776.000;	       err32
20250724;	134300;	1753344780.000;	       err32
20250724;	134304;	1753344784.000;	       err32
20250724;	134308;	1753344788.000;	       err32
20250724;	134312;	1753344792.000;	       err32
20250724;	134316;	1753344796.000;	       err32
20250724;	134320;	1753344800.000;	       err32
20250724;	134324;	1753344804.000;	       err32
20250724;	134328;	1753344808.000;	       err32
20250724;	134332;	1753344812.000;	       err32
20250724;	134336;	1753344816.000;	       err32
20250724;	134340;	1753344820.000;	       err32
20250724;	134344;	1753344824.000;	       err32
20250724;	134348;	1753344828.000;	       err32
20250724;	134352;	1753344832.000;	       err32
20250724;	134356;	1753344836.000;	       err32
20250724;	134400;	1753344840.000;	       err32
20250724;	134404;	1753344844.000;	       err32
20250724;	134408;	1753344848.000;	       err32
20250724;	134412;	1753344852.000;	       err32
20250724;	134416;	1753344856.000;	       err32
20250724;	134420;	1753344860.000;	       err32
20250724;	134424;	1753344864.000;	       err32
20250724;	134428;	1753344868.000;	       err32
20250724;	134432;	1753344872.000;	       err32
20250724;	134436;	1753344876.000;	       err32
20250724;	134440;	1753344880.000;	       err32
20250724;	134444;	1753344884.000;	       err32
20250724;	134448;	1753344888.000;	       err32
20250724;	134452;	1753344892.000;	       err32
20250724;	134456;	1753344896.000;	       err32
20250724;	134500;	1753344900.000;	       err32
20250724;	134504;	1753344904.000;	       err32
20250724;	134508;	1753344908.000;	       err32
20250724;	134512;	1753344912.000;	       err32
20250724;	134516;	1753344916.000;	       err32
20250724;	134520;	1753344920.000;	       err32
20250724;	134524;	1753344924.000;	       err32
20250724;	134528;	1753344928.000;	       err32
20250724;	134532;	1753344932.000;	       err32
20250724;	134536;	1753344936.000;	       err32
20250724;	134540;	1753344940.000;	       err32
20250724;	134544;	1753344944.000;	       err32
20250724;	134548;	1753344948.000;	       err32
20250724;	134552;	1753344952.000;	       err32
20250724;	134556;	1753344956.000;	       err32
20250724;	134600;	1753344960.000;	       err32
20250724;	134604;	1753344964.000;	       err32
20250724;	134608;	1753344968.000;	       err32
20250724;	134612;	1753344972.000;	       err32
20250724;	134616;	1753344976.000;	       err32
20250724;	134620;	1753344980.000;	       err32
20250724;	134624;	1753344984.000;	       err32
20250724;	134628;	1753344988.000;	       err32
20250724;	134632;	1753344992.000;	       err32
20250724;	134636;	1753344996.000;	       err32
20250724;	134640;	1753345000.000;	       err32
20250724;	134644;	1753345004.000;	       err32
20250724;	134648;	1753345008.000;	       err32
20250724;	134652;	1753345012.000;	       err32
20250724;	134656;	1753345016.000;	       err32
20250724;	134700;	1753345020.000;	       err32
20250724;	134704;	1753345024.000;	       err32
20250724;	134708;	1753345028.000;	       err32
20250724;	134712;	1753345032.000;	       err32
20250724;	134716;	1753345036.000;	       err32
20250724;	134720;	1753345040.000;	       err32
20250724;	134724;	1753345044.000;	       err32
20250724;	134728;	1753345048.000;	       err32
20250724;	134732;	1753345052.000;	       err32
20250724;	134736;	1753345056.000;	       err32
20250724;	134740;	1753345060.000;	       err32
20250724;	134744;	1753345064.000;	       err32
20250724;	134748;	1753345068.000;	       err32
20250724;	134752;	1753345072.000;	       err32
20250724;	134756;	1753345076.000;	       err32
20250724;	134800;	1753345080.000;	       err32
20250724;	134804;	1753345084.000;	       err32
20250724;	134808;	1753345088.000;	       err32
20250724;	134812;	1753345092.000;	       err32
20250724;	134816;	1753345096.000;	       err32
20250724;	134820;	1753345100.000;	       err32
20250724;	134824;	1753345104.000;	       err32
20250724;	134828;	1753345108.000;	       err32
20250724;	134832;	1753345112.000;	       err32
20250724;	134836;	1753345116.000;	       err32
20250724;	134840;	1753345120.000;	       err32
20250724;	134844;	1753345124.000;	       err32
20250724;	134848;	1753345128.000;	       err32
20250724;	134852;	1753345132.000;	       err32
20250724;	134856;	1753345136.000;	       err32
20250724;	134900;	1753345140.000;	       err32
20250724;	134904;	1753345144.000;	       err32
20250724;	134908;	1753345148.000;	       err32
20250724;	134912;	1753345152.000;	       err32
20250724;	134916;	1753345156.000;	       err32
20250724;	134920;	1753345160.000;	       err32
20250724;	134924;	1753345164.000;	       err32
20250724;	134928;	1753345168.000;	       err32
20250724;	134932;	1753345172.000;	       err32
20250724;	134936;	1753345176.000;	       err32
20250724;	134940;	1753345180.000;	       err32
20250724;	134944;	1753345184.000;	       err32
20250724;	134948;	1753345188.000;	       err32
20250724;	134952;	1753345192.000;	       err32
20250724;	134956;	1753345196.000;	       err32
20250724;	135000;	1753345200.000;	       err32
20250724;	135004;	1753345204.000;	       err32
20250724;	135008;	1753345208.000;	       err32
20250724;	135012;	1753345212.000;	       err32
20250724;	135016;	1753345216.000;	       err32
20250724;	135020;	1753345220.000;	       err32
20250724;	135024;	1753345224.000;	       err32
20250724;	135028;	1753345228.000;	       err32
20250724;	135032;	1753345232.000;	       err32
20250724;	135036;	1753345236.000;	       err32
20250724;	135040;	1753345240.000;	       err32
20250724;	135044;	1753345244.000;	       err32
20250724;	135048;	1753345248.000;	       err32
20250724;	135052;	1753345252.000;	       err32
20250724;	135056;	1753345256.000;	       err32
20250724;	135100;	1753345260.000;	       err32
20250724;	135104;	1753345264.000;	       err32
20250724;	135108;	1753345268.000;	       err32
20250724;	135112;	1753345272.000;	       err32
20250724;	135116;	1753345276.000;	       err32
20250724;	135120;	1753345280.000;	       err32
20250724;	135124;	1753345284.000;	       err32
20250724;	135128;	1753345288.000;	       err32
20250724;	135132;	1753345292.000;	       err32
20250724;	135136;	1753345296.000;	       err32
20250724;	135140;	1753345300.000;	       err32
20250724;	135144;	1753345304.000;	       err32
20250724;	135148;	1753345308.000;	       err32
20250724;	135152;	1753345312.000;	       err32
20250724;	135156;	1753345316.000;	       err32
20250724;	135200;	1753345320.000;	       err32
20250724;	135204;	1753345324.000;	       err32
20250724;	135208;	1753345328.000;	       err32
20250724;	135212;	1753345332.000;	       err32
20250724;	135216;	1753345336.000;	       err32
20250724;	135220;	1753345340.000;	       err32
20250724;	135224;	1753345344.000;	       err32
20250724;	135228;	1753345348.000;	       err32
20250724;	135232;	1753345352.000;	       err32
20250724;	135236;	1753345356.000;	       err32
20250724;	135240;	1753345360.000;	       err32
20250724;	135244;	1753345364.000;	       err32
20250724;	135248;	1753345368.000;	       err32
20250724;	135252;	1753345372.000;	       err32
20250724;	135256;	1753345376.000;	       err32
20250724;	135300;	1753345380.000;	       err32
20250724;	135304;	1753345384.000;	       err32
20250724;	135308;	1753345388.000;	       err32
20250724;	135312;	1753345392.000;	       err32
20250724;	135316;	1753345396.000;	       err32
20250724;	135320;	1753345400.000;	       err32
20250724;	135324;	1753345404.000;	       err32
20250724;	135328;	1753345408.000;	       err32
20250724;	135332;	1753345412.000;	       err32
20250724;	135336;	1753345416.000;	       err32
20250724;	135340;	1753345420.000;	       err32
20250724;	135344;	1753345424.000;	       err32
20250724;	135348;	1753345428.000;	       err32
20250724;	135352;	1753345432.000;	       err32
20250724;	135356;	1753345436.000;	       err32
20250724;	135400;	1753345440.000;	       err32
20250724;	135404;	1753345444.000;	       err32
20250724;	135408;	1753345448.000;	       err32
20250724;	135412;	1753345452.000;	       err32
20250724;	135416;	1753345456.000;	       err32
20250724;	135420;	1753345460.000;	       err32
20250724;	135424;	1753345464.000;	       err32
20250724;	135428;	1753345468.000;	       err32
20250724;	135432;	1753345472.000;	       err32
20250724;	135436;	1753345476.000;	       err32
20250724;	135440;	1753345480.000;	       err32
20250724;	135444;	1753345484.000;	       err32
20250724;	135448;	1753345488.000;	       err32
20250724;	135452;	1753345492.000;	       err32
20250724;	135456;	1753345496.000;	       err32
20250724;	135500;	1753345500.000;	       err32
20250724;	135504;	1753345504.000;	       err32
20250724;	135508;	1753345508.000;	       err32
20250724;	135512;	1753345512.000;	       err32
20250724;	135516;	1753345516.000;	       err32
20250724;	135520;	1753345520.000;	       err32
20250724;	135524;	1753345524.000;	       err32
20250724;	135528;	1753345528.000;	       err32
20250724;	135532;	1753345532.000;	       err32
20250724;	135536;	1753345536.000;	       err32
20250724;	135540;	1753345540.000;	       err32
20250724;	135544;	1753345544.000;	       err32
20250724;	135548;	1753345548.000;	       err32
20250724;	135552;	1753345552.000;	       err32
20250724;	135556;	1753345556.000;	       err32
20250724;	135600;	1753345560.000;	       err32
20250724;	135604;	1753345564.000;	       err32
20250724;	135608;	1753345568.000;	       err32
20250724;	135612;	1753345572.000;	       err32
20250724;	135616;	1753345576.000;	       err32
20250724;	135620;	1753345580.000;	       err32
20250724;	135624;	1753345584.000;	       err32
20250724;	135628;	1753345588.000;	       err32
20250724;	135632;	1753345592.000;	       err32
20250724;	135636;	1753345596.000;	       err32
20250724;	135640;	1753345600.000;	       err32
20250724;	135644;	1753345604.000;	       err32
20250724;	135648;	1753345608.000;	       err32
20250724;	135652;	1753345612.000;	       err32
20250724;	135656;	1753345616.000;	       err32
20250724;	135700;	1753345620.000;	       err32
20250724;	135704;	1753345624.000;	       err32
20250724;	135708;	1753345628.000;	       err32
20250724;	135712;	1753345632.000;	       err32
20250724;	135716;	1753345636.000;	       err32
20250724;	135720;	1753345640.000;	       err32
20250724;	135724;	1753345644.000;	       err32
20250724;	135728;	1753345648.000;	       err32
20250724;	135732;	1753345652.000;	       err32
20250724;	135736;	1753345656.000;	       err32
20250724;	135740;	1753345660.000;	       err32
20250724;	135744;	1753345664.000;	       err32
20250724;	135748;	1753345668.000;	       err32
20250724;	135752;	1753345672.000;	       err32
20250724;	135756;	1753345676.000;	       err32
20250724;	135800;	1753345680.000;	       err32
20250724;	135804;	1753345684.000;	       err32
20250724;	135808;	1753345688.000;	       err32
20250724;	135812;	1753345692.000;	       err32
20250724;	135816;	1753345696.000;	       err32
20250724;	135820;	1753345700.000;	       err32
20250724;	135824;	1753345704.000;	       err32
20250724;	135828;	1753345708.000;	       err32
20250724;	135832;	1753345712.000;	       err32
20250724;	135836;	1753345716.000;	       err32
20250724;	135840;	1753345720.000;	       err32
20250724;	135844;	1753345724.000;	       err32
20250724;	135848;	1753345728.000;	       err32
20250724;	135852;	1753345732.000;	       err32
20250724;	135856;	1753345736.000;	       err32
20250724;	135900;	1753345740.000;	       err32
20250724;	135904;	1753345744.000;	       err32
20250724;	135908;	1753345748.000;	       err32
20250724;	135912;	1753345752.000;	       err32
20250724;	135916;	1753345756.000;	       err32
20250724;	135920;	1753345760.000;	       err32
20250724;	135924;	1753345764.000;	       err32
20250724;	135928;	1753345768.000;	       err32
20250724;	135932;	1753345772.000;	       err32
20250724;	135936;	1753345776.000;	       err32
20250724;	135940;	1753345780.000;	       err32
20250724;	135944;	1753345784.000;	       err32
20250724;	135948;	1753345788.000;	       err32
20250724;	135952;	1753345792.000;	       err32
20250724;	135956;	1753345796.000;	       err32
20250724;	140000;	1753345800.000;	       err32
20250724;	140004;	1753345804.000;	       err32
20250724;	140008;	1753345808.000;	       err32
20250724;	140012;	1753345812.000;	       err32
20250724;	140016;	1753345816.000;	       err32
20250724;	140020;	1753345820.000;	       err32
20250724;	140024;	1753345824.000;	       err32
20250724;	140028;	1753345828.000;	       err32
20250724;	140032;	1753345832.000;	       err32
20250724;	140036;	1753345836.000;	       err32
20250724;	140040;	1753345840.000;	       err32
20250724;	140044;	1753345844.000;	       err32
20250724;	140048;	1753345848.000;	       err32
20250724;	140052;	1753345852.000;	       err32
20250724;	140056;	1753345856.000;	       err32
20250724;	140100;	1753345860.000;	       err32
20250724;	140104;	1753345864.000;	       err32
20250724;	140108;	1753345868.000;	       err32
20250724;	140112;	1753345872.000;	       err32
20250724;	140116;	1753345876.000;	       err32
20250724;	140120;	1753345880.000;	       err32
20250724;	140124;	1753345884.000;	       err32
20250724;	140128;	1753345888.000;	       err32
20250724;	140132;	1753345892.000;	       err32
20250724;	140136;	1753345896.000;	       err32
20250724;	140140;	1753345900.000;	       err32
20250724;	140144;	1753345904.000;	       err32
20250724;	140148;	1753345908.000;	       err32
20250724;	140152;	1753345912.000;	       err32
20250724;	140156;	1753345916.000;	       err32
20250724;	140200;	1753345920.000;	       err32
20250724;	140204;	1753345924.000;	       err32
20250724;	140208;	1753345928.000;	       err32
20250724;	140212;	1753345932.000;	       err32
20250724;	140216;	1753345936.000;	       err32
20250724;	140220;	1753345940.000;	       err32
20250724;	140224;	1753345944.000;	       err32
20250724;	140228;	1753345948.000;	       err32
20250724;	140232;	1753345952.000;	       err32
20250724;	140236;	1753345956.000;	       err32
20250724;	140240;	1753345960.000;	       err32
20250724;	140244;	1753345964.000;	       err32
20250724;	140248;	1753345968.000;	       err32
20250724;	140252;	1753345972.000;	       err32
20250724;	140256;	1753345976.000;	       err32
20250724;	140300;	1753345980.000;	       err32
20250724;	140304;	1753345984.000;	       err32
20250724;	140308;	1753345988.000;	       err32
20250724;	140312;	1753345992.000;	       err32
20250724;	140316;	1753345996.000;	       err32
20250724;	140320;	1753346000.000;	       err32
20250724;	140324;	1753346004.000;	       err32
20250724;	140328;	1753346008.000;	       err32
20250724;	140332;	1753346012.000;	       err32
20250724;	140336;	1753346016.000;	       err32
20250724;	140340;	1753346020.000;	       err32
20250724;	140344;	1753346024.000;	       err32
20250724;	140348;	1753346028.000;	       err32
20250724;	140352;	1753346032.000;	       err32
20250724;	140356;	1753346036.000;	       err32
20250724;	140400;	1753346040.000;	       err32
20250724;	140404;	1753346044.000;	       err32
20250724;	140408;	1753346048.000;	       err32
20250724;	140412;	1753346052.000;	       err32
20250724;	140416;	1753346056.000;	       err32
20250724;	140420;	1753346060.000;	       err32
20250724;	140424;	1753346064.000;	       err32
20250724;	140428;	1753346068.000;	       err32
20250724;	140432;	1753346072.000;	       err32
20250724;	140436;	1753346076.000;	       err32
20250724;	140440;	1753346080.000;	       err32
20250724;	140444;	1753346084.000;	       err32
20250724;	140448;	1753346088.000;	       err32
20250724;	140452;	1753346092.000;	       err32
20250724;	140456;	1753346096.000;	       err32
20250724;	140500;	1753346100.000;	       err32
20250724;	140504;	1753346104.000;	       err32
20250724;	140508;	1753346108.000;	       err32
20250724;	140512;	1753346112.000;	       err32
20250724;	140516;	1753346116.000;	       err32
20250724;	140520;	1753346120.000;	       err32
20250724;	140524;	1753346124.000;	       err32
20250724;	140528;	1753346128.000;	       err32
20250724;	140532;	1753346132.000;	       err32
20250724;	140536;	1753346136.000;	       err32
20250724;	140540;	1753346140.000;	       err32
20250724;	140544;	1753346144.000;	       err32
20250724;	140548;	1753346148.000;	       err32
20250724;	140552;	1753346152.000;	       err32
20250724;	140556;	1753346156.000;	       err32
20250724;	140600;	1753346160.000;	       err32
20250724;	140604;	1753346164.000;	       err32
20250724;	140608;	1753346168.000;	       err32
20250724;	140612;	1753346172.000;	       err32
20250724;	140616;	1753346176.000;	       err32
20250724;	140620;	1753346180.000;	       err32
20250724;	140624;	1753346184.000;	       err32
20250724;	140628;	1753346188.000;	       err32
20250724;	140632;	1753346192.000;	       err32
20250724;	140636;	1753346196.000;	       err32
20250724;	140640;	1753346200.000;	       err32
20250724;	140644;	1753346204.000;	       err32
20250724;	140648;	1753346208.000;	       err32
20250724;	140652;	1753346212.000;	       err32
20250724;	140656;	1753346216.000;	       err32
20250724;	140700;	1753346220.000;	       err32
20250724;	140704;	1753346224.000;	       err32
20250724;	140708;	1753346228.000;	       err32
20250724;	140712;	1753346232.000;	       err32
20250724;	140716;	1753346236.000;	       err32
20250724;	140720;	1753346240.000;	       err32
20250724;	140724;	1753346244.000;	       err32
20250724;	140728;	1753346248.000;	       err32
20250724;	140732;	1753346252.000;	       err32
20250724;	140736;	1753346256.000;	       err32
20250724;	140740;	1753346260.000;	       err32
20250724;	140744;	1753346264.000;	       err32
20250724;	140748;	1753346268.000;	       err32
20250724;	140752;	1753346272.000;	       err32
20250724;	140756;	1753346276.000;	       err32
20250724;	140800;	1753346280.000;	       err32
20250724;	140804;	1753346284.000;	       err32
20250724;	140808;	1753346288.000;	       err32
20250724;	140812;	1753346292.000;	       err32
20250724;	140816;	1753346296.000;	       err32
20250724;	140820;	1753346300.000;	       err32
20250724;	140824;	1753346304.000;	       err32
20250724;	140828;	1753346308.000;	       err32
20250724;	140832;	1753346312.000;	       err32
20250724;	140836;	1753346316.000;	       err32
20250724;	140840;	1753346320.000;	       err32
20250724;	140844;	1753346324.000;	       err32
20250724;	140848;	1753346328.000;	       err32
20250724;	140852;	1753346332.000;	       err32
20250724;	140856;	1753346336.000;	       err32
20250724;	140900;	1753346340.000;	       err32
20250724;	140904;	1753346344.000;	       err32
20250724;	140908;	1753346348.000;	       err32
20250724;	140912;	1753346352.000;	       err32
20250724;	140916;	1753346356.000;	       err32
20250724;	140920;	1753346360.000;	       err32
20250724;	140924;	1753346364.000;	       err32
20250724;	140928;	1753346368.000;	       err32
20250724;	140932;	1753346372.000;	       err32
20250724;	140936;	1753346376.000;	       err32
20250724;	140940;	1753346380.000;	       err32
20250724;	140944;	1753346384.000;	       err32
20250724;	140948;	1753346388.000;	       err32
20250724;	140952;	1753346392.000;	       err32
20250724;	140956;	1753346396.000;	       err32
20250724;	141000;	1753346400.000;	       err32
20250724;	141004;	1753346404.000;	       err32
20250724;	141008;	1753346408.000;	       err32
20250724;	141012;	1753346412.000;	       err32
20250724;	141016;	1753346416.000;	       err32
20250724;	141020;	1753346420.000;	       err32
20250724;	141024;	1753346424.000;	       err32
20250724;	141028;	1753346428.000;	       err32
20250724;	141032;	1753346432.000;	       err32
20250724;	141036;	1753346436.000;	       err32
20250724;	141040;	1753346440.000;	       err32
20250724;	141044;	1753346444.000;	       err32
20250724;	141048;	1753346448.000;	       err32
20250724;	141052;	1753346452.000;	       err32
20250724;	141056;	1753346456.000;	       err32
20250724;	141100;	1753346460.000;	       err32
20250724;	141104;	1753346464.000;	       err32
20250724;	141108;	1753346468.000;	       err32
20250724;	141112;	1753346472.000;	       err32
20250724;	141116;	1753346476.000;	       err32
20250724;	141120;	1753346480.000;	       err32
20250724;	141124;	1753346484.000;	       err32
20250724;	141128;	1753346488.000;	       err32
20250724;	141132;	1753346492.000;	       err32
20250724;	141136;	1753346496.000;	       err32
20250724;	141140;	1753346500.000;	       err32
20250724;	141144;	1753346504.000;	       err32
20250724;	141148;	1753346508.000;	       err32
20250724;	141152;	1753346512.000;	       err32
20250724;	141156;	1753346516.000;	       err32
20250724;	141200;	1753346520.000;	       err32
20250724;	141204;	1753346524.000;	       err32
20250724;	141208;	1753346528.000;	       err32
20250724;	141212;	1753346532.000;	       err32
20250724;	141216;	1753346536.000;	       err32
20250724;	141220;	1753346540.000;	       err32
20250724;	141224;	1753346544.000;	       err32
20250724;	141228;	1753346548.000;	       err32
20250724;	141232;	1753346552.000;	       err32
20250724;	141236;	1753346556.000;	       err32
20250724;	141240;	1753346560.000;	       err32
20250724;	141244;	1753346564.000;	       err32
20250724;	141248;	1753346568.000;	       err32
20250724;	141252;	1753346572.000;	       err32
20250724;	141256;	1753346576.000;	       err32
20250724;	141300;	1753346580.000;	       err32
20250724;	141304;	1753346584.000;	       err32
20250724;	141308;	1753346588.000;	       err32
20250724;	141312;	1753346592.000;	       err32
20250724;	141316;	1753346596.000;	       err32
20250724;	141320;	1753346600.000;	       err32
20250724;	141324;	1753346604.000;	       err32
20250724;	141328;	1753346608.000;	       err32
20250724;	141332;	1753346612.000;	       err32
20250724;	141336;	1753346616.000;	       err32
20250724;	141340;	1753346620.000;	       err32
20250724;	141344;	1753346624.000;	       err32
20250724;	141348;	1753346628.000;	       err32
20250724;	141352;	1753346632.000;	       err32
20250724;	141356;	1753346636.000;	       err32
20250724;	141400;	1753346640.000;	       err32
20250724;	141404;	1753346644.000;	       err32
20250724;	141408;	1753346648.000;	       err32
20250724;	141412;	1753346652.000;	       err32
20250724;	141416;	1753346656.000;	       err32
20250724;	141420;	1753346660.000;	       err32
20250724;	141424;	1753346664.000;	       err32
20250724;	141428;	1753346668.000;	       err32
20250724;	141432;	1753346672.000;	       err32
20250724;	141436;	1753346676.000;	       err32
20250724;	141440;	1753346680.000;	       err32
20250724;	141444;	1753346684.000;	       err32
20250724;	141448;	1753346688.000;	       err32
20250724;	141452;	1753346692.000;	       err32
20250724;	141456;	1753346696.000;	       err32
20250724;	141500;	1753346700.000;	       err32
20250724;	141504;	1753346704.000;	       err32
20250724;	141508;	1753346708.000;	       err32
20250724;	141512;	1753346712.000;	       err32
20250724;	141516;	1753346716.000;	       err32
20250724;	141520;	1753346720.000;	       err32
20250724;	141524;	1753346724.000;	       err32
20250724;	141528;	1753346728.000;	       err32
20250724;	141532;	1753346732.000;	       err32
20250724;	141536;	1753346736.000;	       err32
20250724;	141540;	1753346740.000;	       err32
20250724;	141544;	1753346744.000;	       err32
20250724;	141548;	1753346748.000;	       err32
20250724;	141552;	1753346752.000;	       err32
20250724;	141556;	1753346756.000;	       err32
20250724;	141600;	1753346760.000;	       err32
20250724;	141604;	1753346764.000;	       err32
20250724;	141608;	1753346768.000;	       err32
20250724;	141612;	1753346772.000;	       err32
20250724;	141616;	1753346776.000;	       err32
20250724;	141620;	1753346780.000;	       err32
20250724;	141624;	1753346784.000;	       err32
20250724;	141628;	1753346788.000;	       err32
20250724;	141632;	1753346792.000;	       err32
20250724;	141636;	1753346796.000;	       err32
20250724;	141640;	1753346800.000;	       err32
20250724;	141644;	1753346804.000;	       err32
20250724;	141648;	1753346808.000;	       err32
20250724;	141652;	1753346812.000;	       err32
20250724;	141656;	1753346816.000;	       err32
20250724;	141700;	1753346820.000;	       err32
20250724;	141704;	1753346824.000;	       err32
20250724;	141708;	1753346828.000;	       err32
20250724;	141712;	1753346832.000;	       err32
20250724;	141716;	1753346836.000;	       err32
20250724;	141720;	1753346840.000;	       err32
20250724;	141724;	1753346844.000;	       err32
20250724;	141728;	1753346848.000;	       err32
20250724;	141732;	1753346852.000;	       err32
20250724;	141736;	1753346856.000;	       err32
20250724;	141740;	1753346860.000;	       err32
20250724;	141744;	1753346864.000;	       err32
20250724;	141748;	1753346868.000;	       err32
20250724;	141752;	1753346872.000;	       err32
20250724;	141756;	1753346876.000;	       err32
20250724;	141800;	1753346880.000;	       err32
20250724;	141804;	1753346884.000;	       err32
20250724;	141808;	1753346888.000;	       err32
20250724;	141812;	1753346892.000;	       err32
20250724;	141816;	1753346896.000;	       err32
20250724;	141820;	1753346900.000;	       err32
20250724;	141824;	1753346904.000;	       err32
20250724;	141828;	1753346908.000;	       err32
20250724;	141832;	1753346912.000;	       err32
20250724;	141836;	1753346916.000;	       err32
20250724;	141840;	1753346920.000;	       err32
20250724;	141844;	1753346924.000;	       err32
20250724;	141848;	1753346928.000;	       err32
20250724;	141852;	1753346932.000;	       err32
20250724;	141856;	1753346936.000;	       err32
20250724;	141900;	1753346940.000;	       err32
20250724;	141904;	1753346944.000;	       err32
20250724;	141908;	1753346948.000;	       err32
20250724;	141912;	1753346952.000;	       err32
20250724;	141916;	1753346956.000;	       err32
20250724;	141920;	1753346960.000;	       err32
20250724;	141924;	1753346964.000;	       err32
20250724;	141928;	1753346968.000;	       err32
20250724;	141932;	1753346972.000;	       err32
20250724;	141936;	1753346976.000;	       err32
20250724;	141940;	1753346980.000;	       err32
20250724;	141944;	1753346984.000;	       err32
20250724;	141948;	1753346988.000;	       err32
20250724;	141952;	1753346992.000;	       err32
20250724;	141956;	1753346996.000;	       err32
20250724;	142000;	1753347000.000;	       err32
20250724;	142004;	1753347004.000;	       err32
20250724;	142008;	1753347008.000;	       err32
20250724;	142012;	1753347012.000;	       err32
20250724;	142016;	1753347016.000;	       err32
20250724;	142020;	1753347020.000;	       err32
20250724;	142024;	1753347024.000;	       err32
20250724;	142028;	1753347028.000;	       err32
20250724;	142032;	1753347032.000;	       err32
20250724;	142036;	1753347036.000;	       err32
20250724;	142040;	1753347040.000;	       err32
20250724;	142044;	1753347044.000;	       err32
20250724;	142048;	1753347048.000;	       err32
20250724;	142052;	1753347052.000;	       err32
20250724;	142056;	1753347056.000;	       err32
20250724;	142100;	1753347060.000;	       err32
20250724;	142104;	1753347064.000;	       err32
20250724;	142108;	1753347068.000;	       err32
20250724;	142112;	1753347072.000;	       err32
20250724;	142116;	1753347076.000;	       err32
20250724;	142120;	1753347080.000;	       err32
20250724;	142124;	1753347084.000;	       err32
20250724;	142128;	1753347088.000;	       err32
20250724;	142132;	1753347092.000;	       err32
20250724;	142136;	1753347096.000;	       err32
20250724;	142140;	1753347100.000;	       err32
20250724;	142144;	1753347104.000;	       err32
20250724;	142148;	1753347108.000;	       err32
20250724;	142152;	1753347112.000;	       err32
20250724;	142156;	1753347116.000;	       err32
20250724;	142200;	1753347120.000;	       err32
20250724;	142204;	1753347124.000;	       err32
20250724;	142208;	1753347128.000;	       err32
20250724;	142212;	1753347132.000;	       err32
20250724;	142216;	1753347136.000;	       err32
20250724;	142220;	1753347140.000;	       err32
20250724;	142224;	1753347144.000;	       err32
20250724;	142228;	1753347148.000;	       err32
20250724;	142232;	1753347152.000;	       err32
20250724;	142236;	1753347156.000;	       err32
20250724;	142240;	1753347160.000;	       err32
20250724;	142244;	1753347164.000;	       err32
20250724;	142248;	1753347168.000;	       err32
20250724;	142252;	1753347172.000;	       err32
20250724;	142256;	1753347176.000;	       err32
20250724;	142300;	1753347180.000;	       err32
20250724;	142304;	1753347184.000;	       err32
20250724;	142308;	1753347188.000;	       err32
20250724;	142312;	1753347192.000;	       err32
20250724;	142316;	1753347196.000;	       err32
20250724;	142320;	1753347200.000;	       err32
20250724;	142324;	1753347204.000;	       err32
20250724;	142328;	1753347208.000;	       err32
20250724;	142332;	1753347212.000;	       err32
20250724;	142336;	1753347216.000;	       err32
20250724;	142340;	1753347220.000;	       err32
20250724;	142344;	1753347224.000;	       err32
20250724;	142348;	1753347228.000;	       err32
20250724;	142352;	1753347232.000;	       err32
20250724;	142356;	1753347236.000;	       err32
20250724;	142400;	1753347240.000;	       err32
20250724;	142404;	1753347244.000;	       err32
20250724;	142408;	1753347248.000;	       err32
20250724;	142412;	1753347252.000;	       err32
20250724;	142416;	1753347256.000;	       err32
20250724;	142420;	1753347260.000;	       err32
20250724;	142424;	1753347264.000;	       err32
20250724;	142428;	1753347268.000;	       err32
20250724;	142432;	1753347272.000;	       err32
20250724;	142436;	1753347276.000;	       err32
20250724;	142440;	1753347280.000;	       err32
20250724;	142444;	1753347284.000;	       err32
20250724;	142448;	1753347288.000;	       err32
20250724;	142452;	1753347292.000;	       err32
20250724;	142456;	1753347296.000;	       err32
20250724;	142500;	1753347300.000;	       err32
20250724;	142504;	1753347304.000;	       err32
20250724;	142508;	1753347308.000;	       err32
20250724;	142512;	1753347312.000;	       err32
20250724;	142516;	1753347316.000;	       err32
20250724;	142520;	1753347320.000;	       err32
20250724;	142524;	1753347324.000;	       err32
20250724;	142528;	1753347328.000;	       err32
20250724;	142532;	1753347332.000;	       err32
20250724;	142536;	1753347336.000;	       err32
20250724;	142540;	1753347340.000;	       err32
20250724;	142544;	1753347344.000;	       err32
20250724;	142548;	1753347348.000;	       err32
20250724;	142552;	1753347352.000;	       err32
20250724;	142556;	1753347356.000;	       err32
20250724;	142600;	1753347360.000;	       err32
20250724;	142604;	1753347364.000;	       err32
20250724;	142608;	1753347368.000;	       err32
20250724;	142612;	1753347372.000;	       err32
20250724;	142616;	1753347376.000;	       err32
20250724;	142620;	1753347380.000;	       err32
20250724;	142624;	1753347384.000;	       err32
20250724;	142628;	1753347388.000;	       err32
20250724;	142632;	1753347392.000;	       err32
20250724;	142636;	1753347396.000;	       err32
20250724;	142640;	1753347400.000;	       err32
20250724;	142644;	1753347404.000;	       err32
20250724;	142648;	1753347408.000;	       err32
20250724;	142652;	1753347412.000;	       err32
20250724;	142656;	1753347416.000;	       err32
20250724;	142700;	1753347420.000;	       err32
20250724;	142704;	1753347424.000;	       err32
20250724;	142708;	1753347428.000;	       err32
20250724;	142712;	1753347432.000;	       err32
20250724;	142716;	1753347436.000;	       err32
20250724;	142720;	1753347440.000;	       err32
20250724;	142724;	1753347444.000;	       err32
20250724;	142728;	1753347448.000;	       err32
20250724;	142732;	1753347452.000;	       err32
20250724;	142736;	1753347456.000;	       err32
20250724;	142740;	1753347460.000;	       err32
20250724;	142744;	1753347464.000;	       err32
20250724;	142748;	1753347468.000;	       err32
20250724;	142752;	1753347472.000;	       err32
20250724;	142756;	1753347476.000;	       err32
20250724;	142800;	1753347480.000;	       err32
20250724;	142804;	1753347484.000;	       err32
20250724;	142808;	1753347488.000;	       err32
20250724;	142812;	1753347492.000;	       err32
20250724;	142816;	1753347496.000;	       err32
20250724;	142820;	1753347500.000;	       err32
20250724;	142824;	1753347504.000;	       err32
20250724;	142828;	1753347508.000;	       err32
20250724;	142832;	1753347512.000;	       err32
20250724;	142836;	1753347516.000;	       err32
20250724;	142840;	1753347520.000;	       err32
20250724;	142844;	1753347524.000;	       err32
20250724;	142848;	1753347528.000;	       err32
20250724;	142852;	1753347532.000;	       err32
20250724;	142856;	1753347536.000;	       err32
20250724;	142900;	1753347540.000;	       err32
20250724;	142904;	1753347544.000;	       err32
20250724;	142908;	1753347548.000;	       err32
20250724;	142912;	1753347552.000;	       err32
20250724;	142916;	1753347556.000;	       err32
20250724;	142920;	1753347560.000;	       err32
20250724;	142924;	1753347564.000;	       err32
20250724;	142928;	1753347568.000;	       err32
20250724;	142932;	1753347572.000;	       err32
20250724;	142936;	1753347576.000;	       err32
20250724;	142940;	1753347580.000;	       err32
20250724;	142944;	1753347584.000;	       err32
20250724;	142948;	1753347588.000;	       err32
20250724;	142952;	1753347592.000;	       err32
20250724;	142956;	1753347596.000;	       err32
20250724;	143000;	1753347600.000;	       err32
20250724;	143004;	1753347604.000;	       err32
20250724;	143008;	1753347608.000;	       err32
20250724;	143012;	1753347612.000;	       err32
20250724;	143016;	1753347616.000;	       err32
20250724;	143020;	1753347620.000;	       err32
20250724;	143024;	1753347624.000;	       err32
20250724;	143028;	1753347628.000;	       err32
20250724;	143032;	1753347632.000;	       err32
20250724;	143036;	1753347636.000;	       err32
20250724;	143040;	1753347640.000;	       err32
20250724;	143044;	1753347644.000;	       err32
20250724;	143048;	1753347648.000;	       err32
20250724;	143052;	1753347652.000;	       err32
20250724;	143056;	1753347656.000;	       err32
20250724;	143100;	1753347660.000;	       err32
20250724;	143104;	1753347664.000;	       err32
20250724;	143108;	1753347668.000;	       err32
20250724;	143112;	1753347672.000;	       err32
20250724;	143116;	1753347676.000;	       err32
20250724;	143120;	1753347680.000;	       err32
20250724;	143124;	1753347684.000;	       err32
20250724;	143128;	1753347688.000;	       err32
20250724;	143132;	1753347692.000;	       err32
20250724;	143136;	1753347696.000;	       err32
20250724;	143140;	1753347700.000;	       err32
20250724;	143144;	1753347704.000;	       err32
20250724;	143148;	1753347708.000;	       err32
20250724;	143152;	1753347712.000;	       err32
20250724;	143156;	1753347716.000;	       err32
20250724;	143200;	1753347720.000;	       err32
20250724;	143204;	1753347724.000;	       err32
20250724;	143208;	1753347728.000;	       err32
20250724;	143212;	1753347732.000;	       err32
20250724;	143216;	1753347736.000;	       err32
20250724;	143220;	1753347740.000;	       err32
20250724;	143224;	1753347744.000;	       err32
20250724;	143228;	1753347748.000;	       err32
20250724;	143232;	1753347752.000;	       err32
20250724;	143236;	1753347756.000;	       err32
20250724;	143240;	1753347760.000;	       err32
20250724;	143244;	1753347764.000;	       err32
20250724;	143248;	1753347768.000;	       err32
20250724;	143252;	1753347772.000;	       err32
20250724;	143256;	1753347776.000;	       err32
20250724;	143300;	1753347780.000;	       err32
20250724;	143304;	1753347784.000;	       err32
20250724;	143308;	1753347788.000;	       err32
20250724;	143312;	1753347792.000;	       err32
20250724;	143316;	1753347796.000;	       err32
20250724;	143320;	1753347800.000;	       err32
20250724;	143324;	1753347804.000;	       err32
20250724;	143328;	1753347808.000;	       err32
20250724;	143332;	1753347812.000;	       err32
20250724;	143336;	1753347816.000;	       err32
20250724;	143340;	1753347820.000;	       err32
20250724;	143344;	1753347824.000;	       err32
20250724;	143348;	1753347828.000;	       err32
20250724;	143352;	1753347832.000;	       err32
20250724;	143356;	1753347836.000;	       err32
20250724;	143400;	1753347840.000;	       err32
20250724;	143404;	1753347844.000;	       err32
20250724;	143408;	1753347848.000;	       err32
20250724;	143412;	1753347852.000;	       err32
20250724;	143416;	1753347856.000;	       err32
20250724;	143420;	1753347860.000;	       err32
20250724;	143424;	1753347864.000;	       err32
20250724;	143428;	1753347868.000;	       err32
20250724;	143432;	1753347872.000;	       err32
20250724;	143436;	1753347876.000;	       err32
20250724;	143440;	1753347880.000;	       err32
20250724;	143444;	1753347884.000;	       err32
20250724;	143448;	1753347888.000;	       err32
20250724;	143452;	1753347892.000;	       err32
20250724;	143456;	1753347896.000;	       err32
20250724;	143500;	1753347900.000;	       err32
20250724;	143504;	1753347904.000;	       err32
20250724;	143508;	1753347908.000;	       err32
20250724;	143512;	1753347912.000;	       err32
20250724;	143516;	1753347916.000;	       err32
20250724;	143520;	1753347920.000;	       err32
20250724;	143524;	1753347924.000;	       err32
20250724;	143528;	1753347928.000;	       err32
20250724;	143532;	1753347932.000;	       err32
20250724;	143536;	1753347936.000;	       err32
20250724;	143540;	1753347940.000;	       err32
20250724;	143544;	1753347944.000;	       err32
20250724;	143548;	1753347948.000;	       err32
20250724;	143552;	1753347952.000;	       err32
20250724;	143556;	1753347956.000;	       err32
20250724;	143600;	1753347960.000;	       err32
20250724;	143604;	1753347964.000;	       err32
20250724;	143608;	1753347968.000;	       err32
20250724;	143612;	1753347972.000;	       err32
20250724;	143616;	1753347976.000;	       err32
20250724;	143620;	1753347980.000;	       err32
20250724;	143624;	1753347984.000;	       err32
20250724;	143628;	1753347988.000;	       err32
20250724;	143632;	1753347992.000;	       err32
20250724;	143636;	1753347996.000;	       err32
20250724;	143640;	1753348000.000;	       err32
20250724;	143644;	1753348004.000;	       err32
20250724;	143648;	1753348008.000;	       err32
20250724;	143652;	1753348012.000;	       err32
20250724;	143656;	1753348016.000;	       err32
20250724;	143700;	1753348020.000;	       err32
20250724;	143704;	1753348024.000;	       err32
20250724;	143708;	1753348028.000;	       err32
20250724;	143712;	1753348032.000;	       err32
20250724;	143716;	1753348036.000;	       err32
20250724;	143720;	1753348040.000;	       err32
20250724;	143724;	1753348044.000;	       err32
20250724;	143728;	1753348048.000;	       err32
20250724;	143732;	1753348052.000;	       err32
20250724;	143736;	1753348056.000;	       err32
20250724;	143740;	1753348060.000;	       err32
20250724;	143744;	1753348064.000;	       err32
20250724;	143748;	1753348068.000;	       err32
20250724;	143752;	1753348072.000;	       err32
20250724;	143756;	1753348076.000;	       err32
20250724;	143800;	1753348080.000;	       err32
20250724;	143804;	1753348084.000;	       err32
20250724;	143808;	1753348088.000;	       err32
20250724;	143812;	1753348092.000;	       err32
20250724;	143816;	1753348096.000;	       err32
20250724;	143820;	1753348100.000;	       err32
20250724;	143824;	1753348104.000;	       err32
20250724;	143828;	1753348108.000;	       err32
20250724;	143832;	1753348112.000;	       err32
20250724;	143836;	1753348116.000;	       err32
20250724;	143840;	1753348120.000;	       err32
20250724;	143844;	1753348124.000;	       err32
20250724;	143848;	1753348128.000;	       err32
20250724;	143852;	1753348132.000;	       err32
20250724;	143856;	1753348136.000;	       err32
20250724;	143900;	1753348140.000;	       err32
20250724;	143904;	1753348144.000;	       err32
20250724;	143908;	1753348148.000;	       err32
20250724;	143912;	1753348152.000;	       err32
20250724;	143916;	1753348156.000;	       err32
20250724;	143920;	1753348160.000;	       err32
20250724;	143924;	1753348164.000;	       err32
20250724;	143928;	1753348168.000;	       err32
20250724;	143932;	1753348172.000;	       err32
20250724;	143936;	1753348176.000;	       err32
20250724;	143940;	1753348180.000;	       err32
20250724;	143944;	1753348184.000;	       err32
20250724;	143948;	1753348188.000;	       err32
20250724;	143952;	1753348192.000;	       err32
20250724;	143956;	1753348196.000;	       err32
20250724;	144000;	1753348200.000;	       err32
20250724;	144004;	1753348204.000;	       err32
20250724;	144008;	1753348208.000;	       err32
20250724;	144012;	1753348212.000;	       err32
20250724;	144016;	1753348216.000;	       err32
20250724;	144020;	1753348220.000;	       err32
20250724;	144024;	1753348224.000;	       err32
20250724;	144028;	1753348228.000;	       err32
20250724;	144032;	1753348232.000;	       err32
20250724;	144036;	1753348236.000;	       err32
20250724;	144040;	1753348240.000;	       err32
20250724;	144044;	1753348244.000;	       err32
20250724;	144048;	1753348248.000;	       err32
20250724;	144052;	1753348252.000;	       err32
20250724;	144056;	1753348256.000;	       err32
20250724;	144100;	1753348260.000;	       err32
20250724;	144104;	1753348264.000;	       err32
20250724;	144108;	1753348268.000;	       err32
20250724;	144112;	1753348272.000;	       err32
20250724;	144116;	1753348276.000;	       err32
20250724;	144120;	1753348280.000;	       err32
20250724;	144124;	1753348284.000;	       err32
20250724;	144128;	1753348288.000;	       err32
20250724;	144132;	1753348292.000;	       err32
20250724;	144136;	1753348296.000;	       err32
20250724;	144140;	1753348300.000;	       err32
20250724;	144144;	1753348304.000;	       err32
20250724;	144148;	1753348308.000;	       err32
20250724;	144152;	1753348312.000;	       err32
20250724;	144156;	1753348316.000;	       err32
20250724;	144200;	1753348320.000;	       err32
20250724;	144204;	1753348324.000;	       err32
20250724;	144208;	1753348328.000;	       err32
20250724;	144212;	1753348332.000;	       err32
20250724;	144216;	1753348336.000;	       err32
20250724;	144220;	1753348340.000;	       err32
20250724;	144224;	1753348344.000;	       err32
20250724;	144228;	1753348348.000;	       err32
20250724;	144232;	1753348352.000;	       err32
20250724;	144236;	1753348356.000;	       err32
20250724;	144240;	1753348360.000;	       err32
20250724;	144244;	1753348364.000;	       err32
20250724;	144248;	1753348368.000;	       err32
20250724;	144252;	1753348372.000;	       err32
20250724;	144256;	1753348376.000;	       err32
20250724;	144300;	1753348380.000;	       err32
20250724;	144304;	1753348384.000;	       err32
20250724;	144308;	1753348388.000;	       err32
20250724;	144312;	1753348392.000;	       err32
20250724;	144316;	1753348396.000;	       err32
20250724;	144320;	1753348400.000;	       err32
20250724;	144324;	1753348404.000;	       err32
20250724;	144328;	1753348408.000;	       err32
20250724;	144332;	1753348412.000;	       err32
20250724;	144336;	1753348416.000;	       err32
20250724;	144340;	1753348420.000;	       err32
20250724;	144344;	1753348424.000;	       err32
20250724;	144348;	1753348428.000;	       err32
20250724;	144352;	1753348432.000;	       err32
20250724;	144356;	1753348436.000;	       err32
20250724;	144400;	1753348440.000;	       err32
20250724;	144404;	1753348444.000;	       err32
20250724;	144408;	1753348448.000;	       err32
20250724;	144412;	1753348452.000;	       err32
20250724;	144416;	1753348456.000;	       err32
20250724;	144420;	1753348460.000;	       err32
20250724;	144424;	1753348464.000;	       err32
20250724;	144428;	1753348468.000;	       err32
20250724;	144432;	1753348472.000;	       err32
20250724;	144436;	1753348476.000;	       err32
20250724;	144440;	1753348480.000;	       err32
20250724;	144444;	1753348484.000;	       err32
20250724;	144448;	1753348488.000;	       err32
20250724;	144452;	1753348492.000;	       err32
20250724;	144456;	1753348496.000;	       err32
20250724;	144500;	1753348500.000;	       err32
20250724;	144504;	1753348504.000;	       err32
20250724;	144508;	1753348508.000;	       err32
20250724;	144512;	1753348512.000;	       err32
20250724;	144516;	1753348516.000;	       err32
20250724;	144520;	1753348520.000;	       err32
20250724;	144524;	1753348524.000;	       err32
20250724;	144528;	1753348528.000;	       err32
20250724;	144532;	1753348532.000;	       err32
20250724;	144536;	1753348536.000;	       err32
20250724;	144540;	1753348540.000;	       err32
20250724;	144544;	1753348544.000;	       err32
20250724;	144548;	1753348548.000;	       err32
20250724;	144552;	1753348552.000;	       err32
20250724;	144556;	1753348556.000;	       err32
20250724;	144600;	1753348560.000;	       err32
20250724;	144604;	1753348564.000;	       err32
20250724;	144608;	1753348568.000;	       err32
20250724;	144612;	1753348572.000;	       err32
20250724;	144616;	1753348576.000;	       err32
20250724;	144620;	1753348580.000;	       err32
20250724;	144624;	1753348584.000;	       err32
20250724;	144628;	1753348588.000;	       err32
20250724;	144632;	1753348592.000;	       err32
20250724;	144636;	1753348596.000;	       err32
20250724;	144640;	1753348600.000;	       err32
20250724;	144644;	1753348604.000;	       err32
20250724;	144648;	1753348608.000;	       err32
20250724;	144652;	1753348612.000;	       err32
20250724;	144656;	1753348616.000;	       err32
20250724;	144700;	1753348620.000;	       err32
20250724;	144704;	1753348624.000;	       err32
20250724;	144708;	1753348628.000;	       err32
20250724;	144712;	1753348632.000;	       err32
20250724;	144716;	1753348636.000;	       err32
20250724;	144720;	1753348640.000;	       err32
20250724;	144724;	1753348644.000;	       err32
20250724;	144728;	1753348648.000;	       err32
20250724;	144732;	1753348652.000;	       err32
20250724;	144736;	1753348656.000;	       err32
20250724;	144740;	1753348660.000;	       err32
20250724;	144744;	1753348664.000;	       err32
20250724;	144748;	1753348668.000;	       err32
20250724;	144752;	1753348672.000;	       err32
20250724;	144756;	1753348676.000;	       err32
20250724;	144800;	1753348680.000;	       err32
20250724;	144804;	1753348684.000;	       err32
20250724;	144808;	1753348688.000;	       err32
20250724;	144812;	1753348692.000;	       err32
20250724;	144816;	1753348696.000;	       err32
20250724;	144820;	1753348700.000;	       err32
20250724;	144824;	1753348704.000;	       err32
20250724;	144828;	1753348708.000;	       err32
20250724;	144832;	1753348712.000;	       err32
20250724;	144836;	1753348716.000;	       err32
20250724;	144840;	1753348720.000;	       err32
20250724;	144844;	1753348724.000;	       err32
20250724;	144848;	1753348728.000;	       err32
20250724;	144852;	1753348732.000;	       err32
20250724;	144856;	1753348736.000;	       err32
20250724;	144900;	1753348740.000;	       err32
20250724;	144904;	1753348744.000;	       err32
20250724;	144908;	1753348748.000;	       err32
20250724;	144912;	1753348752.000;	       err32
20250724;	144916;	1753348756.000;	       err32
20250724;	144920;	1753348760.000;	       err32
20250724;	144924;	1753348764.000;	       err32
20250724;	144928;	1753348768.000;	       err32
20250724;	144932;	1753348772.000;	       err32
20250724;	144936;	1753348776.000;	       err32
20250724;	144940;	1753348780.000;	       err32
20250724;	144944;	1753348784.000;	       err32
20250724;	144948;	1753348788.000;	       err32
20250724;	144952;	1753348792.000;	       err32
20250724;	144956;	1753348796.000;	       err32
20250724;	145000;	1753348800.000;	       err32
20250724;	145004;	1753348804.000;	       err32
20250724;	145008;	1753348808.000;	       err32
20250724;	145012;	1753348812.000;	       err32
20250724;	145016;	1753348816.000;	       err32
20250724;	145020;	1753348820.000;	       err32
20250724;	145024;	1753348824.000;	       err32
20250724;	145028;	1753348828.000;	       err32
20250724;	145032;	1753348832.000;	       err32
20250724;	145036;	1753348836.000;	       err32
20250724;	145040;	1753348840.000;	       err32
20250724;	145044;	1753348844.000;	       err32
20250724;	145048;	1753348848.000;	       err32
20250724;	145052;	1753348852.000;	       err32
20250724;	145056;	1753348856.000;	       err32
20250724;	145100;	1753348860.000;	       err32
20250724;	145104;	1753348864.000;	       err32
20250724;	145108;	1753348868.000;	       err32
20250724;	145112;	1753348872.000;	       err32
20250724;	145116;	1753348876.000;	       err32
20250724;	145120;	1753348880.000;	       err32
20250724;	145124;	1753348884.000;	       err32
20250724;	145128;	1753348888.000;	       err32
20250724;	145132;	1753348892.000;	       err32
20250724;	145136;	1753348896.000;	       err32
20250724;	145140;	1753348900.000;	       err32
20250724;	145144;	1753348904.000;	       err32
20250724;	145148;	1753348908.000;	       err32
20250724;	145152;	1753348912.000;	       err32
20250724;	145156;	1753348916.000;	       err32
20250724;	145200;	1753348920.000;	       err32
20250724;	145204;	1753348924.000;	       err32
20250724;	145208;	1753348928.000;	       err32
20250724;	145212;	1753348932.000;	       err32
20250724;	145216;	1753348936.000;	       err32
20250724;	145220;	1753348940.000;	       err32
20250724;	145224;	1753348944.000;	       err32
20250724;	145228;	1753348948.000;	       err32
20250724;	145232;	1753348952.000;	       err32
20250724;	145236;	1753348956.000;	       err32
20250724;	145240;	1753348960.000;	       err32
20250724;	145244;	1753348964.000;	       err32
20250724;	145248;	1753348968.000;	       err32
20250724;	145252;	1753348972.000;	       err32
20250724;	145256;	1753348976.000;	       err32
20250724;	145300;	1753348980.000;	       err32
20250724;	145304;	1753348984.000;	       err32
20250724;	145308;	1753348988.000;	       err32
20250724;	145312;	1753348992.000;	       err32
20250724;	145316;	1753348996.000;	       err32
20250724;	145320;	1753349000.000;	       err32
20250724;	145324;	1753349004.000;	       err32
20250724;	145328;	1753349008.000;	       err32
20250724;	145332;	1753349012.000;	       err32
20250724;	145336;	1753349016.000;	       err32
20250724;	145340;	1753349020.000;	       err32
20250724;	145344;	1753349024.000;	       err32
20250724;	145348;	1753349028.000;	       err32
20250724;	145352;	1753349032.000;	       err32
20250724;	145356;	1753349036.000;	       err32
20250724;	145400;	1753349040.000;	       err32
20250724;	145404;	1753349044.000;	       err32
20250724;	145408;	1753349048.000;	       err32
20250724;	145412;	1753349052.000;	       err32
20250724;	145416;	1753349056.000;	       err32
20250724;	145420;	1753349060.000;	       err32
20250724;	145424;	1753349064.000;	       err32
20250724;	145428;	1753349068.000;	       err32
20250724;	145432;	1753349072.000;	       err32
20250724;	145436;	1753349076.000;	       err32
20250724;	145440;	1753349080.000;	       err32
20250724;	145444;	1753349084.000;	       err32
20250724;	145448;	1753349088.000;	       err32
20250724;	145452;	1753349092.000;	       err32
20250724;	145456;	1753349096.000;	       err32
20250724;	145500;	1753349100.000;	       err32
20250724;	145504;	1753349104.000;	       err32
20250724;	145508;	1753349108.000;	       err32
20250724;	145512;	1753349112.000;	       err32
20250724;	145516;	1753349116.000;	       err32
20250724;	145520;	1753349120.000;	       err32
20250724;	145524;	1753349124.000;	       err32
20250724;	145528;	1753349128.000;	       err32
20250724;	145532;	1753349132.000;	       err32
20250724;	145536;	1753349136.000;	       err32
20250724;	145540;	1753349140.000;	       err32
20250724;	145544;	1753349144.000;	       err32
20250724;	145548;	1753349148.000;	       err32
20250724;	145552;	1753349152.000;	       err32
20250724;	145556;	1753349156.000;	       err32
20250724;	145600;	1753349160.000;	       err32
20250724;	145604;	1753349164.000;	       err32
20250724;	145608;	1753349168.000;	       err32
20250724;	145612;	1753349172.000;	       err32
20250724;	145616;	1753349176.000;	       err32
20250724;	145620;	1753349180.000;	       err32
20250724;	145624;	1753349184.000;	       err32
20250724;	145628;	1753349188.000;	       err32
20250724;	145632;	1753349192.000;	       err32
20250724;	145636;	1753349196.000;	       err32
20250724;	145640;	1753349200.000;	       err32
20250724;	145644;	1753349204.000;	       err32
20250724;	145648;	1753349208.000;	       err32
20250724;	145652;	1753349212.000;	       err32
20250724;	145656;	1753349216.000;	       err32
20250724;	145700;	1753349220.000;	       err32
20250724;	145704;	1753349224.000;	       err32
20250724;	145708;	1753349228.000;	       err32
20250724;	145712;	1753349232.000;	       err32
20250724;	145716;	1753349236.000;	       err32
20250724;	145720;	1753349240.000;	       err32
20250724;	145724;	1753349244.000;	       err32
20250724;	145728;	1753349248.000;	       err32
20250724;	145732;	1753349252.000;	       err32
20250724;	145736;	1753349256.000;	       err32
20250724;	145740;	1753349260.000;	       err32
20250724;	145744;	1753349264.000;	       err32
20250724;	145748;	1753349268.000;	       err32
20250724;	145752;	1753349272.000;	       err32
20250724;	145756;	1753349276.000;	       err32
20250724;	145800;	1753349280.000;	       err32
20250724;	145804;	1753349284.000;	       err32
20250724;	145808;	1753349288.000;	       err32
20250724;	145812;	1753349292.000;	       err32
20250724;	145816;	1753349296.000;	       err32
20250724;	145820;	1753349300.000;	       err32
20250724;	145824;	1753349304.000;	       err32
20250724;	145828;	1753349308.000;	       err32
20250724;	145832;	1753349312.000;	       err32
20250724;	145836;	1753349316.000;	       err32
20250724;	145840;	1753349320.000;	       err32
20250724;	145844;	1753349324.000;	       err32
20250724;	145848;	1753349328.000;	       err32
20250724;	145852;	1753349332.000;	       err32
20250724;	145856;	1753349336.000;	       err32
20250724;	145900;	1753349340.000;	       err32
20250724;	145904;	1753349344.000;	       err32
20250724;	145908;	1753349348.000;	       err32
20250724;	145912;	1753349352.000;	       err32
20250724;	145916;	1753349356.000;	       err32
20250724;	145920;	1753349360.000;	       err32
20250724;	145924;	1753349364.000;	       err32
20250724;	145928;	1753349368.000;	       err32
20250724;	145932;	1753349372.000;	       err32
20250724;	145936;	1753349376.000;	       err32
20250724;	145940;	1753349380.000;	       err32
20250724;	145944;	1753349384.000;	       err32
20250724;	145948;	1753349388.000;	       err32
20250724;	145952;	1753349392.000;	       err32
20250724;	145956;	1753349396.000;	       err32
20250724;	150000;	1753349400.000;	       err32
20250724;	150004;	1753349404.000;	       err32
20250724;	150008;	1753349408.000;	       err32
20250724;	150012;	1753349412.000;	       err32
20250724;	150016;	1753349416.000;	       err32
20250724;	150020;	1753349420.000;	       err32
20250724;	150024;	1753349424.000;	       err32
20250724;	150028;	1753349428.000;	       err32
20250724;	150032;	1753349432.000;	       err32
20250724;	150036;	1753349436.000;	       err32
20250724;	150040;	1753349440.000;	       err32
20250724;	150044;	1753349444.000;	       err32
20250724;	150048;	1753349448.000;	       err32
20250724;	150052;	1753349452.000;	       err32
20250724;	150056;	1753349456.000;	       err32
20250724;	150100;	1753349460.000;	       err32
20250724;	150104;	1753349464.000;	       err32
20250724;	150108;	1753349468.000;	       err32
20250724;	150112;	1753349472.000;	       err32
20250724;	150116;	1753349476.000;	       err32
20250724;	150120;	1753349480.000;	       err32
20250724;	150124;	1753349484.000;	       err32
20250724;	150128;	1753349488.000;	       err32
20250724;	150132;	1753349492.000;	       err32
20250724;	150136;	1753349496.000;	       err32
20250724;	150140;	1753349500.000;	       err32
20250724;	150144;	1753349504.000;	       err32
20250724;	150148;	1753349508.000;	       err32
20250724;	150152;	1753349512.000;	       err32
20250724;	150156;	1753349516.000;	       err32
20250724;	150200;	1753349520.000;	       err32
20250724;	150204;	1753349524.000;	       err32
20250724;	150208;	1753349528.000;	       err32
20250724;	150212;	1753349532.000;	       err32
20250724;	150216;	1753349536.000;	       err32
20250724;	150220;	1753349540.000;	       err32
20250724;	150224;	1753349544.000;	       err32
20250724;	150228;	1753349548.000;	       err32
20250724;	150232;	1753349552.000;	       err32
20250724;	150236;	1753349556.000;	       err32
20250724;	150240;	1753349560.000;	       err32
20250724;	150244;	1753349564.000;	       err32
20250724;	150248;	1753349568.000;	       err32
20250724;	150252;	1753349572.000;	       err32
20250724;	150256;	1753349576.000;	       err32
20250724;	150300;	1753349580.000;	       err32
20250724;	150304;	1753349584.000;	       err32
20250724;	150308;	1753349588.000;	       err32
20250724;	150312;	1753349592.000;	       err32
20250724;	150316;	1753349596.000;	       err32
20250724;	150320;	1753349600.000;	       err32
20250724;	150324;	1753349604.000;	       err32
20250724;	150328;	1753349608.000;	       err32
20250724;	150332;	1753349612.000;	       err32
20250724;	150336;	1753349616.000;	       err32
20250724;	150340;	1753349620.000;	       err32
20250724;	150344;	1753349624.000;	       err32
20250724;	150348;	1753349628.000;	       err32
20250724;	150352;	1753349632.000;	       err32
20250724;	150356;	1753349636.000;	       err32
20250724;	150400;	1753349640.000;	       err32
20250724;	150404;	1753349644.000;	       err32
20250724;	150408;	1753349648.000;	       err32
20250724;	150412;	1753349652.000;	       err32
20250724;	150416;	1753349656.000;	       err32
20250724;	150420;	1753349660.000;	       err32
20250724;	150424;	1753349664.000;	       err32
20250724;	150428;	1753349668.000;	       err32
20250724;	150432;	1753349672.000;	       err32
20250724;	150436;	1753349676.000;	       err32
20250724;	150440;	1753349680.000;	       err32
20250724;	150444;	1753349684.000;	       err32
20250724;	150448;	1753349688.000;	       err32
20250724;	150452;	1753349692.000;	       err32
20250724;	150456;	1753349696.000;	       err32
20250724;	150500;	1753349700.000;	       err32
20250724;	150504;	1753349704.000;	       err32
20250724;	150508;	1753349708.000;	       err32
20250724;	150512;	1753349712.000;	       err32
20250724;	150516;	1753349716.000;	       err32
20250724;	150520;	1753349720.000;	       err32
20250724;	150524;	1753349724.000;	       err32
20250724;	150528;	1753349728.000;	       err32
20250724;	150532;	1753349732.000;	       err32
20250724;	150536;	1753349736.000;	       err32
20250724;	150540;	1753349740.000;	       err32
20250724;	150544;	1753349744.000;	       err32
20250724;	150548;	1753349748.000;	       err32
20250724;	150552;	1753349752.000;	       err32
20250724;	150556;	1753349756.000;	       err32
20250724;	150600;	1753349760.000;	       err32
20250724;	150604;	1753349764.000;	       err32
20250724;	150608;	1753349768.000;	       err32
20250724;	150612;	1753349772.000;	       err32
20250724;	150616;	1753349776.000;	       err32
20250724;	150620;	1753349780.000;	       err32
20250724;	150624;	1753349784.000;	       err32
20250724;	150628;	1753349788.000;	       err32
20250724;	150632;	1753349792.000;	       err32
20250724;	150636;	1753349796.000;	       err32
20250724;	150640;	1753349800.000;	       err32
20250724;	150644;	1753349804.000;	       err32
20250724;	150648;	1753349808.000;	       err32
20250724;	150652;	1753349812.000;	       err32
20250724;	150656;	1753349816.000;	       err32
20250724;	150700;	1753349820.000;	       err32
20250724;	150704;	1753349824.000;	       err32
20250724;	150708;	1753349828.000;	       err32
20250724;	150712;	1753349832.000;	       err32
20250724;	150716;	1753349836.000;	       err32
20250724;	150720;	1753349840.000;	       err32
20250724;	150724;	1753349844.000;	       err32
20250724;	150728;	1753349848.000;	       err32
20250724;	150732;	1753349852.000;	       err32
20250724;	150736;	1753349856.000;	       err32
20250724;	150740;	1753349860.000;	       err32
20250724;	150744;	1753349864.000;	       err32
20250724;	150748;	1753349868.000;	       err32
20250724;	150752;	1753349872.000;	       err32
20250724;	150756;	1753349876.000;	       err32
20250724;	150800;	1753349880.000;	       err32
20250724;	150804;	1753349884.000;	       err32
20250724;	150808;	1753349888.000;	       err32
20250724;	150812;	1753349892.000;	       err32
20250724;	150816;	1753349896.000;	       err32
20250724;	150820;	1753349900.000;	       err32
20250724;	150824;	1753349904.000;	       err32
20250724;	150828;	1753349908.000;	       err32
20250724;	150832;	1753349912.000;	       err32
20250724;	150836;	1753349916.000;	       err32
20250724;	150840;	1753349920.000;	       err32
20250724;	150844;	1753349924.000;	       err32
20250724;	150848;	1753349928.000;	       err32
20250724;	150852;	1753349932.000;	       err32
20250724;	150856;	1753349936.000;	       err32
20250724;	150900;	1753349940.000;	       err32
20250724;	150904;	1753349944.000;	       err32
20250724;	150908;	1753349948.000;	       err32
20250724;	150912;	1753349952.000;	       err32
20250724;	150916;	1753349956.000;	       err32
20250724;	150920;	1753349960.000;	       err32
20250724;	150924;	1753349964.000;	       err32
20250724;	150928;	1753349968.000;	       err32
20250724;	150932;	1753349972.000;	       err32
20250724;	150936;	1753349976.000;	       err32
20250724;	150940;	1753349980.000;	       err32
20250724;	150944;	1753349984.000;	       err32
20250724;	150948;	1753349988.000;	       err32
20250724;	150952;	1753349992.000;	       err32
20250724;	150956;	1753349996.000;	       err32
20250724;	151000;	1753350000.000;	       err32
20250724;	151004;	1753350004.000;	       err32
20250724;	151008;	1753350008.000;	       err32
20250724;	151012;	1753350012.000;	       err32
20250724;	151016;	1753350016.000;	       err32
20250724;	151020;	1753350020.000;	       err32
20250724;	151024;	1753350024.000;	       err32
20250724;	151028;	1753350028.000;	       err32
20250724;	151032;	1753350032.000;	       err32
20250724;	151036;	1753350036.000;	       err32
20250724;	151040;	1753350040.000;	       err32
20250724;	151044;	1753350044.000;	       err32
20250724;	151048;	1753350048.000;	       err32
20250724;	151052;	1753350052.000;	       err32
20250724;	151056;	1753350056.000;	       err32
20250724;	151100;	1753350060.000;	       err32
20250724;	151104;	1753350064.000;	       err32
20250724;	151108;	1753350068.000;	       err32
20250724;	151112;	1753350072.000;	       err32
20250724;	151116;	1753350076.000;	       err32
20250724;	151120;	1753350080.000;	       err32
20250724;	151124;	1753350084.000;	       err32
20250724;	151128;	1753350088.000;	       err32
20250724;	151132;	1753350092.000;	       err32
20250724;	151136;	1753350096.000;	       err32
20250724;	151140;	1753350100.000;	       err32
20250724;	151144;	1753350104.000;	       err32
20250724;	151148;	1753350108.000;	       err32
20250724;	151152;	1753350112.000;	       err32
20250724;	151156;	1753350116.000;	       err32
20250724;	151200;	1753350120.000;	       err32
20250724;	151204;	1753350124.000;	       err32
20250724;	151208;	1753350128.000;	       err32
20250724;	151212;	1753350132.000;	       err32
20250724;	151216;	1753350136.000;	       err32
20250724;	151220;	1753350140.000;	       err32
20250724;	151224;	1753350144.000;	       err32
20250724;	151228;	1753350148.000;	       err32
20250724;	151232;	1753350152.000;	       err32
20250724;	151236;	1753350156.000;	       err32
20250724;	151240;	1753350160.000;	       err32
20250724;	151244;	1753350164.000;	       err32
20250724;	151248;	1753350168.000;	       err32
20250724;	151252;	1753350172.000;	       err32
20250724;	151256;	1753350176.000;	       err32
20250724;	151300;	1753350180.000;	       err32
20250724;	151304;	1753350184.000;	       err32
20250724;	151308;	1753350188.000;	       err32
20250724;	151312;	1753350192.000;	       err32
20250724;	151316;	1753350196.000;	       err32
20250724;	151320;	1753350200.000;	       err32
20250724;	151324;	1753350204.000;	       err32
20250724;	151328;	1753350208.000;	       err32
20250724;	151332;	1753350212.000;	       err32
20250724;	151336;	1753350216.000;	       err32
20250724;	151340;	1753350220.000;	       err32
20250724;	151344;	1753350224.000;	       err32
20250724;	151348;	1753350228.000;	       err32
20250724;	151352;	1753350232.000;	       err32
20250724;	151356;	1753350236.000;	       err32
20250724;	151400;	1753350240.000;	       err32
20250724;	151404;	1753350244.000;	       err32
20250724;	151408;	1753350248.000;	       err32
20250724;	151412;	1753350252.000;	       err32
20250724;	151416;	1753350256.000;	       err32
20250724;	151420;	1753350260.000;	       err32
20250724;	151424;	1753350264.000;	       err32
20250724;	151428;	1753350268.000;	       err32
20250724;	151432;	1753350272.000;	       err32
20250724;	151436;	1753350276.000;	       err32
20250724;	151440;	1753350280.000;	       err32
20250724;	151444;	1753350284.000;	       err32
20250724;	151448;	1753350288.000;	       err32
20250724;	151452;	1753350292.000;	       err32
20250724;	151456;	1753350296.000;	       err32
20250724;	151500;	1753350300.000;	       err32
20250724;	151504;	1753350304.000;	       err32
20250724;	151508;	1753350308.000;	       err32
20250724;	151512;	1753350312.000;	       err32
20250724;	151516;	1753350316.000;	       err32
20250724;	151520;	1753350320.000;	       err32
20250724;	151524;	1753350324.000;	       err32
20250724;	151528;	1753350328.000;	       err32
20250724;	151532;	1753350332.000;	       err32
20250724;	151536;	1753350336.000;	       err32
20250724;	151540;	1753350340.000;	       err32
20250724;	151544;	1753350344.000;	       err32
20250724;	151548;	1753350348.000;	       err32
20250724;	151552;	1753350352.000;	       err32
20250724;	151556;	1753350356.000;	       err32
20250724;	151600;	1753350360.000;	       err32
20250724;	151604;	1753350364.000;	       err32
20250724;	151608;	1753350368.000;	       err32
20250724;	151612;	1753350372.000;	       err32
20250724;	151616;	1753350376.000;	       err32
20250724;	151620;	1753350380.000;	       err32
20250724;	151624;	1753350384.000;	       err32
20250724;	151628;	1753350388.000;	       err32
20250724;	151632;	1753350392.000;	       err32
20250724;	151636;	1753350396.000;	       err32
20250724;	151640;	1753350400.000;	       err32
20250724;	151644;	1753350404.000;	       err32
20250724;	151648;	1753350408.000;	       err32
20250724;	151652;	1753350412.000;	       err32
20250724;	151656;	1753350416.000;	       err32
20250724;	151700;	1753350420.000;	       err32
20250724;	151704;	1753350424.000;	       err32
20250724;	151708;	1753350428.000;	       err32
20250724;	151712;	1753350432.000;	       err32
20250724;	151716;	1753350436.000;	       err32
20250724;	151720;	1753350440.000;	       err32
20250724;	151724;	1753350444.000;	       err32
20250724;	151728;	1753350448.000;	       err32
20250724;	151732;	1753350452.000;	       err32
20250724;	151736;	1753350456.000;	       err32
20250724;	151740;	1753350460.000;	       err32
20250724;	151744;	1753350464.000;	       err32
20250724;	151748;	1753350468.000;	       err32
20250724;	151752;	1753350472.000;	       err32
20250724;	151756;	1753350476.000;	       err32
20250724;	151800;	1753350480.000;	       err32
20250724;	151804;	1753350484.000;	       err32
20250724;	151808;	1753350488.000;	       err32
20250724;	151812;	1753350492.000;	       err32
20250724;	151816;	1753350496.000;	       err32
20250724;	151820;	1753350500.000;	       err32
20250724;	151824;	1753350504.000;	       err32
20250724;	151828;	1753350508.000;	       err32
20250724;	151832;	1753350512.000;	       err32
20250724;	151836;	1753350516.000;	       err32
20250724;	151840;	1753350520.000;	       err32
20250724;	151844;	1753350524.000;	       err32
20250724;	151848;	1753350528.000;	       err32
20250724;	151852;	1753350532.000;	       err32
20250724;	151856;	1753350536.000;	       err32
20250724;	151900;	1753350540.000;	       err32
20250724;	151904;	1753350544.000;	       err32
20250724;	151908;	1753350548.000;	       err32
20250724;	151912;	1753350552.000;	       err32
20250724;	151916;	1753350556.000;	       err32
20250724;	151920;	1753350560.000;	       err32
20250724;	151924;	1753350564.000;	       err32
20250724;	151928;	1753350568.000;	       err32
20250724;	151932;	1753350572.000;	       err32
20250724;	151936;	1753350576.000;	       err32
20250724;	151940;	1753350580.000;	       err32
20250724;	151944;	1753350584.000;	       err32
20250724;	151948;	1753350588.000;	       err32
20250724;	151952;	1753350592.000;	       err32
20250724;	151956;	1753350596.000;	       err32
20250724;	152000;	1753350600.000;	       err32
20250724;	152004;	1753350604.000;	       err32
20250724;	152008;	1753350608.000;	       err32
20250724;	152012;	1753350612.000;	       err32
20250724;	152016;	1753350616.000;	       err32
20250724;	152020;	1753350620.000;	       err32
20250724;	152024;	1753350624.000;	       err32
20250724;	152028;	1753350628.000;	       err32
20250724;	152032;	1753350632.000;	       err32
20250724;	152036;	1753350636.000;	       err32
20250724;	152040;	1753350640.000;	       err32
20250724;	152044;	1753350644.000;	       err32
20250724;	152048;	1753350648.000;	       err32
20250724;	152052;	1753350652.000;	       err32
20250724;	152056;	1753350656.000;	       err32
20250724;	152100;	1753350660.000;	       err32
20250724;	152104;	1753350664.000;	       err32
20250724;	152108;	1753350668.000;	       err32
20250724;	152112;	1753350672.000;	       err32
20250724;	152116;	1753350676.000;	       err32
20250724;	152120;	1753350680.000;	       err32
20250724;	152124;	1753350684.000;	       err32
20250724;	152128;	1753350688.000;	       err32
20250724;	152132;	1753350692.000;	       err32
20250724;	152136;	1753350696.000;	       err32
20250724;	152140;	1753350700.000;	       err32
20250724;	152144;	1753350704.000;	       err32
20250724;	152148;	1753350708.000;	       err32
20250724;	152152;	1753350712.000;	       err32
20250724;	152156;	1753350716.000;	       err32
20250724;	152200;	1753350720.000;	       err32
20250724;	152204;	1753350724.000;	       err32
20250724;	152208;	1753350728.000;	       err32
20250724;	152212;	1753350732.000;	       err32
20250724;	152216;	1753350736.000;	       err32
20250724;	152220;	1753350740.000;	       err32
20250724;	152224;	1753350744.000;	       err32
20250724;	152228;	1753350748.000;	       err32
20250724;	152232;	1753350752.000;	       err32
20250724;	152236;	1753350756.000;	       err32
20250724;	152240;	1753350760.000;	       err32
20250724;	152244;	1753350764.000;	       err32
20250724;	152248;	1753350768.000;	       err32
20250724;	152252;	1753350772.000;	       err32
20250724;	152256;	1753350776.000;	       err32
20250724;	152300;	1753350780.000;	       err32
20250724;	152304;	1753350784.000;	       err32
20250724;	152308;	1753350788.000;	       err32
20250724;	152312;	1753350792.000;	       err32
20250724;	152316;	1753350796.000;	       err32
20250724;	152320;	1753350800.000;	       err32
20250724;	152324;	1753350804.000;	       err32
20250724;	152328;	1753350808.000;	       err32
20250724;	152332;	1753350812.000;	       err32
20250724;	152336;	1753350816.000;	       err32
20250724;	152340;	1753350820.000;	       err32
20250724;	152344;	1753350824.000;	       err32
20250724;	152348;	1753350828.000;	       err32
20250724;	152352;	1753350832.000;	       err32
20250724;	152356;	1753350836.000;	       err32
20250724;	152400;	1753350840.000;	       err32
20250724;	152404;	1753350844.000;	       err32
20250724;	152408;	1753350848.000;	       err32
20250724;	152412;	1753350852.000;	       err32
20250724;	152416;	1753350856.000;	       err32
20250724;	152420;	1753350860.000;	       err32
20250724;	152424;	1753350864.000;	       err32
20250724;	152428;	1753350868.000;	       err32
20250724;	152432;	1753350872.000;	       err32
20250724;	152436;	1753350876.000;	       err32
20250724;	152440;	1753350880.000;	       err32
20250724;	152444;	1753350884.000;	       err32
20250724;	152448;	1753350888.000;	       err32
20250724;	152452;	1753350892.000;	       err32
20250724;	152456;	1753350896.000;	       err32
20250724;	152500;	1753350900.000;	       err32
20250724;	152504;	1753350904.000;	       err32
20250724;	152508;	1753350908.000;	       err32
20250724;	152512;	1753350912.000;	       err32
20250724;	152516;	1753350916.000;	       err32
20250724;	152520;	1753350920.000;	       err32
20250724;	152524;	1753350924.000;	       err32
20250724;	152528;	1753350928.000;	       err32
20250724;	152532;	1753350932.000;	       err32
20250724;	152536;	1753350936.000;	       err32
20250724;	152540;	1753350940.000;	       err32
20250724;	152544;	1753350944.000;	       err32
20250724;	152548;	1753350948.000;	       err32
20250724;	152552;	1753350952.000;	       err32
20250724;	152556;	1753350956.000;	       err32
20250724;	152600;	1753350960.000;	       err32
20250724;	152604;	1753350964.000;	       err32
20250724;	152608;	1753350968.000;	       err32
20250724;	152612;	1753350972.000;	       err32
20250724;	152616;	1753350976.000;	       err32
20250724;	152620;	1753350980.000;	       err32
20250724;	152624;	1753350984.000;	       err32
20250724;	152628;	1753350988.000;	       err32
20250724;	152632;	1753350992.000;	       err32
20250724;	152636;	1753350996.000;	       err32
20250724;	152640;	1753351000.000;	       err32
20250724;	152644;	1753351004.000;	       err32
20250724;	152648;	1753351008.000;	       err32
20250724;	152652;	1753351012.000;	       err32
20250724;	152656;	1753351016.000;	       err32
20250724;	152700;	1753351020.000;	       err32
20250724;	152704;	1753351024.000;	       err32
20250724;	152708;	1753351028.000;	       err32
20250724;	152712;	1753351032.000;	       err32
20250724;	152716;	1753351036.000;	       err32
20250724;	152720;	1753351040.000;	       err32
20250724;	152724;	1753351044.000;	       err32
20250724;	152728;	1753351048.000;	       err32
20250724;	152732;	1753351052.000;	       err32
20250724;	152736;	1753351056.000;	       err32
20250724;	152740;	1753351060.000;	       err32
20250724;	152744;	1753351064.000;	       err32
20250724;	152748;	1753351068.000;	       err32
20250724;	152752;	1753351072.000;	       err32
20250724;	152756;	1753351076.000;	       err32
20250724;	152800;	1753351080.000;	       err32
20250724;	152804;	1753351084.000;	       err32
20250724;	152808;	1753351088.000;	       err32
20250724;	152812;	1753351092.000;	       err32
20250724;	152816;	1753351096.000;	       err32
20250724;	152820;	1753351100.000;	       err32
20250724;	152824;	1753351104.000;	       err32
20250724;	152828;	1753351108.000;	       err32
20250724;	152832;	1753351112.000;	       err32
20250724;	152836;	1753351116.000;	       err32
20250724;	152840;	1753351120.000;	       err32
20250724;	152844;	1753351124.000;	       err32
20250724;	152848;	1753351128.000;	       err32
20250724;	152852;	1753351132.000;	       err32
20250724;	152856;	1753351136.000;	       err32
20250724;	152900;	1753351140.000;	       err32
20250724;	152904;	1753351144.000;	       err32
20250724;	152908;	1753351148.000;	       err32
20250724;	152912;	1753351152.000;	       err32
20250724;	152916;	1753351156.000;	       err32
20250724;	152920;	1753351160.000;	       err32
20250724;	152924;	1753351164.000;	       err32
20250724;	152928;	1753351168.000;	       err32
20250724;	152932;	1753351172.000;	       err32
20250724;	152936;	1753351176.000;	       err32
20250724;	152940;	1753351180.000;	       err32
20250724;	152944;	1753351184.000;	       err32
20250724;	152948;	1753351188.000;	       err32
20250724;	152952;	1753351192.000;	       err32
20250724;	152956;	1753351196.000;	       err32
20250724;	153000;	1753351200.000;	       err32
20250724;	153004;	1753351204.000;	       err32
20250724;	153008;	1753351208.000;	       err32
20250724;	153012;	1753351212.000;	       err32
20250724;	153016;	1753351216.000;	       err32
20250724;	153020;	1753351220.000;	       err32
20250724;	153024;	1753351224.000;	       err32
20250724;	153028;	1753351228.000;	       err32
20250724;	153032;	1753351232.000;	       err32
20250724;	153036;	1753351236.000;	       err32
20250724;	153040;	1753351240.000;	       err32
20250724;	153044;	1753351244.000;	       err32
20250724;	153048;	1753351248.000;	       err32
20250724;	153052;	1753351252.000;	       err32
20250724;	153056;	1753351256.000;	       err32
20250724;	153100;	1753351260.000;	       err32
20250724;	153104;	1753351264.000;	       err32
20250724;	153108;	1753351268.000;	       err32
20250724;	153112;	1753351272.000;	       err32
20250724;	153116;	1753351276.000;	       err32
20250724;	153120;	1753351280.000;	       err32
20250724;	153124;	1753351284.000;	       err32
20250724;	153128;	1753351288.000;	       err32
20250724;	153132;	1753351292.000;	       err32
20250724;	153136;	1753351296.000;	       err32
20250724;	153140;	1753351300.000;	       err32
20250724;	153144;	1753351304.000;	       err32
20250724;	153148;	1753351308.000;	       err32
20250724;	153152;	1753351312.000;	       err32
20250724;	153156;	1753351316.000;	       err32
20250724;	153200;	1753351320.000;	       err32
20250724;	153204;	1753351324.000;	       err32
20250724;	153208;	1753351328.000;	       err32
20250724;	153212;	1753351332.000;	       err32
20250724;	153216;	1753351336.000;	       err32
20250724;	153220;	1753351340.000;	       err32
20250724;	153224;	1753351344.000;	       err32
20250724;	153228;	1753351348.000;	       err32
20250724;	153232;	1753351352.000;	       err32
20250724;	153236;	1753351356.000;	       err32
20250724;	153240;	1753351360.000;	       err32
20250724;	153244;	1753351364.000;	       err32
20250724;	153248;	1753351368.000;	       err32
20250724;	153252;	1753351372.000;	       err32
20250724;	153256;	1753351376.000;	       err32
20250724;	153300;	1753351380.000;	       err32
20250724;	153304;	1753351384.000;	       err32
20250724;	153308;	1753351388.000;	       err32
20250724;	153312;	1753351392.000;	       err32
20250724;	153316;	1753351396.000;	       err32
20250724;	153320;	1753351400.000;	       err32
20250724;	153324;	1753351404.000;	       err32
20250724;	153328;	1753351408.000;	       err32
20250724;	153332;	1753351412.000;	       err32
20250724;	153336;	1753351416.000;	       err32
20250724;	153340;	1753351420.000;	       err32
20250724;	153344;	1753351424.000;	       err32
20250724;	153348;	1753351428.000;	       err32
20250724;	153352;	1753351432.000;	       err32
20250724;	153356;	1753351436.000;	       err32
20250724;	153400;	1753351440.000;	       err32
20250724;	153404;	1753351444.000;	       err32
20250724;	153408;	1753351448.000;	       err32
20250724;	153412;	1753351452.000;	       err32
20250724;	153416;	1753351456.000;	       err32
20250724;	153420;	1753351460.000;	       err32
20250724;	153424;	1753351464.000;	       err32
20250724;	153428;	1753351468.000;	       err32
20250724;	153432;	1753351472.000;	       err32
20250724;	153436;	1753351476.000;	       err32
20250724;	153440;	1753351480.000;	       err32
20250724;	153444;	1753351484.000;	       err32
20250724;	153448;	1753351488.000;	       err32
20250724;	153452;	1753351492.000;	       err32
20250724;	153456;	1753351496.000;	       err32
20250724;	153500;	1753351500.000;	       err32
20250724;	153504;	1753351504.000;	       err32
20250724;	153508;	1753351508.000;	       err32
20250724;	153512;	1753351512.000;	       err32
20250724;	153516;	1753351516.000;	       err32
20250724;	153520;	1753351520.000;	       err32
20250724;	153524;	1753351524.000;	       err32
20250724;	153528;	1753351528.000;	       err32
20250724;	153532;	1753351532.000;	       err32
20250724;	153536;	1753351536.000;	       err32
20250724;	153540;	1753351540.000;	       err32
20250724;	153544;	1753351544.000;	       err32
20250724;	153548;	1753351548.000;	       err32
20250724;	153552;	1753351552.000;	       err32
20250724;	153556;	1753351556.000;	       err32
20250724;	153600;	1753351560.000;	       err32
20250724;	153604;	1753351564.000;	       err32
20250724;	153608;	1753351568.000;	       err32
20250724;	153612;	1753351572.000;	       err32
20250724;	153616;	1753351576.000;	       err32
20250724;	153620;	1753351580.000;	       err32
20250724;	153624;	1753351584.000;	       err32
20250724;	153628;	1753351588.000;	       err32
20250724;	153632;	1753351592.000;	       err32
20250724;	153636;	1753351596.000;	       err32
20250724;	153640;	1753351600.000;	       err32
20250724;	153644;	1753351604.000;	       err32
20250724;	153648;	1753351608.000;	       err32
20250724;	153652;	1753351612.000;	       err32
20250724;	153656;	1753351616.000;	       err32
20250724;	153700;	1753351620.000;	       err32
20250724;	153704;	1753351624.000;	       err32
20250724;	153708;	1753351628.000;	       err32
20250724;	153712;	1753351632.000;	       err32
20250724;	153716;	1753351636.000;	       err32
20250724;	153720;	1753351640.000;	       err32
20250724;	153724;	1753351644.000;	       err32
20250724;	153728;	1753351648.000;	       err32
20250724;	153732;	1753351652.000;	       err32
20250724;	153736;	1753351656.000;	       err32
20250724;	153740;	1753351660.000;	       err32
20250724;	153744;	1753351664.000;	       err32
20250724;	153748;	1753351668.000;	       err32
20250724;	153752;	1753351672.000;	       err32
20250724;	153756;	1753351676.000;	       err32
20250724;	153800;	1753351680.000;	       err32
20250724;	153804;	1753351684.000;	       err32
20250724;	153808;	1753351688.000;	       err32
20250724;	153812;	1753351692.000;	       err32
20250724;	153816;	1753351696.000;	       err32
20250724;	153820;	1753351700.000;	       err32
20250724;	153824;	1753351704.000;	       err32
20250724;	153828;	1753351708.000;	       err32
20250724;	153832;	1753351712.000;	       err32
20250724;	153836;	1753351716.000;	       err32
20250724;	153840;	1753351720.000;	       err32
20250724;	153844;	1753351724.000;	       err32
20250724;	153848;	1753351728.000;	       err32
20250724;	153852;	1753351732.000;	       err32
20250724;	153856;	1753351736.000;	       err32
20250724;	153900;	1753351740.000;	       err32
20250724;	153904;	1753351744.000;	       err32
20250724;	153908;	1753351748.000;	       err32
20250724;	153912;	1753351752.000;	       err32
20250724;	153916;	1753351756.000;	       err32
20250724;	153920;	1753351760.000;	       err32
20250724;	153924;	1753351764.000;	       err32
20250724;	153928;	1753351768.000;	       err32
20250724;	153932;	1753351772.000;	       err32
20250724;	153936;	1753351776.000;	       err32
20250724;	153940;	1753351780.000;	       err32
20250724;	153944;	1753351784.000;	       err32
20250724;	153948;	1753351788.000;	       err32
20250724;	153952;	1753351792.000;	       err32
20250724;	153956;	1753351796.000;	       err32
20250724;	154000;	1753351800.000;	       err32
20250724;	154004;	1753351804.000;	       err32
20250724;	154008;	1753351808.000;	       err32
20250724;	154012;	1753351812.000;	       err32
20250724;	154016;	1753351816.000;	       err32
20250724;	154020;	1753351820.000;	       err32
20250724;	154024;	1753351824.000;	       err32
20250724;	154028;	1753351828.000;	       err32
20250724;	154032;	1753351832.000;	       err32
20250724;	154036;	1753351836.000;	       err32
20250724;	154040;	1753351840.000;	       err32
20250724;	154044;	1753351844.000;	       err32
20250724;	154048;	1753351848.000;	       err32
20250724;	154052;	1753351852.000;	       err32
20250724;	154056;	1753351856.000;	       err32
20250724;	154100;	1753351860.000;	       err32
20250724;	154104;	1753351864.000;	       err32
20250724;	154108;	1753351868.000;	       err32
20250724;	154112;	1753351872.000;	       err32
20250724;	154116;	1753351876.000;	       err32
20250724;	154120;	1753351880.000;	       err32
20250724;	154124;	1753351884.000;	       err32
20250724;	154128;	1753351888.000;	       err32
20250724;	154132;	1753351892.000;	       err32
20250724;	154136;	1753351896.000;	       err32
20250724;	154140;	1753351900.000;	       err32
20250724;	154144;	1753351904.000;	       err32
20250724;	154148;	1753351908.000;	       err32
20250724;	154152;	1753351912.000;	       err32
20250724;	154156;	1753351916.000;	       err32
20250724;	154200;	1753351920.000;	       err32
20250724;	154204;	1753351924.000;	       err32
20250724;	154208;	1753351928.000;	       err32
20250724;	154212;	1753351932.000;	       err32
20250724;	154216;	1753351936.000;	       err32
20250724;	154220;	1753351940.000;	       err32
20250724;	154224;	1753351944.000;	       err32
20250724;	154228;	1753351948.000;	       err32
20250724;	154232;	1753351952.000;	       err32
20250724;	154236;	1753351956.000;	       err32
20250724;	154240;	1753351960.000;	       err32
20250724;	154244;	1753351964.000;	       err32
20250724;	154248;	1753351968.000;	       err32
20250724;	154252;	1753351972.000;	       err32
20250724;	154256;	1753351976.000;	       err32
20250724;	154300;	1753351980.000;	       err32
20250724;	154304;	1753351984.000;	       err32
20250724;	154308;	1753351988.000;	       err32
20250724;	154312;	1753351992.000;	       err32
20250724;	154316;	1753351996.000;	       err32
20250724;	154320;	1753352000.000;	       err32
20250724;	154324;	1753352004.000;	       err32
20250724;	154328;	1753352008.000;	       err32
20250724;	154332;	1753352012.000;	       err32
20250724;	154336;	1753352016.000;	       err32
20250724;	154340;	1753352020.000;	       err32
20250724;	154344;	1753352024.000;	       err32
20250724;	154348;	1753352028.000;	       err32
20250724;	154352;	1753352032.000;	       err32
20250724;	154356;	1753352036.000;	       err32
20250724;	154400;	1753352040.000;	       err32
20250724;	154404;	1753352044.000;	       err32
20250724;	154408;	1753352048.000;	       err32
20250724;	154412;	1753352052.000;	       err32
20250724;	154416;	1753352056.000;	       err32
20250724;	154420;	1753352060.000;	       err32
20250724;	154424;	1753352064.000;	       err32
20250724;	154428;	1753352068.000;	       err32
20250724;	154432;	1753352072.000;	       err32
20250724;	154436;	1753352076.000;	       err32
20250724;	154440;	1753352080.000;	       err32
20250724;	154444;	1753352084.000;	       err32
20250724;	154448;	1753352088.000;	       err32
20250724;	154452;	1753352092.000;	       err32
20250724;	154456;	1753352096.000;	       err32
20250724;	154500;	1753352100.000;	       err32
20250724;	154504;	1753352104.000;	       err32
20250724;	154508;	1753352108.000;	       err32
20250724;	154512;	1753352112.000;	       err32
20250724;	154516;	1753352116.000;	       err32
20250724;	154520;	1753352120.000;	       err32
20250724;	154524;	1753352124.000;	       err32
20250724;	154528;	1753352128.000;	       err32
20250724;	154532;	1753352132.000;	       err32
20250724;	154536;	1753352136.000;	       err32
20250724;	154540;	1753352140.000;	       err32
20250724;	154544;	1753352144.000;	       err32
20250724;	154548;	1753352148.000;	       err32
20250724;	154552;	1753352152.000;	       err32
20250724;	154556;	1753352156.000;	       err32
20250724;	154600;	1753352160.000;	       err32
20250724;	154604;	1753352164.000;	       err32
20250724;	154608;	1753352168.000;	       err32
20250724;	154612;	1753352172.000;	       err32
20250724;	154616;	1753352176.000;	       err32
20250724;	154620;	1753352180.000;	       err32
20250724;	154624;	1753352184.000;	       err32
20250724;	154628;	1753352188.000;	       err32
20250724;	154632;	1753352192.000;	       err32
20250724;	154636;	1753352196.000;	       err32
20250724;	154640;	1753352200.000;	       err32
20250724;	154644;	1753352204.000;	       err32
20250724;	154648;	1753352208.000;	       err32
20250724;	154652;	1753352212.000;	       err32
20250724;	154656;	1753352216.000;	       err32
20250724;	154700;	1753352220.000;	       err32
20250724;	154704;	1753352224.000;	       err32
20250724;	154708;	1753352228.000;	       err32
20250724;	154712;	1753352232.000;	       err32
20250724;	154716;	1753352236.000;	       err32
20250724;	154720;	1753352240.000;	       err32
20250724;	154724;	1753352244.000;	       err32
20250724;	154728;	1753352248.000;	       err32
20250724;	154732;	1753352252.000;	       err32
20250724;	154736;	1753352256.000;	       err32
20250724;	154740;	1753352260.000;	       err32
20250724;	154744;	1753352264.000;	       err32
20250724;	154748;	1753352268.000;	       err32
20250724;	154752;	1753352272.000;	       err32
20250724;	154756;	1753352276.000;	       err32
20250724;	154800;	1753352280.000;	       err32
20250724;	154804;	1753352284.000;	       err32
20250724;	154808;	1753352288.000;	       err32
20250724;	154812;	1753352292.000;	       err32
20250724;	154816;	1753352296.000;	       err32
20250724;	154820;	1753352300.000;	       err32
20250724;	154824;	1753352304.000;	       err32
20250724;	154828;	1753352308.000;	       err32
20250724;	154832;	1753352312.000;	       err32
20250724;	154836;	1753352316.000;	       err32
20250724;	154840;	1753352320.000;	       err32
20250724;	154844;	1753352324.000;	       err32
20250724;	154848;	1753352328.000;	       err32
20250724;	154852;	1753352332.000;	       err32
20250724;	154856;	1753352336.000;	       err32
20250724;	154900;	1753352340.000;	       err32
20250724;	154904;	1753352344.000;	       err32
20250724;	154908;	1753352348.000;	       err32
20250724;	154912;	1753352352.000;	       err32
20250724;	154916;	1753352356.000;	       err32
20250724;	154920;	1753352360.000;	       err32
20250724;	154924;	1753352364.000;	       err32
20250724;	154928;	1753352368.000;	       err32
20250724;	154932;	1753352372.000;	       err32
20250724;	154936;	1753352376.000;	       err32
20250724;	154940;	1753352380.000;	       err32
20250724;	154944;	1753352384.000;	       err32
20250724;	154948;	1753352388.000;	       err32
20250724;	154952;	1753352392.000;	       err32
20250724;	154956;	1753352396.000;	       err32
20250724;	155000;	1753352400.000;	       err32
20250724;	155004;	1753352404.000;	       err32
20250724;	155008;	1753352408.000;	       err32
20250724;	155012;	1753352412.000;	       err32
20250724;	155016;	1753352416.000;	       err32
20250724;	155020;	1753352420.000;	       err32
20250724;	155024;	1753352424.000;	       err32
20250724;	155028;	1753352428.000;	       err32
20250724;	155032;	1753352432.000;	       err32
20250724;	155036;	1753352436.000;	       err32
20250724;	155040;	1753352440.000;	       err32
20250724;	155044;	1753352444.000;	       err32
20250724;	155048;	1753352448.000;	       err32
20250724;	155052;	1753352452.000;	       err32
20250724;	155056;	1753352456.000;	       err32
20250724;	155100;	1753352460.000;	       err32
20250724;	155104;	1753352464.000;	       err32
20250724;	155108;	1753352468.000;	       err32
20250724;	155112;	1753352472.000;	       err32
20250724;	155116;	1753352476.000;	       err32
20250724;	155120;	1753352480.000;	       err32
20250724;	155124;	1753352484.000;	       err32
20250724;	155128;	1753352488.000;	       err32
20250724;	155132;	1753352492.000;	       err32
20250724;	155136;	1753352496.000;	       err32
20250724;	155140;	1753352500.000;	       err32
20250724;	155144;	1753352504.000;	       err32
20250724;	155148;	1753352508.000;	       err32
20250724;	155152;	1753352512.000;	       err32
20250724;	155156;	1753352516.000;	       err32
20250724;	155200;	1753352520.000;	       err32
20250724;	155204;	1753352524.000;	       err32
20250724;	155208;	1753352528.000;	       err32
20250724;	155212;	1753352532.000;	       err32
20250724;	155216;	1753352536.000;	       err32
20250724;	155220;	1753352540.000;	       err32
20250724;	155224;	1753352544.000;	       err32
20250724;	155228;	1753352548.000;	       err32
20250724;	155232;	1753352552.000;	       err32
20250724;	155236;	1753352556.000;	       err32
20250724;	155240;	1753352560.000;	       err32
20250724;	155244;	1753352564.000;	       err32
20250724;	155248;	1753352568.000;	       err32
20250724;	155252;	1753352572.000;	       err32
20250724;	155256;	1753352576.000;	       err32
20250724;	155300;	1753352580.000;	       err32
20250724;	155304;	1753352584.000;	       err32
20250724;	155308;	1753352588.000;	       err32
20250724;	155312;	1753352592.000;	       err32
20250724;	155316;	1753352596.000;	       err32
20250724;	155320;	1753352600.000;	       err32
20250724;	155324;	1753352604.000;	       err32
20250724;	155328;	1753352608.000;	       err32
20250724;	155332;	1753352612.000;	       err32
20250724;	155336;	1753352616.000;	       err32
20250724;	155340;	1753352620.000;	       err32
20250724;	155344;	1753352624.000;	       err32
20250724;	155348;	1753352628.000;	       err32
20250724;	155352;	1753352632.000;	       err32
20250724;	155356;	1753352636.000;	       err32
20250724;	155400;	1753352640.000;	       err32
20250724;	155404;	1753352644.000;	       err32
20250724;	155408;	1753352648.000;	       err32
20250724;	155412;	1753352652.000;	       err32
20250724;	155416;	1753352656.000;	       err32
20250724;	155420;	1753352660.000;	       err32
20250724;	155424;	1753352664.000;	       err32
20250724;	155428;	1753352668.000;	       err32
20250724;	155432;	1753352672.000;	       err32
20250724;	155436;	1753352676.000;	       err32
20250724;	155440;	1753352680.000;	       err32
20250724;	155444;	1753352684.000;	       err32
20250724;	155448;	1753352688.000;	       err32
20250724;	155452;	1753352692.000;	       err32
20250724;	155456;	1753352696.000;	       err32
20250724;	155500;	1753352700.000;	       err32
20250724;	155504;	1753352704.000;	       err32
20250724;	155508;	1753352708.000;	       err32
20250724;	155512;	1753352712.000;	       err32
20250724;	155516;	1753352716.000;	       err32
20250724;	155520;	1753352720.000;	       err32
20250724;	155524;	1753352724.000;	       err32
20250724;	155528;	1753352728.000;	       err32
20250724;	155532;	1753352732.000;	       err32
20250724;	155536;	1753352736.000;	       err32
20250724;	155540;	1753352740.000;	       err32
20250724;	155544;	1753352744.000;	       err32
20250724;	155548;	1753352748.000;	       err32
20250724;	155552;	1753352752.000;	       err32
20250724;	155556;	1753352756.000;	       err32
20250724;	155600;	1753352760.000;	       err32
20250724;	155604;	1753352764.000;	       err32
20250724;	155608;	1753352768.000;	       err32
20250724;	155612;	1753352772.000;	       err32
20250724;	155616;	1753352776.000;	       err32
20250724;	155620;	1753352780.000;	       err32
20250724;	155624;	1753352784.000;	       err32
20250724;	155628;	1753352788.000;	       err32
20250724;	155632;	1753352792.000;	       err32
20250724;	155636;	1753352796.000;	       err32
20250724;	155640;	1753352800.000;	       err32
20250724;	155644;	1753352804.000;	       err32
20250724;	155648;	1753352808.000;	       err32
20250724;	155652;	1753352812.000;	       err32
20250724;	155656;	1753352816.000;	       err32
20250724;	155700;	1753352820.000;	       err32
20250724;	155704;	1753352824.000;	       err32
20250724;	155708;	1753352828.000;	       err32
20250724;	155712;	1753352832.000;	       err32
20250724;	155716;	1753352836.000;	       err32
20250724;	155720;	1753352840.000;	       err32
20250724;	155724;	1753352844.000;	       err32
20250724;	155728;	1753352848.000;	       err32
20250724;	155732;	1753352852.000;	       err32
20250724;	155736;	1753352856.000;	       err32
20250724;	155740;	1753352860.000;	       err32
20250724;	155744;	1753352864.000;	       err32
20250724;	155748;	1753352868.000;	       err32
20250724;	155752;	1753352872.000;	       err32
20250724;	155756;	1753352876.000;	       err32
20250724;	155800;	1753352880.000;	       err32
20250724;	155804;	1753352884.000;	       err32
20250724;	155808;	1753352888.000;	       err32
20250724;	155812;	1753352892.000;	       err32
20250724;	155816;	1753352896.000;	       err32
20250724;	155820;	1753352900.000;	       err32
20250724;	155824;	1753352904.000;	       err32
20250724;	155828;	1753352908.000;	       err32
20250724;	155832;	1753352912.000;	       err32
20250724;	155836;	1753352916.000;	       err32
20250724;	155840;	1753352920.000;	       err32
20250724;	155844;	1753352924.000;	       err32
20250724;	155848;	1753352928.000;	       err32
20250724;	155852;	1753352932.000;	       err32
20250724;	155856;	1753352936.000;	       err32
20250724;	155900;	1753352940.000;	       err32
20250724;	155904;	1753352944.000;	       err32
20250724;	155908;	1753352948.000;	       err32
20250724;	155912;	1753352952.000;	       err32
20250724;	155916;	1753352956.000;	       err32
20250724;	155920;	1753352960.000;	       err32
20250724;	155924;	1753352964.000;	       err32
20250724;	155928;	1753352968.000;	       err32
20250724;	155932;	1753352972.000;	       err32
20250724;	155936;	1753352976.000;	       err32
20250724;	155940;	1753352980.000;	       err32
20250724;	155944;	1753352984.000;	       err32
20250724;	155948;	1753352988.000;	       err32
20250724;	155952;	1753352992.000;	       err32
20250724;	155956;	1753352996.000;	       err32
20250724;	160000;	1753353000.000;	       err32
20250724;	160004;	1753353004.000;	       err32
20250724;	160008;	1753353008.000;	       err32
20250724;	160012;	1753353012.000;	       err32
20250724;	160016;	1753353016.000;	       err32
20250724;	160020;	1753353020.000;	       err32
20250724;	160024;	1753353024.000;	       err32
20250724;	160028;	1753353028.000;	       err32
20250724;	160032;	1753353032.000;	       err32
20250724;	160036;	1753353036.000;	       err32
20250724;	160040;	1753353040.000;	       err32
20250724;	160044;	1753353044.000;	       err32
20250724;	160048;	1753353048.000;	       err32
20250724;	160052;	1753353052.000;	       err32
20250724;	160056;	1753353056.000;	       err32
20250724;	160100;	1753353060.000;	       err32
20250724;	160104;	1753353064.000;	       err32
20250724;	160108;	1753353068.000;	       err32
20250724;	160112;	1753353072.000;	       err32
20250724;	160116;	1753353076.000;	       err32
20250724;	160120;	1753353080.000;	       err32
20250724;	160124;	1753353084.000;	       err32
20250724;	160128;	1753353088.000;	       err32
20250724;	160132;	1753353092.000;	       err32
20250724;	160136;	1753353096.000;	       err32
20250724;	160140;	1753353100.000;	       err32
20250724;	160144;	1753353104.000;	       err32
20250724;	160148;	1753353108.000;	       err32
20250724;	160152;	1753353112.000;	       err32
20250724;	160156;	1753353116.000;	       err32
20250724;	160200;	1753353120.000;	       err32
20250724;	160204;	1753353124.000;	       err32
20250724;	160208;	1753353128.000;	       err32
20250724;	160212;	1753353132.000;	       err32
20250724;	160216;	1753353136.000;	       err32
20250724;	160220;	1753353140.000;	       err32
20250724;	160224;	1753353144.000;	       err32
20250724;	160228;	1753353148.000;	       err32
20250724;	160232;	1753353152.000;	       err32
20250724;	160236;	1753353156.000;	       err32
20250724;	160240;	1753353160.000;	       err32
20250724;	160244;	1753353164.000;	       err32
20250724;	160248;	1753353168.000;	       err32
20250724;	160252;	1753353172.000;	       err32
20250724;	160256;	1753353176.000;	       err32
20250724;	160300;	1753353180.000;	       err32
20250724;	160304;	1753353184.000;	       err32
20250724;	160308;	1753353188.000;	       err32
20250724;	160312;	1753353192.000;	       err32
20250724;	160316;	1753353196.000;	       err32
20250724;	160320;	1753353200.000;	       err32
20250724;	160324;	1753353204.000;	       err32
20250724;	160328;	1753353208.000;	       err32
20250724;	160332;	1753353212.000;	       err32
20250724;	160336;	1753353216.000;	       err32
20250724;	160340;	1753353220.000;	       err32
20250724;	160344;	1753353224.000;	       err32
20250724;	160348;	1753353228.000;	       err32
20250724;	160352;	1753353232.000;	       err32
20250724;	160356;	1753353236.000;	       err32
20250724;	160400;	1753353240.000;	       err32
20250724;	160404;	1753353244.000;	       err32
20250724;	160408;	1753353248.000;	       err32
20250724;	160412;	1753353252.000;	       err32
20250724;	160416;	1753353256.000;	       err32
20250724;	160420;	1753353260.000;	       err32
20250724;	160424;	1753353264.000;	       err32
20250724;	160428;	1753353268.000;	       err32
20250724;	160432;	1753353272.000;	       err32
20250724;	160436;	1753353276.000;	       err32
20250724;	160440;	1753353280.000;	       err32
20250724;	160444;	1753353284.000;	       err32
20250724;	160448;	1753353288.000;	       err32
20250724;	160452;	1753353292.000;	       err32
20250724;	160456;	1753353296.000;	       err32
20250724;	160500;	1753353300.000;	       err32
20250724;	160504;	1753353304.000;	       err32
20250724;	160508;	1753353308.000;	       err32
20250724;	160512;	1753353312.000;	       err32
20250724;	160516;	1753353316.000;	       err32
20250724;	160520;	1753353320.000;	       err32
20250724;	160524;	1753353324.000;	       err32
20250724;	160528;	1753353328.000;	       err32
20250724;	160532;	1753353332.000;	       err32
20250724;	160536;	1753353336.000;	       err32
20250724;	160540;	1753353340.000;	       err32
20250724;	160544;	1753353344.000;	       err32
20250724;	160548;	1753353348.000;	       err32
20250724;	160552;	1753353352.000;	       err32
20250724;	160556;	1753353356.000;	       err32
20250724;	160600;	1753353360.000;	       err32
20250724;	160604;	1753353364.000;	       err32
20250724;	160608;	1753353368.000;	       err32
20250724;	160612;	1753353372.000;	       err32
20250724;	160616;	1753353376.000;	       err32
20250724;	160620;	1753353380.000;	       err32
20250724;	160624;	1753353384.000;	       err32
20250724;	160628;	1753353388.000;	       err32
20250724;	160632;	1753353392.000;	       err32
20250724;	160636;	1753353396.000;	       err32
20250724;	160640;	1753353400.000;	       err32
20250724;	160644;	1753353404.000;	       err32
20250724;	160648;	1753353408.000;	       err32
20250724;	160652;	1753353412.000;	       err32
20250724;	160656;	1753353416.000;	       err32
20250724;	160700;	1753353420.000;	       err32
20250724;	160704;	1753353424.000;	       err32
20250724;	160708;	1753353428.000;	       err32
20250724;	160712;	1753353432.000;	       err32
20250724;	160716;	1753353436.000;	       err32
20250724;	160720;	1753353440.000;	       err32
20250724;	160724;	1753353444.000;	       err32
20250724;	160728;	1753353448.000;	       err32
20250724;	160732;	1753353452.000;	       err32
20250724;	160736;	1753353456.000;	       err32
20250724;	160740;	1753353460.000;	       err32
20250724;	160744;	1753353464.000;	       err32
20250724;	160748;	1753353468.000;	       err32
20250724;	160752;	1753353472.000;	       err32
20250724;	160756;	1753353476.000;	       err32
20250724;	160800;	1753353480.000;	       err32
20250724;	160804;	1753353484.000;	       err32
20250724;	160808;	1753353488.000;	       err32
20250724;	160812;	1753353492.000;	       err32
20250724;	160816;	1753353496.000;	       err32
20250724;	160820;	1753353500.000;	       err32
20250724;	160824;	1753353504.000;	       err32
20250724;	160828;	1753353508.000;	       err32
20250724;	160832;	1753353512.000;	       err32
20250724;	160836;	1753353516.000;	       err32
20250724;	160840;	1753353520.000;	       err32
20250724;	160844;	1753353524.000;	       err32
20250724;	160848;	1753353528.000;	       err32
20250724;	160852;	1753353532.000;	       err32
20250724;	160856;	1753353536.000;	       err32
20250724;	160900;	1753353540.000;	       err32
20250724;	160904;	1753353544.000;	       err32
20250724;	160908;	1753353548.000;	       err32
20250724;	160912;	1753353552.000;	       err32
20250724;	160916;	1753353556.000;	       err32
20250724;	160920;	1753353560.000;	       err32
20250724;	160924;	1753353564.000;	       err32
20250724;	160928;	1753353568.000;	       err32
20250724;	160932;	1753353572.000;	       err32
20250724;	160936;	1753353576.000;	       err32
20250724;	160940;	1753353580.000;	       err32
20250724;	160944;	1753353584.000;	       err32
20250724;	160948;	1753353588.000;	       err32
20250724;	160952;	1753353592.000;	       err32
20250724;	160956;	1753353596.000;	       err32
20250724;	161000;	1753353600.000;	       err32
20250724;	161004;	1753353604.000;	       err32
20250724;	161008;	1753353608.000;	       err32
20250724;	161012;	1753353612.000;	       err32
20250724;	161016;	1753353616.000;	       err32
20250724;	161020;	1753353620.000;	       err32
20250724;	161024;	1753353624.000;	       err32
20250724;	161028;	1753353628.000;	       err32
20250724;	161032;	1753353632.000;	       err32
20250724;	161036;	1753353636.000;	       err32
20250724;	161040;	1753353640.000;	       err32
20250724;	161044;	1753353644.000;	       err32
20250724;	161048;	1753353648.000;	       err32
20250724;	161052;	1753353652.000;	       err32
20250724;	161056;	1753353656.000;	       err32
20250724;	161100;	1753353660.000;	       err32
20250724;	161104;	1753353664.000;	       err32
20250724;	161108;	1753353668.000;	       err32
20250724;	161112;	1753353672.000;	       err32
20250724;	161116;	1753353676.000;	       err32
20250724;	161120;	1753353680.000;	       err32
20250724;	161124;	1753353684.000;	       err32
20250724;	161128;	1753353688.000;	       err32
20250724;	161132;	1753353692.000;	       err32
20250724;	161136;	1753353696.000;	       err32
20250724;	161140;	1753353700.000;	       err32
20250724;	161144;	1753353704.000;	       err32
20250724;	161148;	1753353708.000;	       err32
20250724;	161152;	1753353712.000;	       err32
20250724;	161156;	1753353716.000;	       err32
20250724;	161200;	1753353720.000;	       err32
20250724;	161204;	1753353724.000;	       err32
20250724;	161208;	1753353728.000;	       err32
20250724;	161212;	1753353732.000;	       err32
20250724;	161216;	1753353736.000;	       err32
20250724;	161220;	1753353740.000;	       err32
20250724;	161224;	1753353744.000;	       err32
20250724;	161228;	1753353748.000;	       err32
20250724;	161232;	1753353752.000;	       err32
20250724;	161236;	1753353756.000;	       err32
20250724;	161240;	1753353760.000;	       err32
20250724;	161244;	1753353764.000;	       err32
20250724;	161248;	1753353768.000;	       err32
20250724;	161252;	1753353772.000;	       err32
20250724;	161256;	1753353776.000;	       err32
20250724;	161300;	1753353780.000;	       err32
20250724;	161304;	1753353784.000;	       err32
20250724;	161308;	1753353788.000;	       err32
20250724;	161312;	1753353792.000;	       err32
20250724;	161316;	1753353796.000;	       err32
20250724;	161320;	1753353800.000;	       err32
20250724;	161324;	1753353804.000;	       err32
20250724;	161328;	1753353808.000;	       err32
20250724;	161332;	1753353812.000;	       err32
20250724;	161336;	1753353816.000;	       err32
20250724;	161340;	1753353820.000;	       err32
20250724;	161344;	1753353824.000;	       err32
20250724;	161348;	1753353828.000;	       err32
20250724;	161352;	1753353832.000;	       err32
20250724;	161356;	1753353836.000;	       err32
20250724;	161400;	1753353840.000;	       err32
20250724;	161404;	1753353844.000;	       err32
20250724;	161408;	1753353848.000;	       err32
20250724;	161412;	1753353852.000;	       err32
20250724;	161416;	1753353856.000;	       err32
20250724;	161420;	1753353860.000;	       err32
20250724;	161424;	1753353864.000;	       err32
20250724;	161428;	1753353868.000;	       err32
20250724;	161432;	1753353872.000;	       err32
20250724;	161436;	1753353876.000;	       err32
20250724;	161440;	1753353880.000;	       err32
20250724;	161444;	1753353884.000;	       err32
20250724;	161448;	1753353888.000;	       err32
20250724;	161452;	1753353892.000;	       err32
20250724;	161456;	1753353896.000;	       err32
20250724;	161500;	1753353900.000;	       err32
20250724;	161504;	1753353904.000;	       err32
20250724;	161508;	1753353908.000;	       err32
20250724;	161512;	1753353912.000;	       err32
20250724;	161516;	1753353916.000;	       err32
20250724;	161520;	1753353920.000;	       err32
20250724;	161524;	1753353924.000;	       err32
20250724;	161528;	1753353928.000;	       err32
20250724;	161532;	1753353932.000;	       err32
20250724;	161536;	1753353936.000;	       err32
20250724;	161540;	1753353940.000;	       err32
20250724;	161544;	1753353944.000;	       err32
20250724;	161548;	1753353948.000;	       err32
20250724;	161552;	1753353952.000;	       err32
20250724;	161556;	1753353956.000;	       err32
20250724;	161600;	1753353960.000;	       err32
20250724;	161604;	1753353964.000;	       err32
20250724;	161608;	1753353968.000;	       err32
20250724;	161612;	1753353972.000;	       err32
20250724;	161616;	1753353976.000;	       err32
20250724;	161620;	1753353980.000;	       err32
20250724;	161624;	1753353984.000;	       err32
20250724;	161628;	1753353988.000;	       err32
20250724;	161632;	1753353992.000;	       err32
20250724;	161636;	1753353996.000;	       err32
20250724;	161640;	1753354000.000;	       err32
20250724;	161644;	1753354004.000;	       err32
20250724;	161648;	1753354008.000;	       err32
20250724;	161652;	1753354012.000;	       err32
20250724;	161656;	1753354016.000;	       err32
20250724;	161700;	1753354020.000;	       err32
20250724;	161704;	1753354024.000;	       err32
20250724;	161708;	1753354028.000;	       err32
20250724;	161712;	1753354032.000;	       err32
20250724;	161716;	1753354036.000;	       err32
20250724;	161720;	1753354040.000;	       err32
20250724;	161724;	1753354044.000;	       err32
20250724;	161728;	1753354048.000;	       err32
20250724;	161732;	1753354052.000;	       err32
20250724;	161736;	1753354056.000;	       err32
20250724;	161740;	1753354060.000;	       err32
20250724;	161744;	1753354064.000;	       err32
20250724;	161748;	1753354068.000;	       err32
20250724;	161752;	1753354072.000;	       err32
20250724;	161756;	1753354076.000;	       err32
20250724;	161800;	1753354080.000;	       err32
20250724;	161804;	1753354084.000;	       err32
20250724;	161808;	1753354088.000;	       err32
20250724;	161812;	1753354092.000;	       err32
20250724;	161816;	1753354096.000;	       err32
20250724;	161820;	1753354100.000;	       err32
20250724;	161824;	1753354104.000;	       err32
20250724;	161828;	1753354108.000;	       err32
20250724;	161832;	1753354112.000;	       err32
20250724;	161836;	1753354116.000;	       err32
20250724;	161840;	1753354120.000;	       err32
20250724;	161844;	1753354124.000;	       err32
20250724;	161848;	1753354128.000;	       err32
20250724;	161852;	1753354132.000;	       err32
20250724;	161856;	1753354136.000;	       err32
20250724;	161900;	1753354140.000;	       err32
20250724;	161904;	1753354144.000;	       err32
20250724;	161908;	1753354148.000;	       err32
20250724;	161912;	1753354152.000;	       err32
20250724;	161916;	1753354156.000;	       err32
20250724;	161920;	1753354160.000;	       err32
20250724;	161924;	1753354164.000;	       err32
20250724;	161928;	1753354168.000;	       err32
20250724;	161932;	1753354172.000;	       err32
20250724;	161936;	1753354176.000;	       err32
20250724;	161940;	1753354180.000;	       err32
20250724;	161944;	1753354184.000;	       err32
20250724;	161948;	1753354188.000;	       err32
20250724;	161952;	1753354192.000;	       err32
20250724;	161956;	1753354196.000;	       err32
20250724;	162000;	1753354200.000;	       err32
20250724;	162004;	1753354204.000;	       err32
20250724;	162008;	1753354208.000;	       err32
20250724;	162012;	1753354212.000;	       err32
20250724;	162016;	1753354216.000;	       err32
20250724;	162020;	1753354220.000;	       err32
20250724;	162024;	1753354224.000;	       err32
20250724;	162028;	1753354228.000;	       err32
20250724;	162032;	1753354232.000;	       err32
20250724;	162036;	1753354236.000;	       err32
20250724;	162040;	1753354240.000;	       err32
20250724;	162044;	1753354244.000;	       err32
20250724;	162048;	1753354248.000;	       err32
20250724;	162052;	1753354252.000;	       err32
20250724;	162056;	1753354256.000;	       err32
20250724;	162100;	1753354260.000;	       err32
20250724;	162104;	1753354264.000;	       err32
20250724;	162108;	1753354268.000;	       err32
20250724;	162112;	1753354272.000;	       err32
20250724;	162116;	1753354276.000;	       err32
20250724;	162120;	1753354280.000;	       err32
20250724;	162124;	1753354284.000;	       err32
20250724;	162128;	1753354288.000;	       err32
20250724;	162132;	1753354292.000;	       err32
20250724;	162136;	1753354296.000;	       err32
20250724;	162140;	1753354300.000;	       err32
20250724;	162144;	1753354304.000;	       err32
20250724;	162148;	1753354308.000;	       err32
20250724;	162152;	1753354312.000;	       err32
20250724;	162156;	1753354316.000;	       err32
20250724;	162200;	1753354320.000;	       err32
20250724;	162204;	1753354324.000;	       err32
20250724;	162208;	1753354328.000;	       err32
20250724;	162212;	1753354332.000;	       err32
20250724;	162216;	1753354336.000;	       err32
20250724;	162220;	1753354340.000;	       err32
20250724;	162224;	1753354344.000;	       err32
20250724;	162228;	1753354348.000;	       err32
20250724;	162232;	1753354352.000;	       err32
20250724;	162236;	1753354356.000;	       err32
20250724;	162240;	1753354360.000;	       err32
20250724;	162244;	1753354364.000;	       err32
20250724;	162248;	1753354368.000;	       err32
20250724;	162252;	1753354372.000;	       err32
20250724;	162256;	1753354376.000;	       err32
20250724;	162300;	1753354380.000;	       err32
20250724;	162304;	1753354384.000;	       err32
20250724;	162308;	1753354388.000;	       err32
20250724;	162312;	1753354392.000;	       err32
20250724;	162316;	1753354396.000;	       err32
20250724;	162320;	1753354400.000;	       err32
20250724;	162324;	1753354404.000;	       err32
20250724;	162328;	1753354408.000;	       err32
20250724;	162332;	1753354412.000;	       err32
20250724;	162336;	1753354416.000;	       err32
20250724;	162340;	1753354420.000;	       err32
20250724;	162344;	1753354424.000;	       err32
20250724;	162348;	1753354428.000;	       err32
20250724;	162352;	1753354432.000;	       err32
20250724;	162356;	1753354436.000;	       err32
20250724;	162400;	1753354440.000;	       err32
20250724;	162404;	1753354444.000;	       err32
20250724;	162408;	1753354448.000;	       err32
20250724;	162412;	1753354452.000;	       err32
20250724;	162416;	1753354456.000;	       err32
20250724;	162420;	1753354460.000;	       err32
20250724;	162424;	1753354464.000;	       err32
20250724;	162428;	1753354468.000;	       err32
20250724;	162432;	1753354472.000;	           0
20250724;	162436;	1753354476.000;	           0
20250724;	162440;	1753354480.000;	         102
20250724;	162444;	1753354484.000;	         103
20250724;	162448;	1753354488.000;	         104
20250724;	162452;	1753354492.000;	         105
20250724;	162456;	1753354496.000;	         106
20250724;	162500;	1753354500.000;	         106
20250724;	162504;	1753354504.000;	         107
20250724;	162508;	1753354508.000;	         108
20250724;	162512;	1753354512.000;	         109
20250724;	162516;	1753354516.000;	         110
20250724;	162520;	1753354520.000;	         110
20250724;	162524;	1753354524.000;	         111
20250724;	162528;	1753354528.000;	         112
20250724;	162532;	1753354532.000;	         113
20250724;	162536;	1753354536.000;	         114
20250724;	162540;	1753354540.000;	         114
20250724;	162544;	1753354544.000;	         115
20250724;	162548;	1753354548.000;	         116
20250724;	162552;	1753354552.000;	         117
20250724;	162556;	1753354556.000;	         118
20250724;	162600;	1753354560.000;	         118
20250724;	162604;	1753354564.000;	         119
20250724;	162608;	1753354568.000;	         120
20250724;	162612;	1753354572.000;	         121
20250724;	162616;	1753354576.000;	         122
20250724;	162620;	1753354580.000;	         122
20250724;	162624;	1753354584.000;	         123
20250724;	162628;	1753354588.000;	         124
20250724;	162632;	1753354592.000;	         125
20250724;	162636;	1753354596.000;	         126
20250724;	162640;	1753354600.000;	         126
20250724;	162644;	1753354604.000;	         127
20250724;	162648;	1753354608.000;	         128
20250724;	162652;	1753354612.000;	         129
20250724;	162656;	1753354616.000;	         130
20250724;	162700;	1753354620.000;	         130
20250724;	162704;	1753354624.000;	         131
20250724;	162708;	1753354628.000;	         132
20250724;	162712;	1753354632.000;	         133
20250724;	162716;	1753354636.000;	         134
20250724;	162720;	1753354640.000;	         134
20250724;	162724;	1753354644.000;	         135
20250724;	162728;	1753354648.000;	         136
20250724;	162732;	1753354652.000;	         137
20250724;	162736;	1753354656.000;	         138
20250724;	162740;	1753354660.000;	         138
20250724;	162744;	1753354664.000;	         139
20250724;	162748;	1753354668.000;	         140
20250724;	162752;	1753354672.000;	         141
20250724;	162756;	1753354676.000;	         142
20250724;	162800;	1753354680.000;	         142
20250724;	162804;	1753354684.000;	         143
20250724;	162808;	1753354688.000;	         144
20250724;	162812;	1753354692.000;	         145
20250724;	162816;	1753354696.000;	         146
20250724;	162820;	1753354700.000;	         146
20250724;	162824;	1753354704.000;	         147
20250724;	162828;	1753354708.000;	         148
20250724;	162832;	1753354712.000;	         149
20250724;	162836;	1753354716.000;	         150
20250724;	162840;	1753354720.000;	         150
20250724;	162844;	1753354724.000;	         151
20250724;	162848;	1753354728.000;	         152
20250724;	162852;	1753354732.000;	         153
20250724;	162856;	1753354736.000;	         154
20250724;	162900;	1753354740.000;	         154
20250724;	162904;	1753354744.000;	         155
20250724;	162908;	1753354748.000;	         156
20250724;	162912;	1753354752.000;	         157
20250724;	162916;	1753354756.000;	         158
20250724;	162920;	1753354760.000;	         158
20250724;	162924;	1753354764.000;	         159
20250724;	162928;	1753354768.000;	         160
20250724;	162932;	1753354772.000;	         161
20250724;	162936;	1753354776.000;	         162
20250724;	162940;	1753354780.000;	         162
20250724;	162944;	1753354784.000;	         163
20250724;	162948;	1753354788.000;	         164
20250724;	162952;	1753354792.000;	         165
20250724;	162956;	1753354796.000;	         166
20250724;	163000;	1753354800.000;	         166
20250724;	163004;	1753354804.000;	         167
20250724;	163008;	1753354808.000;	         168
20250724;	163012;	1753354812.000;	         169
20250724;	163016;	1753354816.000;	         170
20250724;	163020;	1753354820.000;	         170
20250724;	163024;	1753354824.000;	         171
20250724;	163028;	1753354828.000;	         172
20250724;	163032;	1753354832.000;	         173
20250724;	163036;	1753354836.000;	         174
20250724;	163040;	1753354840.000;	         174
20250724;	163044;	1753354844.000;	         175
20250724;	163048;	1753354848.000;	         176
20250724;	163052;	1753354852.000;	         177
20250724;	163056;	1753354856.000;	         178
20250724;	163100;	1753354860.000;	         178
20250724;	163104;	1753354864.000;	         179
20250724;	163108;	1753354868.000;	         180
20250724;	163112;	1753354872.000;	         181
20250724;	163116;	1753354876.000;	         182
20250724;	163120;	1753354880.000;	         182
20250724;	163124;	1753354884.000;	         183
20250724;	163128;	1753354888.000;	         184
20250724;	163132;	1753354892.000;	         185
20250724;	163136;	1753354896.000;	         186
20250724;	163140;	1753354900.000;	         186
20250724;	163144;	1753354904.000;	         187
20250724;	163148;	1753354908.000;	         188
20250724;	163152;	1753354912.000;	         189
20250724;	163156;	1753354916.000;	         190
20250724;	163200;	1753354920.000;	         190
20250724;	163204;	1753354924.000;	         191
20250724;	163208;	1753354928.000;	         192
20250724;	163212;	1753354932.000;	         193
20250724;	163216;	1753354936.000;	         194
20250724;	163220;	1753354940.000;	         194
20250724;	163224;	1753354944.000;	         195
20250724;	163228;	1753354948.000;	         196
20250724;	163232;	1753354952.000;	         197
20250724;	163236;	1753354956.000;	         198
20250724;	163240;	1753354960.000;	         198
20250724;	163244;	1753354964.000;	         199
20250724;	163248;	1753354968.000;	         200
20250724;	163252;	1753354972.000;	         201
20250724;	163256;	1753354976.000;	         202
20250724;	163300;	1753354980.000;	         202
20250724;	163304;	1753354984.000;	         203
20250724;	163308;	1753354988.000;	         204
20250724;	163312;	1753354992.000;	         205
20250724;	163316;	1753354996.000;	         206
20250724;	163320;	1753355000.000;	         206
20250724;	163324;	1753355004.000;	         207
20250724;	163328;	1753355008.000;	         208
20250724;	163332;	1753355012.000;	         209
20250724;	163336;	1753355016.000;	         210
20250724;	163340;	1753355020.000;	         210
20250724;	163344;	1753355024.000;	         211
20250724;	163348;	1753355028.000;	         212
20250724;	163352;	1753355032.000;	         213
20250724;	163356;	1753355036.000;	         214
20250724;	163400;	1753355040.000;	         214
20250724;	163404;	1753355044.000;	         215
20250724;	163408;	1753355048.000;	         216
20250724;	163412;	1753355052.000;	         217
20250724;	163416;	1753355056.000;	         218
20250724;	163420;	1753355060.000;	         218
20250724;	163424;	1753355064.000;	         219
20250724;	163428;	1753355068.000;	         220
20250724;	163432;	1753355072.000;	         221
20250724;	163436;	1753355076.000;	         222
20250724;	163440;	1753355080.000;	         222
20250724;	163444;	1753355084.000;	         223
20250724;	163448;	1753355088.000;	         224
20250724;	163452;	1753355092.000;	         225
20250724;	163456;	1753355096.000;	         226
20250724;	163500;	1753355100.000;	         226
20250724;	163504;	1753355104.000;	         227
20250724;	163508;	1753355108.000;	         228
20250724;	163512;	1753355112.000;	         229
20250724;	163516;	1753355116.000;	         230
20250724;	163520;	1753355120.000;	         230
20250724;	163524;	1753355124.000;	         231
20250724;	163528;	1753355128.000;	         232
20250724;	163532;	1753355132.000;	         233
20250724;	163536;	1753355136.000;	         234
20250724;	163540;	1753355140.000;	         234
20250724;	163544;	1753355144.000;	         235
20250724;	163548;	1753355148.000;	         236
20250724;	163552;	1753355152.000;	         237
20250724;	163556;	1753355156.000;	         238
20250724;	163600;	1753355160.000;	         238
20250724;	163604;	1753355164.000;	         239
20250724;	163608;	1753355168.000;	         240
20250724;	163612;	1753355172.000;	         241
20250724;	163616;	1753355176.000;	         242
20250724;	163620;	1753355180.000;	         242
20250724;	163624;	1753355184.000;	         243
20250724;	163628;	1753355188.000;	         244
20250724;	163632;	1753355192.000;	         245
20250724;	163636;	1753355196.000;	         246
20250724;	163640;	1753355200.000;	         246
20250724;	163644;	1753355204.000;	         247
20250724;	163648;	1753355208.000;	         248
20250724;	163652;	1753355212.000;	         249
20250724;	163656;	1753355216.000;	         250
20250724;	163700;	1753355220.000;	         250
20250724;	163704;	1753355224.000;	         251
20250724;	163708;	1753355228.000;	         252
20250724;	163712;	1753355232.000;	         253
20250724;	163716;	1753355236.000;	         254
20250724;	163720;	1753355240.000;	         254
20250724;	163724;	1753355244.000;	         255
20250724;	163728;	1753355248.000;	         256
20250724;	163732;	1753355252.000;	         257
20250724;	163736;	1753355256.000;	         258
20250724;	163740;	1753355260.000;	         258
20250724;	163744;	1753355264.000;	         259
20250724;	163748;	1753355268.000;	         260
20250724;	163752;	1753355272.000;	         261
20250724;	163756;	1753355276.000;	         262
20250724;	163800;	1753355280.000;	         262
20250724;	163804;	1753355284.000;	         263
20250724;	163808;	1753355288.000;	         264
20250724;	163812;	1753355292.000;	         265
20250724;	163816;	1753355296.000;	         266
20250724;	163820;	1753355300.000;	         266
20250724;	163824;	1753355304.000;	         267
20250724;	163828;	1753355308.000;	         268
20250724;	163832;	1753355312.000;	         269
20250724;	163836;	1753355316.000;	         270
20250724;	163840;	1753355320.000;	         270
20250724;	163844;	1753355324.000;	         271
20250724;	163848;	1753355328.000;	         272
20250724;	163852;	1753355332.000;	         273
20250724;	163856;	1753355336.000;	         274
20250724;	163900;	1753355340.000;	         274
20250724;	163904;	1753355344.000;	         275
20250724;	163908;	1753355348.000;	         275
20250724;	163912;	1753355352.000;	         277
20250724;	163916;	1753355356.000;	         278
20250724;	163920;	1753355360.000;	         278
20250724;	163924;	1753355364.000;	         279
20250724;	163928;	1753355368.000;	         280
20250724;	163932;	1753355372.000;	         281
20250724;	163936;	1753355376.000;	         282
20250724;	163940;	1753355380.000;	         282
20250724;	163944;	1753355384.000;	         283
20250724;	163948;	1753355388.000;	         284
20250724;	163952;	1753355392.000;	         285
20250724;	163956;	1753355396.000;	         286
20250724;	164000;	1753355400.000;	         286
20250724;	164004;	1753355404.000;	         287
20250724;	164008;	1753355408.000;	         288
20250724;	164012;	1753355412.000;	         289
20250724;	164016;	1753355416.000;	         290
20250724;	164020;	1753355420.000;	         290
20250724;	164024;	1753355424.000;	         291
20250724;	164028;	1753355428.000;	         292
20250724;	164032;	1753355432.000;	         293
20250724;	164036;	1753355436.000;	         294
20250724;	164040;	1753355440.000;	         294
20250724;	164044;	1753355444.000;	         295
20250724;	164048;	1753355448.000;	         296
20250724;	164052;	1753355452.000;	         297
20250724;	164056;	1753355456.000;	         298
20250724;	164100;	1753355460.000;	         298
20250724;	164104;	1753355464.000;	         299
20250724;	164108;	1753355468.000;	         300
20250724;	164112;	1753355472.000;	         301
20250724;	164116;	1753355476.000;	         302
20250724;	164120;	1753355480.000;	         302
20250724;	164124;	1753355484.000;	         303
20250724;	164128;	1753355488.000;	         304
20250724;	164132;	1753355492.000;	         305
20250724;	164136;	1753355496.000;	         306
20250724;	164140;	1753355500.000;	         306
20250724;	164144;	1753355504.000;	         307
20250724;	164148;	1753355508.000;	         308
20250724;	164152;	1753355512.000;	         309
20250724;	164156;	1753355516.000;	         310
20250724;	164200;	1753355520.000;	         310
20250724;	164204;	1753355524.000;	         311
20250724;	164208;	1753355528.000;	         312
20250724;	164212;	1753355532.000;	         313
20250724;	164216;	1753355536.000;	         314
20250724;	164220;	1753355540.000;	         314
20250724;	164224;	1753355544.000;	         315
20250724;	164228;	1753355548.000;	         316
20250724;	164232;	1753355552.000;	         317
20250724;	164236;	1753355556.000;	         318
20250724;	164240;	1753355560.000;	         318
20250724;	164244;	1753355564.000;	         319
20250724;	164248;	1753355568.000;	         320
20250724;	164252;	1753355572.000;	         321
20250724;	164256;	1753355576.000;	         322
20250724;	164300;	1753355580.000;	         322
20250724;	164304;	1753355584.000;	         323
20250724;	164308;	1753355588.000;	         324
20250724;	164312;	1753355592.000;	         325
20250724;	164316;	1753355596.000;	         326
20250724;	164320;	1753355600.000;	         326
20250724;	164324;	1753355604.000;	         327
20250724;	164328;	1753355608.000;	         328
20250724;	164332;	1753355612.000;	         329
20250724;	164336;	1753355616.000;	         330
20250724;	164340;	1753355620.000;	         330
20250724;	164344;	1753355624.000;	         331
20250724;	164348;	1753355628.000;	         332
20250724;	164352;	1753355632.000;	         333
20250724;	164356;	1753355636.000;	         334
20250724;	164400;	1753355640.000;	         334
20250724;	164404;	1753355644.000;	         335
20250724;	164408;	1753355648.000;	         336
20250724;	164412;	1753355652.000;	         337
20250724;	164416;	1753355656.000;	         338
20250724;	164420;	1753355660.000;	         338
20250724;	164424;	1753355664.000;	         339
20250724;	164428;	1753355668.000;	         340
20250724;	164432;	1753355672.000;	         341
20250724;	164436;	1753355676.000;	         342
20250724;	164440;	1753355680.000;	         342
20250724;	164444;	1753355684.000;	         343
20250724;	164448;	1753355688.000;	         344
20250724;	164452;	1753355692.000;	         345
20250724;	164456;	1753355696.000;	         346
20250724;	164500;	1753355700.000;	         346
20250724;	164504;	1753355704.000;	         347
20250724;	164508;	1753355708.000;	         348
20250724;	164512;	1753355712.000;	         349
20250724;	164516;	1753355716.000;	         350
20250724;	164520;	1753355720.000;	         350
20250724;	164524;	1753355724.000;	         351
20250724;	164528;	1753355728.000;	         352
20250724;	164532;	1753355732.000;	         353
20250724;	164536;	1753355736.000;	         354
20250724;	164540;	1753355740.000;	         354
20250724;	164544;	1753355744.000;	         355
20250724;	164548;	1753355748.000;	         356
20250724;	164552;	1753355752.000;	         357
20250724;	164556;	1753355756.000;	         358
20250724;	164600;	1753355760.000;	         358
20250724;	164604;	1753355764.000;	         359
20250724;	164608;	1753355768.000;	         360
20250724;	164612;	1753355772.000;	         361
20250724;	164616;	1753355776.000;	         362
20250724;	164620;	1753355780.000;	         362
20250724;	164624;	1753355784.000;	         363
20250724;	164628;	1753355788.000;	         364
20250724;	164632;	1753355792.000;	         365
20250724;	164636;	1753355796.000;	         365
20250724;	164640;	1753355800.000;	         366
20250724;	164644;	1753355804.000;	         367
20250724;	164648;	1753355808.000;	         368
20250724;	164652;	1753355812.000;	         369
20250724;	164656;	1753355816.000;	         370
20250724;	164700;	1753355820.000;	         370
20250724;	164704;	1753355824.000;	         371
20250724;	164708;	1753355828.000;	         372
20250724;	164712;	1753355832.000;	         373
20250724;	164716;	1753355836.000;	         374
20250724;	164720;	1753355840.000;	         374
20250724;	164724;	1753355844.000;	         375
20250724;	164728;	1753355848.000;	         376
20250724;	164732;	1753355852.000;	         377
20250724;	164736;	1753355856.000;	         378
20250724;	164740;	1753355860.000;	         378
20250724;	164744;	1753355864.000;	         379
20250724;	164748;	1753355868.000;	         380
20250724;	164752;	1753355872.000;	         381
20250724;	164756;	1753355876.000;	         382
20250724;	164800;	1753355880.000;	         382
20250724;	164804;	1753355884.000;	         383
20250724;	164808;	1753355888.000;	         384
20250724;	164812;	1753355892.000;	         385
20250724;	164816;	1753355896.000;	         386
20250724;	164820;	1753355900.000;	         386
20250724;	164824;	1753355904.000;	         387
20250724;	164828;	1753355908.000;	         388
20250724;	164832;	1753355912.000;	         389
20250724;	164836;	1753355916.000;	         390
20250724;	164840;	1753355920.000;	         390
20250724;	164844;	1753355924.000;	         391
20250724;	164848;	1753355928.000;	         392
20250724;	164852;	1753355932.000;	         393
20250724;	164856;	1753355936.000;	         394
20250724;	164900;	1753355940.000;	         394
20250724;	164904;	1753355944.000;	         395
20250724;	164908;	1753355948.000;	         396
20250724;	164912;	1753355952.000;	         397
20250724;	164916;	1753355956.000;	         398
20250724;	164920;	1753355960.000;	         398
20250724;	164924;	1753355964.000;	         399
20250724;	164928;	1753355968.000;	         400
20250724;	164932;	1753355972.000;	        err9
20250724;	164936;	1753355976.000;	        err9
20250724;	164940;	1753355980.000;	        err9
20250724;	164944;	1753355984.000;	        err9
20250724;	164948;	1753355988.000;	        err9
20250724;	164952;	1753355992.000;	        err9
20250724;	164956;	1753355996.000;	        err9
20250724;	165000;	1753356000.000;	        err9
20250724;	165004;	1753356004.000;	        err9
20250724;	165008;	1753356008.000;	        err9
20250724;	165012;	1753356012.000;	        err9
20250724;	165016;	1753356016.000;	        err9
20250724;	165020;	1753356020.000;	        err9
20250724;	165024;	1753356024.000;	        err9
20250724;	165028;	1753356028.000;	        err9
20250724;	165032;	1753356032.000;	        err9
20250724;	165036;	1753356036.000;	        err9
20250724;	165040;	1753356040.000;	        err9
20250724;	165044;	1753356044.000;	        err9
20250724;	165048;	1753356048.000;	        err9
20250724;	165052;	1753356052.000;	        err9
20250724;	165056;	1753356056.000;	        err9
20250724;	165100;	1753356060.000;	        err9
20250724;	165104;	1753356064.000;	        err9
20250724;	165108;	1753356068.000;	        err9
20250724;	165112;	1753356072.000;	        err9
20250724;	165116;	1753356076.000;	        err9
20250724;	165120;	1753356080.000;	        err9
20250724;	165124;	1753356084.000;	        err9
20250724;	165128;	1753356088.000;	        err9
20250724;	165132;	1753356092.000;	        err9
20250724;	165136;	1753356096.000;	        err9
20250724;	165140;	1753356100.000;	        err9
20250724;	165144;	1753356104.000;	        err9
20250724;	165148;	1753356108.000;	        err9
20250724;	165152;	1753356112.000;	        err9
20250724;	165156;	1753356116.000;	        err9
20250724;	165200;	1753356120.000;	        err9
20250724;	165204;	1753356124.000;	        err9
20250724;	165208;	1753356128.000;	        err9
20250724;	165212;	1753356132.000;	        err9
20250724;	165216;	1753356136.000;	        err9
20250724;	165220;	1753356140.000;	        err9
20250724;	165224;	1753356144.000;	        err9
20250724;	165228;	1753356148.000;	        err9
20250724;	165232;	1753356152.000;	        err9
20250724;	165236;	1753356156.000;	        err9
20250724;	165240;	1753356160.000;	        err9
20250724;	165244;	1753356164.000;	        err9
20250724;	165248;	1753356168.000;	        err9
20250724;	165252;	1753356172.000;	        err9
20250724;	165256;	1753356176.000;	        err9
20250724;	165300;	1753356180.000;	        err9
20250724;	165304;	1753356184.000;	        err9
20250724;	165308;	1753356188.000;	        err9
20250724;	165312;	1753356192.000;	        err9
20250724;	165316;	1753356196.000;	        err9
20250724;	165320;	1753356200.000;	        err9
20250724;	165324;	1753356204.000;	        err9
20250724;	165328;	1753356208.000;	        err9
20250724;	165332;	1753356212.000;	        err9
20250724;	165336;	1753356216.000;	        err9
20250724;	165340;	1753356220.000;	        err9
20250724;	165344;	1753356224.000;	        err9
20250724;	165348;	1753356228.000;	        err9
20250724;	165352;	1753356232.000;	        err9
20250724;	165356;	1753356236.000;	        err9
20250724;	165400;	1753356240.000;	        err9
20250724;	165404;	1753356244.000;	        err9
20250724;	165408;	1753356248.000;	        err9
20250724;	165412;	1753356252.000;	        err9
20250724;	165416;	1753356256.000;	        err9
20250724;	165420;	1753356260.000;	        err9
20250724;	165424;	1753356264.000;	        err9
20250724;	165428;	1753356268.000;	        err9
20250724;	165432;	1753356272.000;	        err9
20250724;	165436;	1753356276.000;	        err9
20250724;	165440;	1753356280.000;	        err9
20250724;	165444;	1753356284.000;	        err9
20250724;	165448;	1753356288.000;	        err9
20250724;	165452;	1753356292.000;	        err9
20250724;	165456;	1753356296.000;	        err9
20250724;	165500;	1753356300.000;	        err9
20250724;	165504;	1753356304.000;	        err9
20250724;	165508;	1753356308.000;	        err9
20250724;	165512;	1753356312.000;	        err9
20250724;	165516;	1753356316.000;	        err9
20250724;	165520;	1753356320.000;	        err9
20250724;	165524;	1753356324.000;	        err9
20250724;	165528;	1753356328.000;	        err9
20250724;	165532;	1753356332.000;	        err9
20250724;	165536;	1753356336.000;	        err9
